mu_g,Tgran,seed,Theta,mu,mu_t,A_c,A_n,chi,f_mean,cv_f,pr_f,ncon
0.05,0.0005,1,0.00018904998910778442,0.3934114382841073,0.0010476653359242992,0.05418685932782813,0.07660106483599971,0.41493981345861275,5.690792111194282,0.8428987048852644,0.5853480670525008,11366.6
0.05,0.0005,2,0.0001958953877245509,0.3544850713829166,0.0007375609573823889,0.0413496895124419,0.0765661495245453,0.4068382137037517,6.704939537436445,0.8012847931004276,0.6099947709165222,11864.7
0.05,0.0015,1,5.977700688622754e-05,0.25640343241964186,0.0025950678232232113,0.03604874452088859,0.048554043219015366,0.1807724702635805,8.121204958760154,0.7844280501389184,0.6190754684245474,12252.8
0.05,0.0015,2,5.788036832934131e-05,0.2503929374795337,0.002663843579105999,0.03558154600837253,0.04699481872838369,0.17844077573244052,8.092116214406683,0.7794110893653907,0.6221014994936159,12261.4
0.05,0.001,1,4.139684645508981e-05,0.2682310047434882,0.003464786408203977,0.03716642270263876,0.0510889836861555,0.16212399321376358,8.200119262324453,0.7860968378053188,0.6180955784500479,12176.4
0.05,0.001,2,4.21774428263473e-05,0.27084562001242446,0.0033663026976346903,0.037086938417179506,0.05207283389689753,0.16331556221040613,8.141137248333266,0.7905598360742635,0.6154055387702717,12190.5
0.05,0.003,1,0.00011530779401197605,0.22319475246469075,0.0012713232012068173,0.03245928576079342,0.04151519158841539,0.2309470344227808,8.01880970899154,0.7728724059733189,0.6260576286622613,12388.7
0.05,0.003,2,0.00011604862517964072,0.22961817790353328,0.0013313634253134823,0.03331795224520485,0.04277765275955586,0.2325124369328586,8.008842496336797,0.7766419257191639,0.623768738221604,12389.9
0.05,0.005,1,0.00019201961802395206,0.20640473677891538,0.0007466475909566313,0.03028782125535804,0.038264874346024845,0.28219170212784495,7.979275130728065,0.7657775818970955,0.6303629698724649,12454.9
0.05,0.005,2,0.00019566267059880244,0.20618585284518529,0.0007239239452070765,0.030134575192457914,0.03835273361550322,0.28422658100381026,7.985755931945308,0.7639078469927517,0.6314954457297577,12440.1
0.05,0.008,1,0.00033386873413173654,0.2060178507973785,0.0004265037959447658,0.029430720088568552,0.03909972857668259,0.3405907085810508,7.884710956839214,0.7672194562786204,0.6294863014402188,12460.9
0.05,0.008,2,0.0003331744508383233,0.1950340784446031,0.0006081139570861644,0.028434617973596192,0.036374036043620814,0.34176320837527074,7.866294745579947,0.7638393712503082,0.6315437023527866,12451.2
0.05,0.013,1,0.0005848562969161677,0.19110736934059847,0.0003526028709165922,0.02836570076563641,0.03521922187559167,0.40293949142674573,7.903621086278375,0.750647617562303,0.6396090380526033,12406.2
0.05,0.013,2,0.000595453817245509,0.19820345020493707,0.00026988821139560943,0.030195197016820673,0.03578265578417277,0.4049375477815619,7.968104926719069,0.7575880614921922,0.6353514739967905,12390.4
0.05,0.02,1,0.0009951726581736528,0.17806040823813676,0.00039127882845413933,0.027733949295894445,0.03148909376094488,0.4601786268060173,8.046519348464363,0.7518353328821241,0.6388827011847026,12269.5
0.05,0.02,2,0.001005384446526946,0.19015224665826042,0.00029771523194344177,0.02779102796051186,0.03549381640980693,0.4610196414978428,8.039265444715209,0.7534599105369514,0.6378950808598567,12266.6
0.05,0.03,1,0.001661202131437126,0.17130809107850076,0.0003966147100694081,0.026637201598958937,0.030333290978138343,0.5157940204253891,8.100527602854918,0.7482535269302361,0.6410810361248767,12108.2
0.05,0.03,2,0.0016568444335329341,0.17298572895103628,0.00014412065867106972,0.028249869400020493,0.029364000608410247,0.5132087087280871,8.149003800635281,0.7449319308230924,0.6431264391592981,12104.7
0.05,0.05,1,0.0031165495188622758,0.16348607257517828,0.00020149613764370496,0.0280855248833154,0.02634266755922613,0.5821163688068088,8.351754562323425,0.742715898858781,0.6444873200326018,11783.4
0.05,0.05,2,0.0031345179733532937,0.16608106957217583,0.0002812401180015378,0.027072786425979916,0.0281938210069032,0.5830452618369788,8.35898086616907,0.7489779590353189,0.6406377084810957,11779.1
0.05,0.08,1,0.005665281968562874,0.1568380296041654,0.00017608187677139973,0.027808414379901735,0.024412235727521915,0.6364880612126129,8.66693793319817,0.7489877175887211,0.6406251986718718,11343.2
0.05,0.08,2,0.00569310122005988,0.16724244313668407,0.0002869299953363733,0.028619142476778898,0.027032695228541886,0.6341816517782835,8.678208649124477,0.7534339453967219,0.6378953990399643,11352.8
0.05,0.12,1,0.009406510227544912,0.15057099971978913,0.0002997500139194967,0.028305435938106537,0.02178497865134699,0.6815609830808198,9.077450209832108,0.7614064625708473,0.6330246750397801,10841.2
0.05,0.12,2,0.009373240897005988,0.1618934882856758,8.699402195192429e-05,0.03044640270720317,0.023489095356039248,0.680203875442434,9.103276837493642,0.7601028001187279,0.6338134006538091,10856.5
0.0,0.0005,1,0.00017758697423952098,0.5413387460641459,0.0,0.09996481101813336,0.08048143978817081,0.0,5.965163037246589,0.887338107864743,0.5595362921273188,10477.7
0.0,0.0005,2,0.00018465669315868263,0.5606134386015061,0.0,0.1078666836438174,0.07900446310501101,0.0,5.8641292421086675,0.8895048126941795,0.558368197030974,10249.6
0.0,0.0005,3,0.00019010293479341316,0.5287633112221715,0.0,0.09769191873585611,0.07856251918487228,0.0,5.961925400356373,0.882997621150315,0.5619482047708841,10477.0
0.0,0.0015,1,0.0002938929551497006,0.15917866485585874,0.0,0.023625676310149436,0.029433879194875657,0.0,7.743777896384754,0.7602041061065663,0.6337531806647548,12733.0
0.0,0.0015,2,0.00030080037038922157,0.1671960509069957,0.0,0.024786195845871776,0.03094582149334422,0.0,7.753120495976555,0.7635302185186846,0.6317269206535766,12733.5
0.0,0.0015,3,0.0002929801802694611,0.1596250005586211,0.0,0.023922949409408097,0.0292853853203426,0.0,7.724194846675009,0.7646734042747692,0.6310482333029847,12713.9
0.0,0.001,1,0.00023624378937125748,0.16096904238346188,0.0,0.023684880560015307,0.029971466205762475,0.0,7.706997510446946,0.7667525106051348,0.6297672556539239,12762.7
0.0,0.001,2,0.0002364077639520958,0.1598603747538986,0.0,0.024018507763043474,0.02926828264521671,0.0,7.71851896196227,0.766902475415959,0.6296759362158705,12734.6
0.0,0.001,3,0.0002394671207784431,0.160663804549436,0.0,0.022745878348010413,0.030808723823157365,0.0,7.746447567201,0.7607627229369026,0.6334252069889105,12759.6
0.0,0.003,1,0.00046343277071856287,0.1552901208189295,0.0,0.022812472507652937,0.028950903759596004,0.0,7.791408460358174,0.7553563574181815,0.6367218928362189,12635.1
0.0,0.003,2,0.00046977457059880237,0.15851749712738217,0.0,0.02386822826588957,0.028970936759761496,0.0,7.783431125305635,0.7585982012347792,0.6347434212956345,12664.9
0.0,0.003,3,0.0004673180883233533,0.15741482420536343,0.0,0.02506054156006989,0.027411065775396093,0.0,7.771168482240059,0.7537246896153118,0.6377244892050917,12627.3
0.0,0.005,1,0.0007083070791616766,0.15807738606312358,0.0,0.023972536278507445,0.028719927939203443,0.0,7.818005072165593,0.7532492443359093,0.6380176886295394,12513.8
0.0,0.005,2,0.0007055806651497005,0.1602901342347546,0.0,0.02433514576859353,0.029094899190493184,0.0,7.835431123596932,0.7513671483688527,0.6391632706241009,12553.9
0.0,0.005,3,0.0007047925331437126,0.16084732769354035,0.0,0.024896274452348398,0.028719499888185784,0.0,7.850773009596442,0.7592059341884925,0.634368747347498,12565.8
0.0,0.008,1,0.0010588711288023953,0.15949426269102104,0.0,0.02411546315359977,0.02904929180603218,0.0,7.899044585643894,0.751332458353505,0.6391897128934634,12423.6
0.0,0.008,2,0.001058243704491018,0.1533525412412801,0.0,0.024462689707107684,0.026654825830563788,0.0,7.9548186895581114,0.7453480071971175,0.642868333408601,12413.1
0.0,0.008,3,0.0010585972179041915,0.1565830789692924,0.0,0.02560742176422857,0.026586937896552067,0.0,7.923979397582353,0.7496010219923794,0.6402515413773427,12421.3
0.0,0.013,1,0.001641535751497006,0.1580663154531834,0.0,0.024593046882616328,0.02809572368621984,0.0,7.9970319336797235,0.7495993985950351,0.6402580869119489,12234.0
0.0,0.013,2,0.0016461742766467064,0.14340763338519752,0.0,0.02322061509035695,0.024581928911239132,0.0,8.086669665022631,0.7421524951939794,0.6448376272272487,12251.0
0.0,0.013,3,0.0016512804068862274,0.1572891567719636,0.0,0.02470517365061671,0.027724546865091026,0.0,8.008528331536876,0.7503032386771405,0.6398282169722013,12238.3
0.0,0.02,1,0.0024683047715568862,0.15376239133502648,0.0,0.026182223593530878,0.025071905829536934,0.0,8.12803689988562,0.7424755755823789,0.644639853857913,12035.7
0.0,0.02,2,0.0024712654350299403,0.15094706245356246,0.0,0.0250899237550829,0.02522576341013885,0.0,8.193950198329848,0.7445613324901402,0.6433583934099972,12061.5
0.0,0.02,3,0.0024722134640718565,0.14903101991379614,0.0,0.023388186939821323,0.02628881983119997,0.0,8.185741450676307,0.746059560326257,0.6424367979708038,12031.2
0.0,0.03,1,0.0036790147781437118,0.14650553160775118,0.0,0.02510489346945289,0.02373028534472625,0.0,8.293109120982196,0.7435425774364189,0.6439949023880631,11799.4
0.0,0.03,2,0.0036559650026946108,0.1482152529303002,0.0,0.024747952359848262,0.02465713160509983,0.0,8.332483113118048,0.7459220897772519,0.6425186160758936,11823.4
0.0,0.03,3,0.003659337029041917,0.1513500383249689,0.0,0.026331647092711748,0.02411836539098759,0.0,8.340787622775716,0.7454276234809241,0.6428181349493278,11814.9
0.0,0.05,1,0.006064347408982036,0.14027478267905877,0.0,0.026034857641420613,0.020723403246926887,0.0,8.613188442900901,0.7502947544406176,0.6398241548859872,11442.9
0.0,0.05,2,0.006104969171257485,0.1382385423077665,0.0,0.025094800964483,0.020984712287035998,0.0,8.66444348084093,0.7461825099335602,0.6423646392500549,11423.7
0.0,0.05,3,0.006072543987724551,0.14691395081569833,0.0,0.02611104710136828,0.02286026761789557,0.0,8.656585321585766,0.7477914623427215,0.641364785077484,11406.4
0.0,0.08,1,0.009831678582934133,0.14327119324854223,0.0,0.026670489188214734,0.021086576184216232,0.0,9.011096708426736,0.762330088712857,0.6324629795697772,10930.2
0.0,0.08,2,0.009850672511377246,0.14574166136727454,0.0,0.02691714389964664,0.021663410513616362,0.0,8.993063898200948,0.7566558328245307,0.6359275506882052,10904.5
0.0,0.08,3,0.009850789600000001,0.13646723444570083,0.0,0.026626526023970358,0.01886255072594594,0.0,8.953705956867228,0.7590803953176903,0.6344461677265998,10917.0
0.0,0.12,1,0.015032898002994014,0.13483413417861712,0.0,0.027371355585283252,0.017573355488695246,0.0,9.490962092964306,0.7727182188904241,0.6261508363828466,10385.7
0.0,0.12,2,0.015069973901197605,0.1375363011798002,0.0,0.02665085964208061,0.01919457414150385,0.0,9.405115979667475,0.7756286354287347,0.624386348376789,10424.7
0.0,0.12,3,0.015069464562874252,0.13589410229976367,0.0,0.02620489448808818,0.019093138025618427,0.0,9.446085918336129,0.7721411487731404,0.6264930787773932,10419.0
0.0,0.2,1,0.02599273312275449,0.11563108314137611,0.0,0.02529166522292583,0.01325202707451301,0.0,10.177899697426628,0.8063030176776073,0.6060345470508348,9585.0
0.0,0.2,2,0.02615117640419162,0.1198634033443577,0.0,0.026429106949042585,0.013525362824883147,0.0,10.15440554128708,0.8049225318779417,0.6068457970522798,9533.5
0.0,0.2,3,0.026042767895209585,0.12523253288754377,0.0,0.027131664829864344,0.01461251060881466,0.0,10.261623914182174,0.8026472133630118,0.6081962152184162,9563.8
0.0,0.3,1,0.04087971859281437,0.11179960560248547,0.0,0.024976936629987883,0.012289598717750979,0.0,11.053624403279304,0.835385549159487,0.5889770256048974,8763.0
0.0,0.3,2,0.04071735210778443,0.11279345021206458,0.0,0.023170954402609252,0.014426865312042078,0.0,11.142608441080899,0.8382306287229193,0.5873387196103429,8811.3
0.0,0.3,3,0.04074518835628743,0.11495901523937872,0.0,0.02556164651502892,0.012758026659657473,0.0,11.060661708884101,0.8412415909654589,0.5856023811359445,8790.1
0.0,0.5,1,0.07266736395209582,0.09944580109640294,0.0,0.024070161397521543,0.009078437963113384,0.0,12.80652708676855,0.889290713290136,0.5584146308558233,7678.9
0.0,0.5,2,0.07273614215269462,0.10120503045353128,0.0,0.024839131245643287,0.008895877089767839,0.0,12.724981430112535,0.8922739731457974,0.5567637925392066,7703.1
0.0,0.5,3,0.07293967339820359,0.09987302405637954,0.0,0.023489608868547802,0.009801400632092753,0.0,12.804618918659191,0.8865119875140772,0.5599630888174743,7680.9
0.15,0.0005,1,3.198865403293413e-05,0.45497596558877695,0.018105198801854596,0.05860558498366988,0.08701800400373168,0.06752827883724774,7.968184971398593,0.840783432285232,0.5861550383814873,11080.9
0.15,0.0005,2,0.00015018434722455088,0.4382839469754593,0.014808034085234636,0.059221984265772645,0.0819366540850091,0.13185329450525002,6.324507007188806,0.870236445377673,0.5696710825837679,10722.0
0.15,0.0015,1,6.690623151796407e-05,0.40856321154181596,0.022816360313190103,0.052747522364316624,0.0758347619218054,0.07540663176886521,9.151840562297206,0.8472020224319918,0.5821871191904173,11121.7
0.15,0.0015,2,6.79454562754491e-05,0.40317437318123134,0.022106433846776706,0.05061874926941144,0.07640389748154364,0.0772048165383834,8.920066474966404,0.8496962969124381,0.5807497978224145,11112.1
0.15,0.001,1,4.880055841017964e-05,0.41566459231567476,0.02357157483138792,0.052571563319641836,0.07812610947614515,0.07665129224086478,9.15225888641211,0.8529937733735332,0.5788776004232028,11017.5
0.15,0.001,2,5.033252883233533e-05,0.4132656017239268,0.023473889897305138,0.053405687106439316,0.07652488329244016,0.07641996629499903,9.084831765759889,0.84775175776106,0.5818501736324796,10973.9
0.15,0.003,1,0.00012589551829341318,0.3843340475741285,0.01643428687041687,0.0485778883242439,0.07405536479542238,0.08952955258675477,8.842748560651248,0.8489181477980156,0.5811826814464287,11293.0
0.15,0.003,2,0.0001261959980239521,0.37175709008897645,0.01603029133473212,0.04720955615345217,0.07136604197503069,0.08781588715245256,8.783975314155539,0.841040087139319,0.5857365135686331,11278.6
0.15,0.005,1,0.00018671544260479041,0.3552510453147763,0.012571807799821023,0.046740550448713405,0.0674858628001637,0.09967610958883229,8.748719419792648,0.8197331167631363,0.5981143501569347,11504.6
0.15,0.005,2,0.0001901644275748503,0.34031450469512814,0.012154942102065705,0.04356834546555325,0.06581817498190175,0.10463836779301994,8.57739430620193,0.8216127873281447,0.5970009562193895,11491.2
0.15,0.008,1,0.00028378699344311375,0.3214487058844846,0.008039704737166623,0.042462039301759166,0.062007629069366944,0.12238917839858487,8.443955915339899,0.8045275079491419,0.6071018777513014,11661.4
0.15,0.008,2,0.0002858385303892216,0.31483648681927767,0.008643110585621585,0.04186525733464249,0.060199201530004166,0.12306251992916972,8.520880458924204,0.8102669841174979,0.603686028180882,11676.1
0.15,0.013,1,0.0004293658124251496,0.2808420776713137,0.004779753349847438,0.03801491266374206,0.05400586210319249,0.14936090093835416,8.396831912876246,0.786678208864928,0.617726561537278,11887.7
0.15,0.013,2,0.00042445138745508983,0.29230898848689646,0.004318175461078353,0.04058780722562651,0.05540913046810003,0.15096935759471616,8.414129945220514,0.7935993836944001,0.6135914422549582,11904.8
0.15,0.02,1,0.0006684710319461078,0.2550458412306337,0.0025586005217935596,0.03622655823048286,0.047935855890199094,0.1855791725371026,8.23729042967045,0.7732788919522197,0.625803887171918,11959.5
0.15,0.02,2,0.0006399876229041916,0.2539936635017794,0.0028376853802953637,0.03624758774895566,0.047471070988155284,0.1840463999416903,8.260406645614692,0.7728759341729371,0.626045594720329,12000.9
0.15,0.03,1,0.000987602659760479,0.23147979861564388,0.0015730131849755135,0.03434136296172143,0.04229423272017384,0.22175980179761384,8.223722146209152,0.7580585835040448,0.6350702669874937,11995.8
0.15,0.03,2,0.001005112913982036,0.22830057414066784,0.0018480392534616342,0.03300111622153816,0.04248306307815216,0.22491705022728806,8.247127367322829,0.764385706354825,0.6312124980105441,12020.6
0.15,0.05,1,0.0017618757101796406,0.2071063116995028,0.001058297951584547,0.03227441100308283,0.03640825971341166,0.28071828752070066,8.309475308939378,0.7577994180211017,0.6352283032119052,11902.0
0.15,0.05,2,0.0017735656733532934,0.20973242394095237,0.0009623012516935959,0.033467807901124996,0.03612223421165688,0.2788863787758052,8.340153487896195,0.7539629765573514,0.6375774302403062,11911.0
0.15,0.08,1,0.003186458166766467,0.1898466453373264,0.0010544510054392505,0.03201975545858065,0.030910976236501846,0.33853121776314227,8.478285837247686,0.7506683529964999,0.639595172383881,11608.1
0.15,0.08,2,0.0032268891101796403,0.18567515403811155,0.0006673445207469707,0.029202726347681906,0.032466543249689825,0.33861413745742597,8.520919492376397,0.754499500472129,0.6372574678037249,11615.8
0.15,0.12,1,0.005373152710778444,0.1725479322282129,0.0007187784252816666,0.031130509675254298,0.02614587471668251,0.3893176870323317,8.787749599040607,0.7560947253261292,0.6362683305640019,11234.1
0.15,0.12,2,0.005363725219161676,0.17570373470847406,0.0006934164505403888,0.031608352070836246,0.02672842138262279,0.3866780797444374,8.803185969363549,0.7525675321245475,0.6384295528538467,11237.3
0.1,0.0005,1,0.00028514689488023953,0.39544740707552706,0.005431415799245347,0.050690903182190314,0.07931442820706794,0.21366900885834778,6.607587205262975,0.8286499892339959,0.5938195456745934,11455.6
0.1,0.0005,2,0.00016718557702095812,0.45930710094383836,0.005395189979825779,0.06920234975079943,0.08210161951256348,0.2112556065678842,5.738512252386556,0.8788687188854031,0.5642452281233996,10833.5
0.1,0.0015,1,6.248387744011975e-05,0.3426523365733483,0.010988384472989735,0.0472950960011513,0.06325955427943247,0.09891461592746513,8.59457111357526,0.8091833394116644,0.6043307724644096,11627.9
0.1,0.0015,2,5.997963718862275e-05,0.34605400942925046,0.01102467394970376,0.04589915794469675,0.06577728624923188,0.09878032219709496,8.580293778517916,0.8158495852188489,0.6004018538768663,11669.5
0.1,0.001,1,4.1974123113772454e-05,0.35015248348534206,0.012102941001516676,0.047142389516425305,0.06554079129249457,0.09720910656334206,8.622865708624524,0.8116379850849904,0.6028772216250491,11552.9
0.1,0.001,2,4.3408896116766466e-05,0.3508209489197296,0.012814072275401397,0.044236676223227404,0.06843228263582321,0.09765486189616154,8.674612156001135,0.8294547003024991,0.5924304334912389,11543.8
0.1,0.003,1,0.00011303789440419161,0.31974426165804165,0.007085655932769519,0.04290215989397088,0.061317375703866264,0.12334056394320558,8.477647558326293,0.8053181038340613,0.606610191336133,11830.7
0.1,0.003,2,0.00011266307669461077,0.30762964528053605,0.007291117058438465,0.04130994782658082,0.05880289568023191,0.12052699572054186,8.457783417805363,0.7979427681116688,0.6109996704721573,11841.2
0.1,0.005,1,0.00017777013017964072,0.2873725551763092,0.004760724890375542,0.03903338055752066,0.05517055966237403,0.14989318041789945,8.325112321168584,0.791874588962702,0.6146094874976421,11956.5
0.1,0.005,2,0.00017903880332335327,0.283330330646717,0.0048009233275339664,0.03876171986401025,0.054081416881234134,0.1476575249955415,8.28897729131021,0.7894091069992977,0.6160839582170226,11968.7
0.1,0.008,1,0.000275814266257485,0.2561625083863452,0.00252124768145296,0.035379862126174895,0.04916722336980723,0.18222763917186388,8.153555406882642,0.7755622888647272,0.624422221162353,12092.4
0.1,0.008,2,0.0002750864691916168,0.25460631399659206,0.0029561130615482025,0.036922632881586995,0.046960769802757735,0.17809564533060704,8.294742542416573,0.7761247781086023,0.6240917951415946,12119.7
0.1,0.013,1,0.0004406431907784432,0.23233601139315266,0.0018863952940870042,0.03298901515550079,0.043827523274629396,0.22558483374143642,8.092311179393132,0.7680759896027418,0.6289619521947544,12229.9
0.1,0.013,2,0.00044759057931137734,0.2306174343556986,0.0016630671559608138,0.03397084908229099,0.042347272427689854,0.22163880447340797,8.208264259412385,0.7688504005043452,0.6285096668940576,12193.1
0.1,0.02,1,0.0007124552591616767,0.2194636580631666,0.0012574565262505556,0.03295272034524167,0.03978268031400734,0.26863927265047705,8.103864568173222,0.7555200151922843,0.636623368238401,12193.1
0.1,0.02,2,0.0007182978114371257,0.2156878102512901,0.0009544870464488516,0.031534304686930074,0.04004347250284468,0.2706716223485769,8.135793706683009,0.760114017133961,0.6338168037568012,12185.8
0.1,0.03,1,0.0011560090062874252,0.19363280490360094,0.0008107224488422074,0.029706580479884375,0.03456744595846854,0.3231393551796146,8.125109357523533,0.7528060245347886,0.6382871485358044,12117.0
0.1,0.03,2,0.001156208655988024,0.19606708434417772,0.0004600317254125251,0.029564736378527762,0.03563761420031927,0.32295573679960166,8.1793369935282,0.7548423817072827,0.637036807652494,12124.6
0.1,0.05,1,0.0021736989008982036,0.18750230806193036,0.0005324132805720342,0.029978750837058855,0.03234454952135475,0.39006082272452147,8.279736180510971,0.7494146819046288,0.6403669442510749,11900.3
0.1,0.05,2,0.0021543380386227543,0.17519096517157345,0.00035638139293431813,0.02871589204332038,0.029562302625815273,0.3876929539028641,8.289715524035474,0.7464744540224945,0.6421729165080732,11948.1
0.1,0.08,1,0.004017440397305389,0.1674441355583092,0.00025591240409386304,0.028424043968526824,0.02730536327835494,0.4499338478936621,8.480461156199121,0.7510478165292465,0.6393618792367977,11530.8
0.1,0.08,2,0.003997348501497007,0.1766654792294838,0.00037352363559276923,0.029866823041492307,0.02889716146284525,0.44883722805142307,8.55322731287546,0.7511630091283038,0.6392935051168048,11533.2
0.1,0.12,1,0.006766835840419162,0.1653526507642436,0.0004998585424440478,0.029827555448715633,0.025123374773943018,0.4999312312900878,8.901542218810647,0.7554554310846027,0.6366573055606878,11102.9
0.1,0.12,2,0.006825958865568862,0.16521578905217021,0.0005266579679551641,0.030182808258522386,0.02471356867116965,0.49915933449992567,8.90068420391038,0.755095299828924,0.6368795110641238,11059.5
0.2,0.0005,1,3.865121046706587e-05,0.4962563953039938,0.027020195257928026,0.06407751994175923,0.09233454723941378,0.09939259260561976,7.591542540203983,0.8977001391241481,0.5544902564311969,10471.7
0.2,0.0005,2,3.865947356586827e-05,0.47733357744168725,0.022505138105808904,0.06692707795658201,0.0846824017145911,0.11149258796074699,6.655840759632758,0.9127344686551959,0.5455618231448358,10157.3
0.2,0.0015,1,7.956240325149701e-05,0.4577361177031028,0.03188953429710952,0.054965507636198244,0.08698335345695637,0.06602560161512565,9.299536902786334,0.8742627988701713,0.56680260359886,10609.4
0.2,0.0015,2,7.738843576646707e-05,0.45347477695235916,0.03198365744012089,0.057470982979346406,0.08302605472756922,0.06847205769407455,9.409754532257862,0.8690842052990309,0.5697440217194132,10599.7
0.2,0.001,1,5.3163414955089826e-05,0.46627333363607154,0.035994569640640454,0.05835142909031911,0.08507482609243827,0.06619383065463688,9.512943188360328,0.8666712305072053,0.5710981611201122,10551.3
0.2,0.001,2,5.646941875748503e-05,0.4489044623586943,0.03618743816620875,0.05547084594685061,0.08210149424043385,0.06695969649517958,9.561530688975278,0.874306050667057,0.5668001801137541,10517.5
0.2,0.003,1,0.00013689026772455092,0.4297446393317463,0.026549198024158754,0.05355125749680891,0.08084722293735658,0.07219124321401646,9.179529843843612,0.8626905013956152,0.5733278956225514,10828.6
0.2,0.003,2,0.00013838118068862276,0.426614452030243,0.027050647356791985,0.05080041174418357,0.08238752221389994,0.07363771248745402,9.316181113182363,0.8711117107902991,0.5685869423314478,10807.3
0.2,0.005,1,0.000213095884251497,0.40649755323081393,0.021727066373644223,0.05185852774896801,0.07639830082526776,0.08289917355805083,9.101270821398387,0.8536166659226166,0.578512896176041,10995.2
0.2,0.005,2,0.00020962309221556888,0.40053437787312457,0.021511074634417583,0.0515064264249264,0.0748346742031408,0.0809486562045735,9.085706651820995,0.8455632987189622,0.5831247787860578,11034.8
0.2,0.008,1,0.0003069560560179641,0.37794178617088303,0.01614478369375367,0.04889388235980167,0.07170512018646837,0.09616234495236224,8.762025525839118,0.8334445621460655,0.5901237009896049,11251.9
0.2,0.008,2,0.0003025439993413174,0.3731552141313947,0.016353424892860173,0.0481586623206953,0.0707752670521921,0.0950735512125114,8.955183311519104,0.8372002714428005,0.5879521222855679,11268.8
0.2,0.013,1,0.00045330620032934133,0.35313468880171756,0.010502990752299653,0.0479980199218003,0.06621254580191807,0.1146700360071384,8.659916110853867,0.8189957795806887,0.5985613472293186,11502.5
0.2,0.013,2,0.00045772793323353294,0.33760370712518006,0.010781099517517384,0.04440715826656971,0.06453371119128706,0.11511433688708259,8.63605852850812,0.8145698550842921,0.6011530176252919,11493.4
0.2,0.02,1,0.0006454485498502994,0.30196667799471133,0.0065445413931765435,0.041108672096247564,0.057365375009144084,0.14004393532190793,8.549208563490144,0.8003657235036931,0.6095525378438535,11699.8
0.2,0.02,2,0.0006657784126946108,0.30355673975163444,0.006722208146930611,0.041886720168142065,0.05705812421353444,0.1359003172889797,8.59244572645918,0.792666387316673,0.6141461792141771,11659.7
0.2,0.03,1,0.000950585335,0.26973819689722933,0.0038316828187251566,0.03934875023072082,0.04928675426600222,0.1676858737586467,8.438146640686735,0.7761972886920765,0.6240577510854711,11822.3
0.2,0.03,2,0.0009435377967365268,0.26715675650935433,0.003667010976691019,0.03937432865856637,0.04845558484633115,0.16646459370512987,8.451320857852767,0.7713675519342549,0.6269682111146319,11815.6
0.2,0.05,1,0.0016409285326347306,0.23352917790732555,0.002196933742132922,0.0346276494967918,0.04248309857840817,0.2168350892366319,8.33246515050664,0.7610931581134552,0.6332185987249445,11825.7
0.2,0.05,2,0.0016257982910179642,0.2327451426771434,0.001710453126740149,0.03542086945319183,0.0415906928680931,0.21311956554877395,8.38190398123394,0.757250039594861,0.6355593016589683,11820.9
0.2,0.08,1,0.002833843603892216,0.2071103691613827,0.0009863334101863418,0.03388450902381553,0.03482350228639725,0.266595117327803,8.456932717025063,0.7548185380821485,0.6370527195158366,11636.4
0.2,0.08,2,0.0027935366440119762,0.20770860404991964,0.0012561853250130062,0.03381990479481719,0.03499756678655329,0.26327731460473747,8.52558389892911,0.7582797609737167,0.6349365621780199,11647.2
0.2,0.12,1,0.004665834999401198,0.19767035266052194,0.0007214474078584103,0.03464003381293975,0.031009602421278266,0.31193811639450214,8.665417799070118,0.7574556694377133,0.6354543107077274,11296.3
0.2,0.12,2,0.0046831276952095805,0.18904541410590756,0.001362852569672886,0.03269739381906625,0.029863459331150567,0.3145829538344594,8.694393184878075,0.7508228357973054,0.6395066562123056,11316.2
0.3,0.0005,1,0.00010019622325748504,0.5358941807650199,0.0474455342770131,0.06835046071706469,0.09446575531211732,0.08472823655918829,8.529989957438577,0.9168014621269434,0.5435203860149878,9748.3
0.3,0.0005,2,7.565337294910179e-05,0.5048510897612163,0.036012695897371466,0.05808760163684466,0.09819186197441734,0.035386898018683055,10.0581775087547,0.8570418170000578,0.5768348649332189,10237.4
0.3,0.0015,1,9.329342985029941e-05,0.5143700286078263,0.051038907252002254,0.06488740156020181,0.0895563061575331,0.05314526308392601,10.187979722951999,0.8912625240069071,0.557322231249782,9851.1
0.3,0.0015,2,9.218607135628742e-05,0.5076781765316204,0.051090393898653885,0.06269963701875432,0.08949629248627886,0.05315561066484901,10.343687887433626,0.9002792621695359,0.5523679679370982,9892.2
0.3,0.001,1,6.754900794011977e-05,0.5242223195433747,0.053079202835311354,0.06514806444680782,0.09189964085285778,0.054617877609470344,10.346708538095854,0.8856073018742171,0.5604658509802849,9807.7
0.3,0.001,2,7.198735069760479e-05,0.5075503400298595,0.053047344206371375,0.06345589579134313,0.08804510432606297,0.05539865617755478,10.433365563086301,0.8901100997759828,0.5579868451106988,9683.1
0.3,0.003,1,0.00016767661449101795,0.4890833697717924,0.0471154382578846,0.05972590575085039,0.08759673792247127,0.05646861630786652,10.016827486151334,0.8901163830008999,0.5580161656021716,10079.6
0.3,0.003,2,0.00017396984215568866,0.49534818614177584,0.045118039233719,0.06026386291416469,0.08981285314087646,0.05923665893484774,10.033943976709459,0.8987262007044178,0.5531962363869368,10039.5
0.3,0.005,1,0.00024758245889221556,0.47112280024022707,0.039416886643670906,0.057678697986059346,0.0862232721750923,0.06317328962338561,9.741304695655272,0.8884113663077379,0.5589108780860763,10270.6
0.3,0.005,2,0.00024365174511976046,0.46666140009472157,0.03973474675048129,0.05681028887048016,0.08549859402480227,0.06270609991722144,9.710404586593933,0.8923477259901109,0.5567505179254536,10288.1
0.3,0.008,1,0.0003626934544011976,0.44270449516094246,0.03414802359170005,0.05403094192702128,0.08215454675420872,0.07033939446948204,9.432866128497825,0.8759345801874622,0.5658823164758469,10519.6
0.3,0.008,2,0.0003756238039820359,0.4449499568007259,0.033028566175502226,0.05494303220233905,0.08236409884032543,0.07344389008135756,9.583144978494516,0.888509210118411,0.5588585280373678,10473.8
0.3,0.013,1,0.0005276291430838323,0.4131255876689324,0.024885599638481096,0.05221490044388263,0.07719842823296957,0.0827787108701391,9.280808017897945,0.8692146520949542,0.5696486354966913,10794.7
0.3,0.013,2,0.0005198430899700599,0.41493283457439023,0.025478912961172263,0.05344052939814732,0.07637744519958108,0.08297808312462038,9.277465909508834,0.8686919038334977,0.5699455014152036,10788.1
0.3,0.02,1,0.00073449495751497,0.3866585806786363,0.018367942976568085,0.05050453077765613,0.07225901523527355,0.09674473549699136,9.009315522151152,0.8458386781500515,0.582963584623674,11044.6
0.3,0.02,2,0.0007370109808982037,0.3750616888182649,0.019375660516655235,0.049239725391470736,0.06932228531146079,0.09754885818060222,9.079312791464758,0.8420101426604191,0.5851751826967647,11042.1
0.3,0.03,1,0.0010100710326946107,0.3351019350925498,0.011608583932134145,0.04573817585835541,0.06209293965188132,0.1151067284239361,8.845608555706264,0.8214347940467139,0.59711235076323,11297.6
0.3,0.03,2,0.0010252188981736527,0.33779496287882504,0.011264176888037374,0.04676389316256936,0.062079701538445956,0.11511586068744246,8.847144814146892,0.8208911530283782,0.5974470175666318,11247.7
0.3,0.05,1,0.001617126144011976,0.2789815132057405,0.006113744830858438,0.04078016636003785,0.050175756724010666,0.14434152657826252,8.67809640784704,0.7872841415336803,0.6173596892163965,11481.3
0.3,0.05,2,0.0015879897059880238,0.28708683857731965,0.005118925252009348,0.04144432555078695,0.052544980589618664,0.14558040651910845,8.661490724314982,0.7838905999918799,0.6194094692354998,11497.2
0.3,0.08,1,0.002497010274550898,0.234675705878649,0.0031339857600103703,0.03716046426336859,0.04002010837062263,0.18156460696072876,8.538703992577119,0.766989001106202,0.6296239235868761,11516.3
0.3,0.08,2,0.0025240373311377247,0.25162098628454765,0.0027236589007372304,0.039849292558495376,0.043116484736048635,0.1778106599742902,8.664643423603453,0.7659849734621409,0.6302303823109588,11530.3
0.3,0.12,1,0.003922098186826347,0.22022172654219468,0.0023087618177763678,0.037249468546931605,0.03538818643827483,0.21712764829005882,8.73242960207152,0.7614428983076078,0.6330017981475867,11348.1
0.3,0.12,2,0.004009953077245509,0.2208243493289464,0.001596731084291917,0.0357568318715618,0.03731903897770657,0.2182537740207336,8.77797682517714,0.7629291271066696,0.6321002459264891,11314.0
0.4,0.0005,1,4.5578969661676646e-05,0.5574367653836736,0.058023965505025046,0.0667612991336016,0.09970963381028883,0.03144049154855105,10.89724069979203,0.8848588052744484,0.561110529014276,9569.7
0.4,0.0005,2,7.366129452095809e-05,0.6065068128156912,0.07089182190414531,0.07761849684718541,0.1009198358882697,0.04976287076956413,11.306927912500836,0.8995437664554388,0.5528966077707617,9350.8
0.4,0.0015,1,0.0001165608723053892,0.542089564915082,0.06868454188000511,0.06548535507262446,0.09231631697319695,0.0473910341352255,10.819878869874506,0.9048766330238258,0.5498552548163669,9233.7
0.4,0.0015,2,0.00011554281173652694,0.5366837221392639,0.06513874264768511,0.06612991579120577,0.09105174454584683,0.0471026900680622,11.11493951920112,0.9020637115330856,0.551374024651584,9213.3
0.4,0.001,1,8.092318500598804e-05,0.5446510300173375,0.07065408158061896,0.0683340218574129,0.08966495960122921,0.04738901735787268,11.001117160709525,0.8902759843958972,0.5578745971471226,9184.3
0.4,0.001,2,8.420736235329341e-05,0.5397380397102415,0.06588148898746957,0.06651611564823663,0.09143606747870055,0.049833991294644685,11.10615746679007,0.8863716025792077,0.5600427585417433,9134.9
0.4,0.003,1,0.0001907111861976048,0.5247030140409312,0.060169802765716984,0.06505896417840898,0.0897854406033502,0.04716123273552951,10.854160147858208,0.9034163198651648,0.5506590609785877,9496.2
0.4,0.003,2,0.00020252716164670658,0.526696529486377,0.058795528808559996,0.06350151948127607,0.09246548314734274,0.04780295205826578,10.792346421606634,0.9031313105449834,0.5507915354671169,9453.6
0.4,0.005,1,0.0002802558606886228,0.5148233587766001,0.052018617313710304,0.06268971657830043,0.09157853061757563,0.0523644383979555,10.359163614971433,0.907867484673328,0.5481971173684232,9753.5
0.4,0.005,2,0.0002910066122155689,0.5113108312879111,0.05588669488793271,0.06213070761249971,0.08967733974930367,0.05294824096262331,10.568520315662358,0.9080041161442262,0.5481249970119046,9700.7
0.4,0.008,1,0.00043673728251497,0.48851523530837204,0.0468521107036982,0.05948774927874213,0.08773329097233952,0.06103265081133328,10.23127415051944,0.9147874417652828,0.5444680753936917,9862.0
0.4,0.008,2,0.0004252619282335329,0.493149498190384,0.048667068392496,0.060621585982689595,0.0875392238197413,0.05795426477918507,10.211007245679369,0.903453476635922,0.5506251678429022,9901.3
0.4,0.013,1,0.000579869155508982,0.4586315504520118,0.039482990827992656,0.055622343555463326,0.08409384228999879,0.06910770685652468,9.689557438950414,0.8940191009786972,0.5558050294286238,10222.2
0.4,0.013,2,0.0006084221384131737,0.4703036982213882,0.04104200136612178,0.057310772814806565,0.0857764583539312,0.06861250878522063,9.873824711199457,0.900811949889107,0.5520808970993643,10159.8
0.4,0.02,1,0.0008154486124251495,0.4452296407697376,0.03192254339734747,0.05398833604921718,0.08378069742363937,0.0781342665757534,9.52567497356857,0.8848082585999941,0.5609113858177656,10505.5
0.4,0.02,2,0.0008336212775149701,0.43788858800208236,0.03110029543814786,0.05461537395076519,0.08098072495150203,0.07828985710777712,9.651196676473186,0.8848695782318308,0.5608925790723414,10461.9
0.4,0.03,1,0.0011181734309580838,0.386509442150658,0.022150373021926135,0.0502753163382378,0.07117770629551787,0.09072526844158786,9.283838774931697,0.8593207366403369,0.5752510843002265,10758.9
0.4,0.03,2,0.0011044278946107785,0.39874251433300134,0.022330963381416352,0.05183141220950539,0.07363910632996948,0.08859948053238498,9.323119588452762,0.8467690677810777,0.5824231711008309,10789.0
0.4,0.05,1,0.0016321352700598803,0.3386412260467934,0.01269864906840686,0.04650765799866162,0.06213986706977069,0.10922744415197624,8.991168791895838,0.8113604347434291,0.6030355067317363,11104.7
0.4,0.05,2,0.001650575559580838,0.3383737504165453,0.011817312135132565,0.04687235567155193,0.06197978897128591,0.10840146529844226,8.984802968209475,0.815380598776563,0.6006736239600903,11131.8
0.4,0.08,1,0.002459295745508982,0.28248753510570346,0.006701957574462933,0.0414673831900935,0.05046114054161106,0.1346845911134795,8.81019437196659,0.7805222918177526,0.6214291346270512,11323.8
0.4,0.08,2,0.00250746249251497,0.28702855945041117,0.00568800523640122,0.042557809218152956,0.051222376777964505,0.13502453632499842,8.787533898704835,0.7821497326391318,0.6204445395412915,11281.3
0.4,0.12,1,0.003761866830239521,0.2480534245860963,0.003769705235310192,0.03819351284431048,0.04323439563246029,0.16614344713788987,8.790522883428483,0.7724150807619646,0.6263306484269948,11233.9
0.4,0.12,2,0.0037403465467065865,0.2514007825544457,0.004437071169755346,0.03968542186446984,0.04263581486556159,0.1653717530602527,8.801727850202697,0.7720472918371686,0.6265514953304344,11235.1
0.5,0.0005,1,5.1003910248502996e-05,0.5694978965890838,0.08235732968400564,0.07087124667821673,0.09150894220175779,0.0487891728263697,11.707647421601006,0.884662819282863,0.5610600573531628,8686.8
0.5,0.0005,2,6.177572017365268e-05,0.5896242748633242,0.08276004969529836,0.07373548816386336,0.0952192537632289,0.045117589734907135,11.535809793269527,0.8884849751290138,0.5589251243496904,8844.2
0.5,0.0015,1,0.00012797153428143712,0.560644711912462,0.07425222852074662,0.06934740961213336,0.09278342012944917,0.039412274554255965,11.46313600054105,0.8876350796760807,0.5593397525394234,8843.2
0.5,0.0015,2,0.00012953405194610779,0.5561802912277283,0.07614761963903956,0.06932877452875891,0.09068211910375532,0.04095307727852899,11.476981301601574,0.88127409880216,0.5628708262218207,8806.7
0.5,0.001,1,9.423064763772455e-05,0.5412490774972165,0.07582579059563346,0.06937969185169388,0.08576140444991516,0.04101807510162876,11.922875749599813,0.8811429691092834,0.5629560743356755,8687.5
0.5,0.001,2,9.38484901467066e-05,0.5509599568342903,0.07619061394499566,0.06876627613629448,0.08949017078456996,0.04194999316890796,11.57359764824362,0.885876832261441,0.5603234651306904,8737.7
0.5,0.003,1,0.0002241832713772455,0.5373987878987407,0.07178288898307107,0.06812693086138191,0.08707837127410573,0.04021617677419845,11.232804673602782,0.888707181048861,0.5587577725096464,9016.9
0.5,0.003,2,0.00022476381233532938,0.5355676267323279,0.06678406298309422,0.06551093389149976,0.090750251593851,0.04230225101625838,11.176155324466418,0.9017583976513341,0.5515571300638782,9005.6
0.5,0.005,1,0.0003364564707185629,0.5167200529114104,0.06479411771625704,0.06350489735037672,0.0871370802118784,0.04594290168435106,10.919513776739096,0.9064193371723969,0.548996445707301,9228.2
0.5,0.005,2,0.00032654900341317364,0.5313443197435204,0.06328147588292336,0.06357871144257128,0.092442237436571,0.0486177220034536,10.839554856190492,0.9224120649209981,0.5403214288700797,9213.5
0.5,0.008,1,0.0004797452184431138,0.5087681818732478,0.059016813928457236,0.06177817500642287,0.08813894839576356,0.05043217874868955,10.745777437285037,0.922795576816271,0.5401247141244816,9457.1
0.5,0.008,2,0.0004856273584131737,0.5286608481455846,0.05863584719656402,0.0637563515709679,0.09291864613537784,0.0513524517236431,10.723780721906808,0.92782672343265,0.5374523899545853,9431.4
0.5,0.013,1,0.0006658334835029939,0.4928346337292206,0.05234755128926473,0.05940838473538386,0.0874206415215646,0.058537244205394155,10.31252417764573,0.9131894825886043,0.5453243860655269,9731.6
0.5,0.013,2,0.0006886923481137724,0.5077577352473488,0.050560229102056084,0.06293164167058582,0.08946752665040811,0.05938384582874183,10.338607941511038,0.9239099400762333,0.5395412657018174,9686.1
0.5,0.02,1,0.0009129111452994012,0.46037936492624176,0.04319605322741901,0.05780153117319148,0.08125957309499682,0.06804972227956362,9.988905963077945,0.9120833806265237,0.5458982468490947,10034.5
0.5,0.02,2,0.0009048285012574851,0.47124298782611723,0.04131053573248822,0.059471226012744696,0.08383959207573859,0.06557656562551112,10.035401193332053,0.9029285522341558,0.550918184924915,10008.5
0.5,0.03,1,0.0012097886314371257,0.4338140906112783,0.03220100085036004,0.05426146551665123,0.07960956556675883,0.07493262172295265,9.630121275975117,0.8836756119425015,0.5615434274505224,10329.0
0.5,0.03,2,0.0012334123646706586,0.4476768648359055,0.03329154120269205,0.058119628440955216,0.08000881091151281,0.07582586264042364,9.721530956198208,0.8894361085928871,0.5583424353232848,10287.1
0.5,0.05,1,0.001746996334730539,0.38934682263623444,0.021424636956944205,0.051936539825178964,0.07070418854787766,0.08971572652334867,9.40782362404855,0.8399314696463474,0.5863516629676983,10707.5
0.5,0.05,2,0.0017829451116766469,0.37391700047227544,0.01980155945034871,0.049061637479963345,0.06897684350373336,0.09119816612003746,9.257432069280204,0.8486774356402164,0.5813282677029035,10737.8
0.5,0.08,1,0.002557001652994012,0.3283546678206909,0.009391234838950853,0.047357560103510055,0.0589635852674407,0.10762432488021545,9.088234030805712,0.8032211637190254,0.6078876213812797,11004.2
0.5,0.08,2,0.0025904108841317366,0.33101482787374337,0.011415474592411434,0.0471094110831657,0.059423707067612574,0.10698463159092617,9.171538572516033,0.8100102876468626,0.6038394107032419,10993.0
0.5,0.12,1,0.003692395051197605,0.27274311879370416,0.004303016801435126,0.04200144324994688,0.047478590863956824,0.1317772118721193,8.890963250583267,0.784042957102224,0.6193091933595898,11102.5
0.5,0.12,2,0.0037253454706586827,0.2727827708145091,0.006136200261718749,0.04292652760613609,0.0459556624910744,0.13151156401616618,9.01717717449605,0.7846544981152662,0.6189401484544976,11082.8
0.6,0.0005,1,6.001038173952096e-05,0.5675400901755888,0.08791086981824493,0.07256950901363202,0.08730690075131789,0.039552065757006746,12.096994093796557,0.8749309354340593,0.5664672309319336,8357.3
0.6,0.0005,2,6.0801805170658685e-05,0.5600851342110647,0.08246264466222913,0.07187315379793771,0.08733434213756644,0.040720232749626835,12.243510533802509,0.8822365390987059,0.5623689713350316,8308.6
0.6,0.0015,1,0.00014530884356287426,0.5525973521088463,0.08509263504217755,0.0685228806794717,0.0873120211447681,0.03639263562855695,11.875739827182105,0.8906815045589749,0.5576500162553955,8481.2
0.6,0.0015,2,0.0001426857810778443,0.5613351778250494,0.08285465092987991,0.07022855002627017,0.08926495764413533,0.0351990705095744,12.06194481447162,0.8885785839472152,0.5588174544830329,8491.8
0.6,0.001,1,0.00010635561744011975,0.5675838753690818,0.08379895244672828,0.07356923683037855,0.0876924072238678,0.03709484443578866,11.98864655007402,0.873475665578517,0.5672776144649954,8376.1
0.6,0.001,2,0.00010489059966766467,0.5636606069957915,0.08294408023331826,0.07174270626473836,0.08849613557921886,0.03673556471259022,12.007381104735707,0.8888151061915519,0.5586843261808342,8395.9
0.6,0.003,1,0.00024966029047904193,0.5522739386740328,0.07854612038308692,0.06939825531561314,0.08851101832785697,0.03634984358898605,11.871118198158658,0.9124961938807585,0.5456992213768419,8658.0
0.6,0.003,2,0.00025193540673652695,0.5546444493636952,0.07617458940208824,0.07014087501015212,0.08934908047027809,0.037249452990600736,11.69907687328508,0.9016110960832895,0.5516261192166939,8667.4
0.6,0.005,1,0.0003748292218263473,0.5400847048316286,0.07242211633271786,0.06711696246418392,0.08877056719006468,0.040814373127366785,11.476517132877053,0.9064019445341179,0.5490283565092542,8842.8
0.6,0.005,2,0.0003709931941916168,0.545027766017743,0.07347544545933493,0.06847736212278614,0.08870674505329604,0.0393562542564883,11.335879148801855,0.8977099474126934,0.5537936270193125,8860.5
0.6,0.008,1,0.0005282871344011976,0.5340211281929741,0.0687592782952489,0.06629443872313077,0.08879284242573582,0.044653471570129916,11.27913582389294,0.924954491646289,0.5389422517131824,9041.9
0.6,0.008,2,0.0005190366016467066,0.5379794532696469,0.06750713753712635,0.06537571071468361,0.0914483946585026,0.04558105694481,11.03483559137796,0.9234535414350965,0.5397930751201057,9082.8
0.6,0.013,1,0.0007368162583832336,0.5078028319088513,0.05830769859878447,0.0628115016206516,0.08702020827123427,0.05206901460203123,10.791367307159486,0.9116544061345889,0.546150705323952,9334.0
0.6,0.013,2,0.0007641731407185629,0.5109561444145212,0.061090487700415655,0.062386980276049955,0.08756823784956978,0.05121659025151439,10.865621527791143,0.9183937212473149,0.5425729379904389,9305.6
0.6,0.02,1,0.0009836679072155689,0.488328459702268,0.050218875843262734,0.06157012327907392,0.08446640323099171,0.05771584306119214,10.37281148775985,0.9153780203950003,0.5441358989644324,9660.4
0.6,0.02,2,0.00097979459742515,0.4914080414234722,0.052701960660359704,0.06004858072902153,0.08618677922705817,0.057133653196195344,10.383718624088537,0.9118148831148456,0.5460577110479037,9698.8
0.6,0.03,1,0.0013221461958083831,0.46626000386972966,0.04091556615562162,0.056486006431394176,0.08529547397504642,0.0663962016622134,9.981688684074552,0.9150514674921097,0.5442886753515899,9976.5
0.6,0.03,2,0.0013507201712574849,0.4642584001027264,0.042329733472825634,0.05766858234314716,0.08297430631662857,0.06546639978248692,10.074473375966273,0.906365070578713,0.5490394216068685,9938.4
0.6,0.05,1,0.0018715258080838325,0.41595818485263303,0.029355903667177264,0.05299724223085657,0.07587018566313614,0.07650638264946949,9.689332961248146,0.8745419558964189,0.5666674733615613,10379.8
0.6,0.05,2,0.0018973731308383234,0.4199768877123745,0.02751206295046906,0.053391996974924916,0.07742961306507903,0.077943962523033,9.563654988482797,0.8787325910515357,0.5642979784976712,10381.0
0.6,0.08,1,0.0026555887419161678,0.3549161403571818,0.014875367387131086,0.047283796112147364,0.06606312729861903,0.09104639591840286,9.310563665599437,0.8273369401514794,0.5936642039577762,10751.7
0.6,0.08,2,0.0026897679383233535,0.3510169446995594,0.015858658151162167,0.04909812177106206,0.0626213045179957,0.09080719791605837,9.304829152841146,0.8262262863942077,0.5943223085320962,10698.4
0.6,0.12,1,0.0037689772862275453,0.29863173252034936,0.008060690073452037,0.046482142023512515,0.050374873483421734,0.11136138447260638,9.037044612691755,0.7930738908446195,0.6139036967621173,10895.4
0.6,0.12,2,0.003772034073952096,0.30695815627882495,0.00856703854421134,0.046312975689852084,0.053150730941060584,0.10974070832090624,9.137830551787253,0.7941001801340005,0.6132866117549708,10935.8
1.0,0.0005,1,8.496855866766468e-05,0.5923747482402315,0.10821672587374942,0.07541634416496783,0.08596966335888558,0.022932634781072346,13.193973023560272,0.8656998452377829,0.571631977572971,7779.0
1.0,0.0005,2,8.696558218562874e-05,0.5562252771622839,0.09724929629649628,0.0723504361281719,0.08064155778268625,0.02081781202877286,13.297596199815667,0.8544589439146577,0.5780105246831969,7774.7
1.0,0.0015,1,0.0001940766889221557,0.5790999912715444,0.09947210162149675,0.07191712379785486,0.0879588384416696,0.018852951370081337,13.031610999306528,0.87164122001978,0.5682969545125929,7839.0
1.0,0.0015,2,0.00018708557886227544,0.5728279191701601,0.09991897535544156,0.07256560321438467,0.08507071134381414,0.021739355250182092,12.962284499796578,0.8693603088333214,0.5695751889532759,7898.1
1.0,0.001,1,0.00014025971461077843,0.5705880644187997,0.10206549384478239,0.07347937723863364,0.08269481595567216,0.021295603160647675,13.154420473403055,0.8671519345586571,0.5708349283158667,7832.2
1.0,0.001,2,0.0001426778469760479,0.5768600631452615,0.10171453463034756,0.07288609152878414,0.0854957527691762,0.022647464244096978,13.239931452184218,0.8794989361650712,0.5638921390563885,7802.0
1.0,0.003,1,0.0003198690899101797,0.5953844280749905,0.09482317742664038,0.07589532799546087,0.09095842578775792,0.02267262012967407,12.638987191727017,0.8841526450296596,0.561314709163645,8010.2
1.0,0.003,2,0.00032515373520958083,0.5647372052418163,0.08970734691556452,0.07452283913183823,0.08382044654530722,0.022996045240574702,12.811006143460892,0.8822194150117099,0.5623921944286459,7958.7
1.0,0.005,1,0.0004717179768562874,0.5695186241768098,0.09629692141416694,0.07033267764080468,0.08740789017027922,0.02556102805632013,12.567295030200324,0.9037183264857802,0.5505122697513609,8102.7
1.0,0.005,2,0.0004776469739820359,0.5666648596157564,0.08773639794121052,0.07085374906379066,0.08878907228960684,0.025662772411955782,12.572410132661293,0.8997827917596577,0.5526716985756431,8075.0
1.0,0.008,1,0.0006620765089520958,0.5589966068422434,0.08833113350596292,0.06856967234012415,0.08831881921857465,0.02859232202776298,12.354192371782958,0.9047603540745113,0.5499074909021465,8278.1
1.0,0.008,2,0.0006776818131137725,0.5602424312536476,0.08507510197159143,0.06927679340103836,0.08911231510878233,0.029842950751587816,12.191446822978858,0.925681058325895,0.5385942133693871,8277.1
1.0,0.013,1,0.000911290034041916,0.5568578839417782,0.0826009765159135,0.06843336537128455,0.08965227083513343,0.03241132063490364,11.713240952328494,0.9181420965899129,0.5426431151496037,8569.4
1.0,0.013,2,0.0009316749227844312,0.5532487020538545,0.08439509410126192,0.06764522084669453,0.08863931584571183,0.03403352618290385,11.860543598827629,0.9321894421016861,0.5351056656740514,8508.3
1.0,0.02,1,0.0012068446335329341,0.5253037021357854,0.07182925542432035,0.06477913783514985,0.08637901101460806,0.03782841303508302,11.398042083402576,0.9288344176041774,0.536862330851496,8810.2
1.0,0.02,2,0.0012505418155688624,0.5159628959786665,0.07475612771776416,0.06286258028467323,0.08420634319328131,0.03884525968549822,11.416464111874513,0.9351184964814976,0.5335045110940014,8760.7
1.0,0.03,1,0.0016325985691616766,0.516476697987444,0.061375426768691496,0.06289771061107992,0.08880271295732942,0.043913963678318076,11.098100843873379,0.9490255694692499,0.5261743992392318,9086.1
1.0,0.03,2,0.0016151247053892218,0.5086172883620911,0.06615106076878939,0.06219620456369936,0.08529253812325663,0.04375354363680449,11.20047528495397,0.9357810997079923,0.5331659680787987,9071.4
1.0,0.05,1,0.002310796083233533,0.47820469452082826,0.05265594505109071,0.06040318896955791,0.0814463936447418,0.05105480287257776,10.538345965704435,0.9116783540001162,0.5461132306834499,9495.5
1.0,0.05,2,0.0022660449233532936,0.48760657219233705,0.05229438021749526,0.061477399793898255,0.08362666260175995,0.04943994161969609,10.599313771034865,0.9101905061270221,0.5469286605347696,9518.3
1.0,0.08,1,0.0031107232703592815,0.4343647717233122,0.03408093448751377,0.05691048294548454,0.07651746170494239,0.05901602248016512,10.087370993322462,0.8790569619017733,0.5641498115583509,9931.4
1.0,0.08,2,0.003103389447305389,0.42574948435853066,0.03696510008489611,0.05538131099607232,0.07421348446301722,0.06014308025991878,10.063232776401387,0.882985317527052,0.5619304433286166,9912.3
1.0,0.12,1,0.004100889028143712,0.3712572199861844,0.02193125639714707,0.051724742148984745,0.0647172448715777,0.06672756620130561,9.701389451365191,0.8358130466422349,0.588748814210569,10292.1
1.0,0.12,2,0.004141854673952096,0.37814184470276757,0.02235837206791238,0.05405735855820082,0.06453713307840808,0.06705829907404862,9.832260910571264,0.8408055509620803,0.5858649048455997,10229.4
