mu_g,Tgran,seed,mu,a_c,a_n,a_t,f_mean,cv_f,pr_f,ncon,chi,E
0.1,0.0005,1,0.5301839410592132,0.7720542203468759,0.28805823956241494,0.00025542881706342515,10.697689008837735,0.7717862013416686,0.6278369204096522,6009.25,0.2923867701984244,10000.0
0.1,0.0005,2,0.578717905409458,0.88064746712386,0.27488571308338416,0.0019026200437963514,9.224494569397429,0.7884670558111246,0.6174653247835037,5500.0,0.28668438644785676,10000.0
0.1,0.0015,1,0.18520266892857112,0.10519949190313034,0.2538094019167472,0.011396452251326208,8.575852420299045,0.6884152316013857,0.6784721006924213,8590.25,0.044764359668120465,10000.0
0.1,0.0015,2,0.18201182614430214,0.10642756910145894,0.24651687014022225,0.011079208104928278,8.482646625770686,0.6880890449226971,0.678675554716438,8589.42857142857,0.048152773488603674,10000.0
0.1,0.001,1,0.18279922127559492,0.08524750244996888,0.27361246418251617,0.006738479825311903,10.228592537276624,0.6430267026929342,0.7074782012370734,8733.285714285714,0.021983067758427677,10000.0
0.1,0.001,2,0.2510766696318003,0.1457711350819147,0.34777294288237276,0.00860926559621784,6.896054693108636,0.7646677560756372,0.6310430531334459,8178.285714285715,0.07405703585664174,10000.0
0.1,0.003,1,0.17404117577891834,0.1007428903343033,0.23831187377873134,0.009027581753440662,8.495584938645413,0.6912982866424434,0.6766421037274855,8671.42857142857,0.052303699989653826,10000.0
0.1,0.003,2,0.17020644351761713,0.09545558289507096,0.23664339278947735,0.008313912040695886,8.423212224030255,0.6904801796872527,0.6771678360141185,8654.714285714286,0.052853854337638104,10000.0
0.1,0.005,1,0.1514846081999835,0.08752510593136784,0.20922557831088776,0.006218528556817556,8.398297013594037,0.684405799710307,0.6810135444673391,8728.285714285714,0.06217880996252815,10000.0
0.1,0.005,2,0.15520220238304056,0.09088701652767292,0.21361431160022337,0.005903075051566338,8.389783666792301,0.6801721104405047,0.6837092658507442,8750.714285714286,0.06304577495347806,10000.0
0.1,0.008,1,0.1460950015615708,0.08442750571736388,0.2035207530875911,0.004241744386737826,8.249924691028495,0.6725268962930072,0.6885710862393414,8815.0,0.07352660434408695,10000.0
0.1,0.008,2,0.14286036810749284,0.07994296893668063,0.20098658843806538,0.004791182577427339,8.354520690333985,0.675510264096146,0.6866680899373063,8764.875,0.07635870227543977,10000.0
0.1,0.013,1,0.12996617700846852,0.07660688147154673,0.18040893003677763,0.00291654782975087,8.254211256127112,0.6648105759559156,0.6935017518748484,8853.0,0.0939809312142202,10000.0
0.1,0.013,2,0.1304361090077464,0.07484844047726366,0.18435022256028458,0.001673557665163272,8.296591808276336,0.6671913316974736,0.6919766633150608,8842.142857142857,0.0929118829950997,10000.0
0.1,0.02,1,0.12097947812881027,0.0695271832889353,0.1709251153614705,0.0015066641920676645,8.208957580665643,0.6648314417832294,0.693484878005346,8898.0,0.11661688199988668,10000.0
0.1,0.02,2,0.11510843016104341,0.06214050541892767,0.16635548134451852,0.001720882559247437,8.214956539466831,0.6656651163212902,0.6929530844461925,8889.57142857143,0.11959709998084585,10000.0
0.1,0.03,1,0.10796554642121173,0.06277921204481526,0.15256811726182065,0.0005837497023561441,8.261789547591437,0.6644077079272184,0.6937573776101087,8896.0,0.1417169965887644,10000.0
0.1,0.03,2,0.1097699198973423,0.06851754200439343,0.14967763542547038,0.0013446605058352282,8.219147173895275,0.6633862437417848,0.6944106157836387,8879.57142857143,0.14553981102882574,10000.0
0.3,0.0005,1,0.47702977980594524,0.6659075606443816,0.2921524964494319,-0.004000495261779382,13.149879908359422,0.7476816739949503,0.6425400551919649,6477.285714285715,0.08431929608129662,10000.0
0.3,0.0005,2,0.7280493809025381,1.2349198166470619,0.2180030284356435,0.0031759263114280543,6.557723183240636,0.82098036765204,0.5975262473437087,3904.75,0.09121288839817868,10000.0
0.3,0.0015,1,0.26585745130009747,0.16110665146579564,0.3196091702317264,0.05099907614723986,9.505676402565191,0.7505086092913898,0.6397021161519907,7854.285714285715,0.024051698040881652,10000.0
0.3,0.0015,2,0.26157296414183445,0.16195124689767917,0.3093175529355155,0.05187712910713517,9.370831264092203,0.7416023573599022,0.6451836360723934,7854.857142857143,0.02453863300749096,10000.0
0.3,0.001,1,0.26415583484131666,0.15529213886820917,0.31961613501289865,0.05340339441325425,9.450741049678777,0.745423018296334,0.6428209952333069,7784.857142857143,0.02519999752966697,10000.0
0.3,0.001,2,0.26598548517106196,0.16246196342976585,0.3149211814311578,0.054587831520881355,9.516423377589891,0.7474173423892745,0.6416040073819217,7823.285714285715,0.025540155980932004,10000.0
0.3,0.003,1,0.255875076880307,0.15032550911089124,0.3143199657101555,0.04710467605175749,9.366718846376896,0.73942902235376,0.6465362082128393,7892.0,0.024255172828540526,10000.0
0.3,0.003,2,0.25890066543322304,0.15591015238144343,0.3153179155932719,0.04657325948331365,9.36046196534994,0.7390681271179712,0.6467484770301742,7880.428571428572,0.023890149121572193,10000.0
0.3,0.005,1,0.24882672126736835,0.14941555438553467,0.3060236996028585,0.04221419578562861,9.31612460439005,0.7412917457598015,0.6453801239534709,7946.571428571428,0.025545811957169352,10000.0
0.3,0.005,2,0.2420861022146335,0.1448121727329695,0.2973343704184482,0.042025659083581315,9.26270984783093,0.7403993358668709,0.6459261670988125,7972.125,0.025335729665282865,10000.0
0.3,0.008,1,0.24502415147939124,0.14208322747243163,0.31169388408100707,0.036271187807436746,9.08541809652658,0.7450694786584906,0.6430467126312567,8051.125,0.029744117062727574,10000.0
0.3,0.008,2,0.24056710870731188,0.14096172102969856,0.3027256921820743,0.03744680014544821,9.299471460380229,0.7427221434334145,0.6444958110264504,8042.125,0.029364091602800846,10000.0
0.3,0.013,1,0.22727819080043657,0.13156317110243235,0.2902900071895299,0.03270318528893521,8.993431453081287,0.7366303751490472,0.6482664151278054,8146.428571428572,0.03397040011664997,10000.0
0.3,0.013,2,0.21845007284525306,0.12578236481046728,0.2814082333784618,0.029709549615996294,9.034687284040814,0.7261697820795548,0.6547487901360977,8118.285714285715,0.03399950353804453,10000.0
0.3,0.02,1,0.21193459611655283,0.12416143414780789,0.2742424494749985,0.025465310618790676,8.89630849014885,0.7244349686700039,0.6558494005130892,8243.857142857143,0.03954644464784952,10000.0
0.3,0.02,2,0.20614765362676613,0.11904626717712499,0.26887041646820103,0.024378615520892745,8.919954102202164,0.7220014384507403,0.6573515307128819,8256.125,0.03922782107107628,10000.0
0.3,0.03,1,0.19338497995113307,0.11344632905660063,0.2554706702439237,0.017852960446242867,8.765400176904743,0.7086559174540473,0.6657048839709689,8348.875,0.04679766472737114,10000.0
0.3,0.03,2,0.19689661621669102,0.11467251249164083,0.260581551964784,0.018539176576374435,8.841412855169741,0.7116743171045172,0.6638040369733123,8338.42857142857,0.04804198211008618,10000.0
1.0,0.0005,1,0.4447876952355899,0.5659254216965525,0.32477806141243226,-0.001128083039705071,13.231891601735878,0.7371196985841234,0.6488417218205883,6990.714285714285,0.00600574705998265,10000.0
1.0,0.0005,2,0.5052341217326523,0.6859642208328235,0.3225185125642792,0.0019855128507616335,11.05888134419831,0.765632780108997,0.631199107759877,6375.125,0.006887228088243085,10000.0
1.0,0.0015,1,0.2843532966348655,0.1732474424698702,0.27423784744235347,0.12122130404121297,11.135204233848638,0.7465807782677549,0.6421299702814606,6844.125,0.009793176229773399,10000.0
1.0,0.0015,2,0.27246390064884973,0.17111894880087392,0.25433186223816595,0.11947698866321842,11.302000889898176,0.7390350057841044,0.646769000800139,6783.625,0.008090563224228216,10000.0
1.0,0.001,1,0.28268677897417677,0.17596526213672276,0.27067911318297,0.11872918158082521,11.284885311468226,0.7446908341901899,0.6432966449162945,6803.625,0.008693289392758628,10000.0
1.0,0.001,2,0.29662109557747446,0.18398942220894937,0.28332849469007704,0.1259242858001759,11.133211437530242,0.7496178920161289,0.6402424738818122,6844.75,0.008677613040160457,10000.0
1.0,0.003,1,0.281505688991838,0.17460939269866838,0.2718210090295785,0.11658098113944268,11.063010750956423,0.7479768226644767,0.6412597145708137,6884.375,0.008751898767579586,10000.0
1.0,0.003,2,0.2725474093329797,0.1675316206112127,0.2650333538706042,0.11252984358704045,11.23293401445363,0.741913434987774,0.6449998692709255,6860.125,0.00956385497679317,10000.0
1.0,0.005,1,0.2767241782400076,0.1813322956677596,0.26411686530849504,0.1079991910670343,10.944356733052448,0.7430405137992924,0.6442962838042143,6925.75,0.00943803300773629,10000.0
1.0,0.005,2,0.2762893908454996,0.1700802296321921,0.2704820645261208,0.11201648931485567,11.09219129017477,0.745675895678565,0.642668516320543,6900.5,0.009184457646126392,10000.0
1.0,0.008,1,0.26987850218776716,0.17172076126258834,0.27053068317873447,0.09750555541659325,10.946574066503162,0.7479024135474089,0.6412947836493386,6968.625,0.010083601272762492,10000.0
1.0,0.008,2,0.2688935815094318,0.1715943397424294,0.2657679654683995,0.10042485870187917,10.862862545865799,0.7488990743017255,0.6406915429596368,6980.125,0.01122902071961771,10000.0
1.0,0.013,1,0.27901648753016495,0.1748950512417065,0.2818175110789174,0.10132041196216574,10.63491534591402,0.7647316899020665,0.6310405399063332,7093.5,0.012441289619231414,10000.0
1.0,0.013,2,0.26292544394633954,0.16742115637949562,0.2651499444721671,0.09327978712422308,10.708868173267968,0.7614811493026573,0.6329756538791119,7054.375,0.012193030358684652,10000.0
1.0,0.02,1,0.26300724112269863,0.1577585774047412,0.279455600384542,0.08880029023115393,10.51073810374739,0.7694617759715132,0.6281324259425635,7162.75,0.01454067451833876,10000.0
1.0,0.02,2,0.2597182867411164,0.16015978720022775,0.2723067912652338,0.08696999288082034,10.612205579812557,0.7568361095216524,0.6358244275635583,7141.285714285715,0.014061279713853025,10000.0
1.0,0.03,1,0.2659271448830414,0.16442852053394025,0.2869326852618409,0.08049308363123933,10.358630841572806,0.7669845056146454,0.6296425209997798,7259.5,0.01780149476702851,10000.0
1.0,0.03,2,0.26229289045329734,0.17127743794334743,0.27681450067203545,0.07649383546681734,10.563733286628404,0.7565536521505749,0.6359992237023446,7240.0,0.016832948364087236,10000.0
0.1,0.0005,1,0.19220010615722502,0.08118772157789386,0.3042913179708648,-0.00107883101125235,13.55472598772582,0.6833560694315672,0.681762834816825,8091.4,0.023940318137279773,100000.0
0.1,0.0005,2,0.4963265475697015,0.6308283072451689,0.3562350113950907,0.0055897761507063895,7.547279023709619,0.8373959979730511,0.5888168274690663,5697.333333333333,0.09933198749382752,100000.0
0.1,0.0015,1,0.1896332129088689,0.14232354794517782,0.2276680664065162,0.009274810396655548,9.524874334316076,0.7172335271525928,0.6603279304410263,7781.6,0.06820416233192114,100000.0
0.1,0.0015,2,0.18992096591993193,0.14227591962340544,0.22821129810066948,0.009354709815305482,9.547074245153798,0.7134633966606381,0.6626955520826154,7770.45,0.06673839315993765,100000.0
0.1,0.001,1,0.19805791760974373,0.15191299116865756,0.23379613560244436,0.010406708486505992,9.584694758055688,0.7151362606613177,0.6616404059992045,7734.2,0.0660846683913723,100000.0
0.1,0.001,2,0.19647041225842005,0.1546114470941167,0.2279780953465357,0.010351281002936263,9.629266785235131,0.718260539007552,0.6596830582192141,7756.0,0.06518212020589276,100000.0
0.1,0.003,1,0.17284067896517635,0.13775258759319708,0.20141476074479897,0.006514017809873066,9.459422511858293,0.7054597017026365,0.6677102229956317,7843.25,0.07796462952676557,100000.0
0.1,0.003,2,0.17083365938551404,0.13221490106861317,0.20269638177274846,0.006756032598999565,9.539445087876128,0.7085388044447309,0.6657728538831484,7850.15,0.0772757196030461,100000.0
0.1,0.005,1,0.16005331743583037,0.1202703471424933,0.19567411661663542,0.004162171783435788,9.4679556837047,0.7042861897056502,0.6684656016565517,7906.0,0.09238769512175121,100000.0
0.1,0.005,2,0.15739929790952273,0.12309288149882842,0.18716289142067366,0.004542822934638984,9.36369224477276,0.698723547504294,0.6719564793108245,7891.0,0.09242678220272157,100000.0
0.1,0.008,1,0.1451516502432847,0.11005710046481335,0.1771858593604646,0.003060336967997441,9.335580994225356,0.6930036164066509,0.675568747291907,7925.8,0.10997656842735512,100000.0
0.1,0.008,2,0.14381102641930893,0.1088441989317916,0.1753202749375111,0.0034575813156506674,9.437409515663688,0.6890756165450382,0.6780568992469089,7942.5,0.10789225342920686,100000.0
0.1,0.013,1,0.13598108394242764,0.10667564670962677,0.1630706787165426,0.0022158425136340042,9.310932735665299,0.6865906667243198,0.6796305953902878,7943.1,0.13768384542133597,100000.0
0.1,0.013,2,0.1319877594146584,0.10188345655851265,0.16000115161196152,0.0020909143774943085,9.34575406615646,0.6937999164434132,0.6750677993595497,7936.4,0.13651740755714645,100000.0
0.1,0.02,1,0.12784579975343668,0.10462757708980122,0.14998228023515048,0.0010817435663286149,9.348512403442811,0.6865552250549377,0.6796531603247807,7942.85,0.1654796475367061,100000.0
0.1,0.02,2,0.1270795679303584,0.09981283914568875,0.15306920020830114,0.001277101959723335,9.360264666883449,0.6853343519545194,0.6804246164189875,7928.95,0.16544998491896531,100000.0
0.1,0.03,1,0.12064951937045557,0.10299076143432584,0.13685091777466427,0.0014573554241637259,9.418894986484808,0.6807115396290719,0.6833634946208726,7882.45,0.1962069998288508,100000.0
0.1,0.03,2,0.11614267073265874,0.09518041066803089,0.13570136337230496,0.0014035631513866114,9.401139157142312,0.6817839051326665,0.6826806335308271,7869.4,0.19526226652028317,100000.0
0.3,0.0005,1,0.19816627030976228,0.08038151456436392,0.31766280504048583,-0.0017117738706836402,14.66572276811921,0.6763741419930743,0.6861406508986011,8003.65,0.007195924349796798,100000.0
0.3,0.0005,2,0.2458582579209324,0.14798502136321873,0.34414006416132575,-0.00040856374023666073,13.776545800290627,0.7020947043861613,0.6704728476142627,7739.526315789473,0.010278377398413065,100000.0
0.3,0.0015,1,0.26255327451168453,0.19722874990345718,0.2881905112012752,0.0396872836486869,10.797033016827596,0.76918310735453,0.6283055991465215,6953.5,0.0356565626795606,100000.0
0.3,0.0015,2,0.25982816419957194,0.20420602155058648,0.2761566629490334,0.03929364316002669,10.917696990683828,0.7581401586654509,0.6350344576230808,6974.35,0.03420706394812588,100000.0
0.3,0.001,1,0.271638849775296,0.20910453146913363,0.2898349591115911,0.04433820641770982,10.936533233807076,0.7611107104818926,0.6332143144025236,6922.4,0.03635082344382755,100000.0
0.3,0.001,2,0.2657871054160049,0.20413824714581943,0.28215622756855907,0.04527973980399407,10.947215417795082,0.7550273841124278,0.6369372484004178,6937.4,0.035017210840551996,100000.0
0.3,0.003,1,0.25465940749220584,0.18943336271657216,0.2822116732026021,0.03767377305746969,10.68901947927006,0.7626630606794426,0.6322602020752309,7060.15,0.03556898237192535,100000.0
0.3,0.003,2,0.2555369337043637,0.19577481823740375,0.2788018089621949,0.03649724094034607,10.705087188325551,0.7560592203722208,0.6363156304473945,7052.2,0.03442778179384313,100000.0
0.3,0.005,1,0.24230589438074412,0.1835718212969774,0.2684823585378634,0.03255760268394058,10.540040619869545,0.7578487629929677,0.6352230272342537,7134.3,0.0378496255996217,100000.0
0.3,0.005,2,0.2469387553787628,0.1915673853249405,0.2699483647436361,0.032361758851418586,10.55592743650989,0.7551450050905701,0.6368607839072588,7132.95,0.037858042932657036,100000.0
0.3,0.008,1,0.23268326304727865,0.18027047753154363,0.25863832171752094,0.02645773065798699,10.48327258919137,0.7452194676908085,0.6429479882390076,7209.45,0.042347840882632916,100000.0
0.3,0.008,2,0.23471947305019464,0.17966999439736042,0.2623515109368991,0.02741744166405554,10.33387973547487,0.7510998546614907,0.6393489178643692,7219.75,0.042665919948044105,100000.0
0.3,0.013,1,0.22531682119881896,0.17504899490019868,0.2539339736133897,0.02165067091160121,10.158748963425376,0.7370844681038295,0.6479751883111928,7362.55,0.049226494170570366,100000.0
0.3,0.013,2,0.22104781065929355,0.1698119408225293,0.25048062952865374,0.021803051655526116,10.230983066016867,0.7493297373958356,0.6404273886860943,7346.75,0.05030650675908421,100000.0
0.3,0.02,1,0.20373559090210805,0.16094528619205903,0.23033465732096897,0.01619123564828817,10.076226891524028,0.7315392999880218,0.6514247064558625,7450.15,0.0574367785805438,100000.0
0.3,0.02,2,0.205722044675414,0.15810424858073335,0.23647080282191854,0.016869033907578126,10.088110010358685,0.7323011501112723,0.6509432349629038,7433.55,0.05874055153559021,100000.0
0.3,0.03,1,0.18575559826596338,0.1444910328547509,0.21578131835685882,0.011238846379108465,9.898532109235912,0.7172935763902026,0.6602973330775211,7507.3,0.07053340514558448,100000.0
0.3,0.03,2,0.1848990319241251,0.14698009141390983,0.2121251265721519,0.01069284331920018,9.93121240976497,0.7158351792862891,0.6612039160326015,7511.75,0.06840184483461745,100000.0
1.0,0.0005,1,0.5378832083830167,0.6747909154440065,0.3814681705646126,0.01950733242610044,7.719139466336674,0.8645357976045156,0.5726952194333031,5369.857142857143,0.01151383109141801,100000.0
1.0,0.0005,2,0.20128246031154556,0.09390579372042711,0.3091144669921398,-0.0004553375285669633,14.681914734382454,0.6894720097657859,0.6778189671266488,7811.35,0.0023346764487240873,100000.0
1.0,0.0015,1,0.2849053513442602,0.2279654134376096,0.24929098817721465,0.09255429917045795,12.984976079836798,0.7451399958342805,0.6430171420289263,5941.5,0.010651023834582458,100000.0
1.0,0.0015,2,0.2855085522175567,0.23111379431217838,0.2417764600613849,0.09812685315515998,13.154546585991735,0.7370025297385123,0.6480411768518561,5963.65,0.010733816253895825,100000.0
1.0,0.001,1,0.28490886878548294,0.23175699215414589,0.2397729882469069,0.09828775863010678,12.98960260305031,0.735960543239527,0.6486859781237222,5944.15,0.010830518454084483,100000.0
1.0,0.001,2,0.2710074278077935,0.21746845330119502,0.23636134843668302,0.08818505489735638,12.962710135770985,0.7346662164153182,0.6495007583687289,5929.6,0.011051339744185646,100000.0
1.0,0.003,1,0.27540504938051724,0.2179746468584966,0.24563007838646705,0.08720537936859227,12.577846357933748,0.7600076484267039,0.6338938178937986,5998.05,0.011821429579335335,100000.0
1.0,0.003,2,0.2863123924347673,0.22885197151140796,0.25301342052809134,0.09075939484901521,12.84458434209677,0.7456357670857473,0.6427033090245493,6004.8,0.011023921318321741,100000.0
1.0,0.005,1,0.2762834824424624,0.22335108332487447,0.2481110414528517,0.08110484201415664,12.861065290197905,0.7494207519086753,0.6403835840304433,6056.35,0.012796761556162994,100000.0
1.0,0.005,2,0.2827937425826957,0.22660488386994831,0.25296414574299514,0.0860184602712332,12.714499593053443,0.7495233171879696,0.6403058108803756,6060.9,0.01244959053639419,100000.0
1.0,0.008,1,0.2741293981765589,0.22040847707023792,0.2560270522610132,0.07182326266668113,12.627233504586242,0.7611593360213189,0.6331970517141684,6127.25,0.014148621593421123,100000.0
1.0,0.008,2,0.2772665148008556,0.2172495031283353,0.2583642770893424,0.07891924814125875,12.346071106433287,0.7563039746707287,0.6361621988227179,6104.2,0.014077757811039395,100000.0
1.0,0.013,1,0.2701515821604465,0.21952417551490258,0.251502983856699,0.06927599657615664,12.181559957214796,0.7634665789118942,0.6317820507985235,6245.4,0.016765242860772,100000.0
1.0,0.013,2,0.2681041685256419,0.21828043436976716,0.24568616988600409,0.07224173391612931,12.143682796554232,0.7632136100954849,0.6319600890507011,6226.3,0.017332583639969115,100000.0
1.0,0.02,1,0.26226948627665514,0.20915145294032125,0.2556536662536518,0.059733855555917204,12.006502754905222,0.7699693294645951,0.6278266048019107,6365.0,0.019111581561667874,100000.0
1.0,0.02,2,0.26795735882550853,0.21272112677549462,0.261679414673932,0.061514180017626575,12.0124558119536,0.7726492399682805,0.6261968987330835,6361.8,0.019928955883003797,100000.0
1.0,0.03,1,0.2589380351248919,0.21518472064807725,0.24894952929085262,0.05374181819404724,11.702456094012343,0.7655740699509093,0.6304962035261592,6481.2,0.02306104942100971,100000.0
1.0,0.03,2,0.2529468297154741,0.20453702016899272,0.24682763972574823,0.05452899566598411,11.778706607306258,0.7763641266555541,0.6239705724577406,6484.85,0.023864666616769913,100000.0
0.1,0.0005,1,0.2087663616867148,0.1480076272663685,0.26449512154075355,0.005029974181116856,11.24737990710048,0.702656741116217,0.6700787550504104,7292.46,0.07896362235974977,1000000.0
0.1,0.0005,2,0.23441976064381506,0.1670920312863966,0.29795023328845693,0.0037972586205057756,9.038252205114727,0.7676148203613795,0.6298752090054278,7057.22,0.14757812916599175,1000000.0
0.1,0.0015,1,0.1869525919733016,0.159054689694246,0.2069166051140052,0.007933888520796517,10.279922512618256,0.717674884624126,0.6600590100500399,7334.6,0.09296316560229938,1000000.0
0.1,0.0015,2,0.18805864381996149,0.16025974801918888,0.20770029088298156,0.008157248928747987,10.282453545016793,0.7133188028338533,0.6627883371838033,7339.74,0.0940804595366358,1000000.0
0.1,0.001,1,0.19598764219635398,0.1646503484625163,0.21793737012565345,0.009387564942701059,10.171116993764532,0.716346171070327,0.6608965509641008,7299.18,0.0888375613608698,1000000.0
0.1,0.001,2,0.19411374762886113,0.16395062767758156,0.21501794043414196,0.009258926317396957,10.269284178186405,0.716685604766004,0.6606913733425602,7295.28,0.08964250435045523,1000000.0
0.1,0.003,1,0.17143066874334367,0.14677962316071494,0.19033088326139633,0.005750831759232157,10.158564396027169,0.7055632893010357,0.6676554837137998,7395.84,0.10834126438150882,1000000.0
0.1,0.003,2,0.1735516867579937,0.14598430873328613,0.19574803553988768,0.005371028401757136,10.129161155820723,0.7077829400098337,0.6662610634853108,7386.96,0.10937993023303819,1000000.0
0.1,0.005,1,0.15708243883609443,0.13447884750649738,0.1755672296353353,0.004118801023080404,10.095846958627552,0.6951773462282722,0.6741986041035376,7424.14,0.1276708032114498,1000000.0
0.1,0.005,2,0.1533247905839061,0.13845102961751188,0.16437392862143985,0.003824622769164844,10.065916648606827,0.6923129224460465,0.6760109784261285,7438.82,0.12721600084292958,1000000.0
0.1,0.008,1,0.1493138478391674,0.13533243584292273,0.16056515396348714,0.002730104611187738,9.96966772199375,0.6921922736024818,0.6760853786577082,7402.44,0.15435557704865752,1000000.0
0.1,0.008,2,0.15375134708323335,0.13995462520196716,0.1648794495063538,0.002668618231067485,10.198825012803322,0.6929692954388739,0.6755931644916565,7415.08,0.15294595236659136,1000000.0
0.1,0.013,1,0.14199865966643727,0.13030866415277306,0.1517818051452884,0.0019068459077912158,10.165426742097475,0.6863296840810292,0.6797947499000108,7365.24,0.18536731017343464,1000000.0
0.1,0.013,2,0.13638953750516872,0.12435039884064626,0.14643302487314538,0.001995652536599529,10.172193806220413,0.6878088997590752,0.6788623030223083,7360.84,0.1843166855890563,1000000.0
0.1,0.02,1,0.130379536349792,0.12780327034510472,0.13153332391270708,0.0014224759919888356,10.271983586980268,0.6861934157764914,0.6798843064775083,7260.5,0.21691196014877462,1000000.0
0.1,0.02,2,0.13211435474283018,0.12535864316436107,0.1374508717354595,0.001419196921305014,10.261719943566222,0.690261945566332,0.6773076836627822,7246.94,0.2190015254985164,1000000.0
0.1,0.03,1,0.1246339426338361,0.12828691048732999,0.11987403021463647,0.0011069428007888225,10.484695702626043,0.6876533798946327,0.678956967093782,7107.18,0.25345297401839106,1000000.0
0.1,0.03,2,0.1191216402191117,0.12121176050103509,0.11588035235727817,0.00115116744208434,10.462288872509273,0.6945470252053326,0.6745925371696075,7100.54,0.2546147326794817,1000000.0
0.3,0.0005,1,0.27132452681515745,0.23143452584418522,0.2704892301158576,0.04072529862043742,11.925156466667877,0.7569072733559709,0.6357856833410543,6375.3,0.05135392807084178,1000000.0
0.3,0.0005,2,0.273704439542189,0.23528134932831105,0.2697695830480646,0.042357944696838505,11.90871952836688,0.7545597094412813,0.6372223244381862,6382.28,0.04866316728391729,1000000.0
0.3,0.0015,1,0.2644936423375101,0.2251050545501477,0.26699786817076493,0.03688436548964851,11.613515736812257,0.7585596753476647,0.6347878426730554,6484.02,0.045698688850015295,1000000.0
0.3,0.0015,2,0.2645141262815153,0.22464650224152535,0.2662600464309105,0.038121705832856394,11.608210023730138,0.7538425223004451,0.637663243673792,6498.28,0.04499508341496116,1000000.0
0.3,0.001,1,0.26392861705417187,0.21808713221437145,0.27123247786603627,0.03853762909339207,11.68567199823174,0.7566476762480184,0.6359513764345095,6438.56,0.04599936021433242,1000000.0
0.3,0.001,2,0.26718959085465455,0.23138148628875643,0.26388746564301657,0.03911023050279257,11.939095968358938,0.7532832178967209,0.6380176157744069,6455.22,0.046147590277210944,1000000.0
0.3,0.003,1,0.25529729632766157,0.2183329595402615,0.259041988598031,0.03321964369653843,11.408459860677118,0.7549396646418569,0.6369951703751585,6621.02,0.04609895793950311,1000000.0
0.3,0.003,2,0.25807834960506904,0.21685016687349115,0.2671472193953844,0.03215931178572842,11.468671401438485,0.7533637764724311,0.6379583055363566,6610.7,0.046754411983805644,1000000.0
0.3,0.005,1,0.24636158006124614,0.2129182407514682,0.2536164881360473,0.02618843021845507,11.26964282127821,0.7479315858589701,0.6413016802606143,6704.04,0.0513738051607932,1000000.0
0.3,0.005,2,0.2435660390155008,0.21276052905265921,0.24755807010877587,0.026813479861636864,11.353932589860147,0.7442146100134014,0.6435975778379337,6683.8,0.05046409466876384,1000000.0
0.3,0.008,1,0.22884080436912504,0.19600159948899917,0.24022625303585407,0.021453757213887772,11.095161405483095,0.7442173554885392,0.643578916853905,6801.64,0.05840059289369304,1000000.0
0.3,0.008,2,0.22588132777160058,0.1993367515040566,0.22983256970876817,0.022593337821035172,11.017184995993683,0.7358561405174834,0.6487484374933515,6813.18,0.057345482954044694,1000000.0
0.3,0.013,1,0.21264915834871267,0.1840916665818838,0.22536839205367248,0.015838259452284367,10.889790653943285,0.7330098112769113,0.6505080570208622,6900.66,0.06940117926965494,1000000.0
0.3,0.013,2,0.21144710198891642,0.1862507425645235,0.22043052568038227,0.016212938072616305,10.927347020879202,0.7277058622217161,0.6538027881262978,6883.3,0.0684241922155473,1000000.0
0.3,0.02,1,0.1922232567326105,0.1768085750267317,0.19688980758827226,0.010748128939707306,10.752590721392496,0.7194652349408682,0.6589382054173112,6949.78,0.082085294332255,1000000.0
0.3,0.02,2,0.18911461093806753,0.17258291016975927,0.19406552500619106,0.011580788776014182,10.824969636198732,0.7217565667644837,0.6575004262299118,6946.3,0.08151527709112762,1000000.0
0.3,0.03,1,0.1701264760178516,0.16267947839242652,0.16942148812847452,0.00815198347161504,10.855985869835225,0.7121303138498755,0.6635237940611041,6938.62,0.09723596917680563,1000000.0
0.3,0.03,2,0.17943819548183723,0.16546055111597668,0.18534119909205082,0.008074639766812193,10.904679340001694,0.7146213693766862,0.6619651524516881,6900.32,0.09787636065680509,1000000.0
1.0,0.0005,1,0.2820085648020642,0.25328368678964425,0.23442913610301658,0.07630430436681725,14.341357072831752,0.7256238111265162,0.6551120551557444,5406.68,0.013119361439112931,1000000.0
1.0,0.0005,2,0.28356798834053554,0.2538060801312626,0.2324619155727973,0.0808679781966697,14.299184277382789,0.7224667440123376,0.6570738815072983,5422.74,0.012839486911072739,1000000.0
1.0,0.0015,1,0.2818407554240285,0.25287496389757635,0.2350279485151682,0.07577860136781082,14.108707016731664,0.7344273006556563,0.6496473599309803,5446.26,0.012870143411842037,1000000.0
1.0,0.0015,2,0.277214986807998,0.24822785698712163,0.23104696836499503,0.07515515122336472,14.0589017665599,0.7311405694233588,0.6516790812246153,5436.54,0.012904114568530467,1000000.0
1.0,0.001,1,0.27887107837223973,0.25173863883397873,0.22389154124166363,0.08211197592730728,14.244379926613826,0.7257290958163832,0.6550505380982656,5447.78,0.012355834119659648,1000000.0
1.0,0.001,2,0.28509567667630653,0.2596798662738245,0.23429945566343519,0.07621202980773202,14.047171322779278,0.7285264433329384,0.6533072415789454,5448.2,0.013131233038790118,1000000.0
1.0,0.003,1,0.27846311681115543,0.2555878329640599,0.22948359077455843,0.07185480822018576,13.96062701338783,0.7305935371792242,0.6520142354733749,5508.3,0.014693403784654682,1000000.0
1.0,0.003,2,0.27974891890952963,0.25425628917032417,0.23232265059544957,0.07291889289486572,13.846299016888368,0.7416888446065149,0.6451549490956968,5514.26,0.014424769114016488,1000000.0
1.0,0.005,1,0.2730444030747766,0.2535854982197456,0.22825793544462641,0.06424537110351132,13.6629214697507,0.7384928244576219,0.6471146264976545,5568.34,0.015935419753173415,1000000.0
1.0,0.005,2,0.2795308685363921,0.2607871143511604,0.23161749191138004,0.06665713297378474,13.817872958356078,0.7420301296838833,0.6449404729274135,5568.2,0.016099926987442073,1000000.0
1.0,0.008,1,0.26573040472436094,0.24154336610161106,0.22727473524761568,0.0626427071960945,13.560989130952432,0.7523976074383028,0.6385530475210198,5639.92,0.01895182742132652,1000000.0
1.0,0.008,2,0.2807340940150597,0.25993851277248764,0.23947056541203476,0.06205911162402832,13.53790852746786,0.75389456162031,0.637629018233138,5680.4,0.018083753786095596,1000000.0
1.0,0.013,1,0.2691408255985426,0.24831186482569312,0.23415532138097775,0.05581446609418062,13.16894047636525,0.7569956227237941,0.6357331646551567,5764.52,0.02226613460500564,1000000.0
1.0,0.013,2,0.26988983746258133,0.24310752027674945,0.23832240668361035,0.05834975046174511,13.284818201824448,0.7591960918006566,0.634407139904356,5784.82,0.021605755476658245,1000000.0
1.0,0.02,1,0.25799258632873,0.2442658893066792,0.22469631989598715,0.04702296175320571,12.759056145077807,0.7595420331708556,0.6341702717244624,5904.98,0.02619373225160834,1000000.0
1.0,0.02,2,0.2561363867957603,0.23814208444909227,0.2287008379383232,0.04542984855047288,12.782909105470896,0.7558991669629326,0.6363934166829859,5918.26,0.026210134524116583,1000000.0
1.0,0.03,1,0.24271366641747677,0.23359995885099033,0.2162182135443144,0.03560916351443863,12.621920106146488,0.7558903177635173,0.6364058143666056,6018.14,0.03038506182601285,1000000.0
1.0,0.03,2,0.24972719823278883,0.2405976034682971,0.22246355346423485,0.03639323870343386,12.581733151548454,0.757414056476974,0.6354881721975442,6050.54,0.030339000951341656,1000000.0
0.1,0.0005,1,0.4664947897946859,0.629322042620459,0.29904229514836095,0.004625242427212435,9.132336753633707,0.7719962853526229,0.6278266893159811,6207.833333333333,0.0690097580250029,30000.0
0.1,0.0005,2,0.2976536425517842,0.319563407006122,0.2700196016739917,0.005724271897497365,9.354076465148061,0.7619292051168133,0.6337936259740077,7301.666666666667,0.0640599486728354,30000.0
0.1,0.0015,1,0.1929434925357307,0.13151225890810275,0.24391159962183417,0.01046313095210735,9.068823515415666,0.7061321561268392,0.6672851880456919,8161.0,0.05553111184902857,30000.0
0.1,0.0015,2,0.19146957587520763,0.13171210012285403,0.24097641322578633,0.010250637768669647,9.126560826485482,0.7093618023953775,0.6652609916703774,8156.416666666667,0.05599265998918685,30000.0
0.1,0.001,1,0.1921161096170664,0.1277664792587119,0.24448030024111375,0.011985436100825675,9.148004646069804,0.7115115229971064,0.6639124831166473,8113.166666666667,0.05479110254314149,30000.0
0.1,0.001,2,0.19466056105544438,0.13498586193653145,0.24248198473781712,0.011853284286807384,9.145492451004364,0.7128177656228266,0.6631092022540321,8119.166666666667,0.05367141907235087,30000.0
0.1,0.003,1,0.17577981120646172,0.1200649123358376,0.22406121529046427,0.007433494004997872,9.071810482128262,0.6975074048363309,0.672726712228035,8218.833333333334,0.062433381558209815,30000.0
0.1,0.003,2,0.1750575731176978,0.12038906621445082,0.22210873724092464,0.007617341004902952,9.041038049847055,0.6986904981112964,0.671980504373768,8214.5,0.06448702649422386,30000.0
0.1,0.005,1,0.15953709387816642,0.1074752108654763,0.20649546751259415,0.005103511307211918,8.918281349542545,0.69559039678334,0.6739297242669208,8271.25,0.07638022799371859,30000.0
0.1,0.005,2,0.15926414118402707,0.10884237267067963,0.20444460087345104,0.005241304776934986,8.923589884430474,0.6924707809493159,0.6759040075830093,8266.166666666666,0.0774463858399952,30000.0
0.1,0.008,1,0.14811048781184347,0.10184374402130518,0.19080928081859128,0.0035679516488225094,8.888769139198823,0.6889828358858908,0.6781122763209462,8335.0,0.09133688305365828,30000.0
0.1,0.008,2,0.14525230285394933,0.10020761486603523,0.18671006236799617,0.003586925363646083,8.97668722056853,0.6918218241777544,0.6763184256888919,8313.916666666666,0.09227356281684668,30000.0
0.1,0.013,1,0.13206206816120028,0.09704810719840155,0.1645400922166373,0.0025359427054823937,8.774366271513935,0.686537507343838,0.6796619994260736,8363.083333333334,0.1162047117043968,30000.0
0.1,0.013,2,0.13385474484578078,0.09248869083725259,0.1730667189728028,0.002154083069046689,8.86446438343627,0.676171281465176,0.6862537423527515,8349.666666666666,0.11368705627744495,30000.0
0.1,0.02,1,0.12156645770624398,0.08661613810609474,0.15533104311400994,0.0011857373076209767,8.825566293888317,0.6796967696429129,0.6840101464733893,8370.666666666666,0.1407788056531535,30000.0
0.1,0.02,2,0.1211164207654513,0.08468040428715827,0.15611883745450628,0.0014335939061745006,8.796529139867191,0.6767574459286817,0.6858773415039519,8387.083333333334,0.1387125138942148,30000.0
0.1,0.03,1,0.11759162838284194,0.083517420518074,0.15049935235274106,0.0011664833881761714,8.84634000129669,0.6783017030989296,0.6848929073810729,8352.333333333334,0.16671541370844256,30000.0
0.1,0.03,2,0.11833233954665444,0.08699984950588384,0.14868385600342676,0.0009809656245019075,8.819209507881228,0.6759677343687033,0.686377798969109,8351.75,0.16626778555158792,30000.0
0.3,0.0005,1,0.6224899677302683,0.9723249300812776,0.26865651650745515,0.003998487235474785,7.456227760953152,0.8308556453823573,0.5925488532021448,4947.0,0.028534436807781158,30000.0
0.3,0.0005,2,0.3669870113737528,0.4713752942378106,0.25920924258673506,0.00338949017325864,9.468074205088586,0.7545883176987443,0.6383482794899948,6804.833333333333,0.01885499156800406,30000.0
0.3,0.0015,1,0.25902857751882946,0.17904301267469888,0.2955530995713577,0.04346104580048147,10.19312792962925,0.7534089226756037,0.6379224102390816,7344.583333333333,0.029488249553484017,30000.0
0.3,0.0015,2,0.26181866755010463,0.1804903916960111,0.29690271568090526,0.04624422125502356,10.208733881410952,0.7562141147384974,0.6362232182831106,7360.916666666667,0.02963646562798145,30000.0
0.3,0.001,1,0.26704699253170977,0.17932317493579739,0.30623280013650783,0.04853801487362853,10.18794310404356,0.7632543054567171,0.6319173474369447,7314.0,0.030302467990987306,30000.0
0.3,0.001,2,0.2624528102230382,0.18209942695674852,0.296316524035572,0.04648967050943284,10.192991310541421,0.7550989558988727,0.6369143359717914,7310.583333333333,0.0318635044303937,30000.0
0.3,0.003,1,0.2622916477683174,0.18279813018469912,0.2996599726604533,0.04212519132245282,10.061279890011965,0.7481152123903018,0.6411870637814916,7457.166666666667,0.028060848507495403,30000.0
0.3,0.003,2,0.25242458069590445,0.16946778392929232,0.294842172511194,0.040539206918225414,10.07226476835739,0.7596283974648023,0.634122869173889,7449.166666666667,0.029278926102001664,30000.0
0.3,0.005,1,0.24471869628689372,0.16484734329412512,0.2871215139061804,0.03746852776755014,9.970157471836252,0.7537265020371188,0.6377232824745666,7484.666666666667,0.031053911264077694,30000.0
0.3,0.005,2,0.24503579353543223,0.16816550876655856,0.2862091074801073,0.0356969757382009,10.029138276472205,0.7572214832221683,0.6355827022958574,7502.916666666667,0.03165540503462749,30000.0
0.3,0.008,1,0.23269230784376652,0.1640433856570529,0.2711604318051169,0.03018079462773704,9.82010049571681,0.7456266634570535,0.6427080067254114,7561.333333333333,0.03558205845480356,30000.0
0.3,0.008,2,0.2393922727549813,0.16467996522890618,0.2818167003479669,0.03228787919513964,9.937948272730875,0.7515324272622128,0.6390741644075685,7609.166666666667,0.03682312299956633,30000.0
0.3,0.013,1,0.22600923466907094,0.15176223957324186,0.2734475117162935,0.02680872140220592,9.7103253871949,0.744476216778009,0.6434262253249501,7689.5,0.04140548648829206,30000.0
0.3,0.013,2,0.22512658791845652,0.15428740319710774,0.27052948354200596,0.02543628839991798,9.702600626394215,0.7436952281948107,0.6438863900332873,7707.666666666667,0.04097599195638408,30000.0
0.3,0.02,1,0.21320006143017886,0.1496204528497768,0.25733356327053825,0.019446112529512633,9.52927831580765,0.7301226986984134,0.6523065192435716,7818.25,0.04720805549152432,30000.0
0.3,0.02,2,0.20946614391540488,0.14508566992813363,0.2543834081572381,0.019463207199861728,9.599454633035956,0.7311605739455859,0.6516454227901934,7778.416666666667,0.048005537309581105,30000.0
0.3,0.03,1,0.19128047134083281,0.1350077906935354,0.23234647934054165,0.015206676595490173,9.448663521679947,0.7188270138578581,0.6593295343683863,7902.333333333333,0.05839847334150142,30000.0
0.3,0.03,2,0.19383742121847147,0.1379454490210705,0.23579927576347218,0.013930120233209449,9.479666574795223,0.7242164307890687,0.6559678054790217,7896.666666666667,0.05752268794330764,30000.0
1.0,0.0005,1,0.3945191041605804,0.48571983994069434,0.302835630833092,0.0004827400721004001,10.845936697188955,0.7488051123653897,0.6423035376498997,6802.833333333333,0.005733885297403964,30000.0
1.0,0.0005,2,0.4348250745280626,0.5560675079739755,0.31185072763693084,0.001731914345657415,10.28607160407536,0.7599425063356532,0.6351010603526107,6507.083333333333,0.006712755404681168,30000.0
1.0,0.0015,1,0.2809836426691524,0.2114019138848051,0.2516265414655219,0.0989388384337397,12.048132564507076,0.738094203499131,0.6473647346586164,6343.083333333333,0.010116236463661927,30000.0
1.0,0.0015,2,0.28050283644561763,0.2059640406822462,0.25635535950626814,0.0986862788255397,12.028116679295374,0.7418376333104089,0.6450395461751579,6366.416666666667,0.00987035091655693,30000.0
1.0,0.001,1,0.2713725572887164,0.19974513229806035,0.23837263815775275,0.10462734666377965,12.105984840914525,0.7413727662409243,0.6453345820583197,6338.666666666667,0.00928447368478408,30000.0
1.0,0.001,2,0.2857024351068815,0.19873712002558738,0.2623324764945942,0.11033527941947634,12.084408297190253,0.7494252096963834,0.6404031698866434,6335.833333333333,0.00963297446351982,30000.0
1.0,0.003,1,0.2763227886527854,0.20195696897319626,0.252733096584899,0.0979555132507054,12.015526037358972,0.742451068620011,0.6446686543007462,6394.5,0.010242480886152315,30000.0
1.0,0.003,2,0.2737721523914445,0.20343940687477058,0.24681902719101642,0.09728586955952051,11.986726441327383,0.7473022631500563,0.6416714634202382,6384.166666666667,0.009803481833334318,30000.0
1.0,0.005,1,0.275507057255238,0.19473117826091135,0.2638225777844623,0.09246036487711706,11.90220799401844,0.7487215016555218,0.6408113988284233,6448.0,0.010248913836528251,30000.0
1.0,0.005,2,0.2809807763294691,0.20487386850182746,0.26167556073552856,0.0954121247117508,12.067901748524884,0.7478242727011558,0.6413573103432687,6435.25,0.010760191676455581,30000.0
1.0,0.008,1,0.27708605462849684,0.1957043827765437,0.2673976657730888,0.0910700644034525,11.74720102279371,0.7601738951865858,0.6337969416423843,6498.416666666667,0.01214750854770698,30000.0
1.0,0.008,2,0.27402421651368175,0.20176134607728827,0.2555389693688521,0.09074811710744125,11.84982915022925,0.7544928047746411,0.6372594625835927,6497.083333333333,0.011645693240125808,30000.0
1.0,0.013,1,0.27277478242713227,0.19974297142500122,0.2665852635874802,0.07922132792857715,11.393458832712229,0.7640109083337814,0.6314779544329802,6608.416666666667,0.015148242934013562,30000.0
1.0,0.013,2,0.26572596654753333,0.19124770646880432,0.26111406427704204,0.07909016744419,11.594372597923288,0.7670501077115089,0.6295910362844264,6606.333333333333,0.014028414840074563,30000.0
1.0,0.02,1,0.2658081083358084,0.19097354494187166,0.2655574154402235,0.07508524705678836,11.329058298627666,0.7750778737261044,0.6247239557968312,6704.416666666667,0.017761998965403942,30000.0
1.0,0.02,2,0.2654346453749972,0.19124886802013755,0.26435535882525335,0.07526506093831829,11.411996011185515,0.7671102015343378,0.629563854430509,6702.5,0.01704630624817865,30000.0
1.0,0.03,1,0.26033131714194985,0.1876101231773526,0.2647642556145336,0.06828826165877257,11.1178549606122,0.7710954009608596,0.6271466434362,6838.25,0.019436272998353887,30000.0
1.0,0.03,2,0.2566819184960935,0.18414651007133787,0.26205645642870806,0.06716087291338611,11.087778921002384,0.7741380655886118,0.6252993206751821,6828.5,0.02027083546937779,30000.0
0.1,0.0005,1,0.27987947711957245,0.20267610885709408,0.3566142352900619,0.0004686152104430712,11.19505160947243,0.739671573928514,0.6485714082489098,6989.967741935484,0.2905493662365503,300000.0
0.1,0.0005,2,0.33231304079651947,0.30123169242555825,0.3623512374487744,0.0010431481977008837,10.178759623743195,0.7709085032359186,0.6296448439082046,6626.258064516129,0.289789124101545,300000.0
0.1,0.0015,1,0.18588335466701006,0.14697573257666446,0.21625068852319795,0.008540286754237979,9.93078231613436,0.7191589704891492,0.6591206883632156,7541.870967741936,0.07958341392095013,300000.0
0.1,0.0015,2,0.19003371772730718,0.15272085065167879,0.2189076562470019,0.008438929973590185,10.024831998081188,0.7179700212248351,0.6598720791800206,7529.645161290323,0.07776957891916528,300000.0
0.1,0.001,1,0.1958836867948578,0.1556176136077222,0.22626396737937757,0.009885789463424525,9.962940013823252,0.71942467392927,0.6589628037248969,7491.322580645161,0.07712247048965103,300000.0
0.1,0.001,2,0.19707627590946034,0.15584184892662553,0.22815786860422668,0.010152836980408201,10.052205462148661,0.7216714265410838,0.6575798022748561,7496.129032258064,0.07669806409950976,300000.0
0.1,0.003,1,0.17317328320367745,0.14530456456245042,0.1950696390195622,0.005972362702951028,9.907621637704107,0.702099465311844,0.6698320121160285,7608.580645161291,0.0913302998957321,300000.0
0.1,0.003,2,0.17536583615011594,0.14794037030582327,0.19667604350003942,0.006115260907590582,9.916245159786177,0.7061961785348474,0.6672535185397642,7605.967741935484,0.09184649235389764,300000.0
0.1,0.005,1,0.16352834819308867,0.1345450470816459,0.18829890413433614,0.004212740566782152,9.837055538868311,0.702600081443775,0.6695145158274994,7650.806451612903,0.1082724823405614,300000.0
0.1,0.005,2,0.15978212720901508,0.130195638955737,0.18496485196039456,0.004403763463419187,9.740166407749804,0.7041110043109127,0.6685558486180907,7641.580645161291,0.10817268705959568,300000.0
0.1,0.008,1,0.14731396385739495,0.12467684573254731,0.166779103284977,0.00317197625122853,9.721207858761538,0.6916218398647479,0.6764434804045464,7664.032258064516,0.12929054333637122,300000.0
0.1,0.008,2,0.1516104717071325,0.12384569410995064,0.1764518730281262,0.0029233738163845532,9.811720797541193,0.6937982939796997,0.675068799321406,7653.5161290322585,0.12982385800163943,300000.0
0.1,0.013,1,0.13564981441634497,0.11886210899662704,0.15044386628374154,0.0019936556249653442,9.708255560498689,0.6899481601331046,0.6775027406653478,7649.032258064516,0.15929752069349598,300000.0
0.1,0.013,2,0.13894754486989333,0.12301101908332061,0.15292610957978597,0.0019579592326834294,9.733599019541646,0.687177099123715,0.6792609936914032,7650.354838709677,0.1603569235094495,300000.0
0.1,0.02,1,0.12760776505545718,0.11039181412209452,0.143472900963203,0.0013508110562040238,9.706677704944317,0.6867053526594986,0.6795612149558015,7575.709677419355,0.19121946912535379,300000.0
0.1,0.02,2,0.13012997438339444,0.11547756997094057,0.14324129709744565,0.0015410842785201911,9.841804066714293,0.687514197886839,0.6790490063273606,7607.4838709677415,0.1898091429118325,300000.0
0.1,0.03,1,0.12083197575657395,0.110062099916753,0.13036454644027276,0.001237309630814593,9.915882789923558,0.6900098481859263,0.6774621915470462,7492.354838709677,0.2234764636401433,300000.0
0.1,0.03,2,0.12070802426034297,0.11123278225721105,0.12910450438992388,0.0010787661058697948,9.904500387520041,0.6874830470222213,0.6790648677600299,7494.870967741936,0.2253282567265765,300000.0
0.3,0.0005,1,0.19909797398501058,0.11078152336424515,0.2861389130497357,0.0012755154804538508,12.297243926074067,0.7548678680908106,0.6386295197615003,6492.4838709677415,0.12699434371922108,300000.0
0.3,0.0005,2,0.2107874295362636,0.127705976634377,0.292592147568786,0.0012767354484995665,11.977327798185133,0.7762221741479929,0.6256580008343435,6349.1612903225805,0.13196634114126637,300000.0
0.3,0.0015,1,0.2620351332018733,0.2186557377688108,0.2670320461075397,0.0383824818568177,11.224225417118047,0.7659376599109283,0.6302762389576361,6695.774193548387,0.0395566877952509,300000.0
0.3,0.0015,2,0.2657465954665075,0.21828457495192383,0.2741185612411553,0.03909005311515923,11.505076786085745,0.7589138498654106,0.6345542350320369,6683.193548387097,0.03891629723944359,300000.0
0.3,0.001,1,0.2672396950599156,0.21836868999969838,0.2756334718445162,0.040477230093520764,11.347798796043085,0.7599722583819287,0.6339155639759508,6657.4838709677415,0.04046435670362877,300000.0
0.3,0.001,2,0.2613494689090454,0.21098199400025772,0.26996036363663706,0.041756577362275935,11.255367789738965,0.7613870254733528,0.6330635402624127,6653.0,0.04283921124477433,300000.0
0.3,0.003,1,0.25626513864745026,0.20887207763853896,0.2700512144602522,0.0336069864752662,11.091931826183465,0.7655377825272712,0.6305183390388337,6806.903225806452,0.041150708652677226,300000.0
0.3,0.003,2,0.2520336063281052,0.20668010287016186,0.2636797667861102,0.03370734029560668,11.233274669070967,0.7579139483176548,0.6351722586672531,6802.677419354839,0.03980195061582239,300000.0
0.3,0.005,1,0.2427531096427747,0.2037627555172123,0.25191256125680384,0.02983090538834731,10.913433456747423,0.7554997897223605,0.6366351289886942,6900.903225806452,0.044179151275317054,300000.0
0.3,0.005,2,0.24900272997259862,0.2034881714863258,0.26468528837981464,0.02983200239711064,11.024737476674433,0.7520948091290205,0.6387630373137911,6897.580645161291,0.04328361860993963,300000.0
0.3,0.008,1,0.23608031386514333,0.19298892700946998,0.25473576686521715,0.024435933288092637,10.799946985144082,0.7514932728220954,0.6390989857290367,6973.8387096774195,0.04927726816102201,300000.0
0.3,0.008,2,0.22987737215071016,0.188202605526865,0.24678189985043614,0.02477023565139237,10.845860176333659,0.7440614195682013,0.6436842575326082,6978.612903225807,0.049710056394229894,300000.0
0.3,0.013,1,0.21761328305014532,0.18103600147416807,0.23586218904459139,0.018328379162678002,10.520488012973807,0.7359514360230276,0.6486873214260297,7109.0,0.057860026478209474,300000.0
0.3,0.013,2,0.21900252997585523,0.18133402912956267,0.23862431922242583,0.018046710154748003,10.634837059595782,0.7354204717238447,0.6490096593756222,7084.741935483871,0.05812780347894167,300000.0
0.3,0.02,1,0.197297040169927,0.16626314449755905,0.21536456215638874,0.012966369192422335,10.38267085888847,0.7260028244117959,0.6548572015665538,7193.451612903225,0.0693517386253945,300000.0
0.3,0.02,2,0.19858369410661392,0.16588059510164302,0.21800345530868082,0.013283336203768405,10.553259946447191,0.7288367920863273,0.6530937672316325,7192.064516129032,0.06837469486632992,300000.0
0.3,0.03,1,0.1820236336717962,0.15719759424666854,0.19720827884862616,0.009641393519225274,10.233486181278433,0.7160598130226173,0.6610642975325974,7237.741935483871,0.08220437711358292,300000.0
0.3,0.03,2,0.17839617479466074,0.15378181985264766,0.1938533096706011,0.009157223519975348,10.277522120337197,0.717514429057192,0.6601481103048094,7235.8387096774195,0.08285099818353084,300000.0
1.0,0.0005,1,0.29801465710838787,0.24854580086621528,0.3010794682704358,0.04640404209091159,13.751188665116656,0.7761095860656931,0.6249974660179675,6081.741935483871,0.011947911103807437,300000.0
1.0,0.0005,2,0.3117797942544021,0.25217459441858486,0.3364901856929293,0.03489480834723601,12.589496384092053,0.8060125735760848,0.6072991700272325,6060.451612903225,0.015513852380025436,300000.0
1.0,0.0015,1,0.286185939007964,0.24784532678871177,0.240581282001129,0.08394527289365493,13.462345566293871,0.7392610862097079,0.6466532861799578,5701.903225806452,0.011515812619240466,300000.0
1.0,0.0015,2,0.2825128252130587,0.24586823280269315,0.23220342610860742,0.0869539956388424,13.589569454884902,0.7276482925823687,0.6538421261894019,5689.612903225807,0.01155981961364328,300000.0
1.0,0.001,1,0.2921835479152643,0.25526431520733495,0.23979352038953142,0.08930926395606203,13.379796305792944,0.7395184955867476,0.6464821606342137,5690.387096774193,0.011188410925538857,300000.0
1.0,0.001,2,0.28014221340367074,0.2378933896590318,0.24091737766421423,0.081473659438449,13.567284295922018,0.7248902915319124,0.6555683720561464,5675.870967741936,0.011242492707385842,300000.0
1.0,0.003,1,0.2809374675704446,0.23840046922501226,0.24329450553082188,0.0801799628845869,13.391375542157904,0.7379412743842524,0.6474627948601108,5733.806451612903,0.013597276137173948,300000.0
1.0,0.003,2,0.276554019264269,0.2421901279829784,0.23176789079639973,0.07915002128296994,13.628929112289997,0.7368118070757539,0.6481761406473165,5725.935483870968,0.012386045680607536,300000.0
1.0,0.005,1,0.2764611301886319,0.23898413007960803,0.2439857223971147,0.06995240027568035,13.247532037312128,0.7482640686493235,0.6410926649321731,5798.419354838709,0.013903611424208102,300000.0
1.0,0.005,2,0.27599225039815767,0.23713862895726942,0.23947629383549476,0.07536957469828014,13.19057061246885,0.7561631294033402,0.6362458361778743,5804.0,0.014630953046710289,300000.0
1.0,0.008,1,0.27302693103242387,0.23307669175759432,0.24401752104242286,0.06895964963835063,13.151639269897638,0.7574837489713857,0.635448445216501,5869.870967741936,0.016392099536339366,300000.0
1.0,0.008,2,0.2755718910869411,0.23346179979153114,0.2489169827462349,0.06876500323996412,13.119727318552503,0.7591230039328681,0.6344644576155074,5875.677419354839,0.016536441984083446,300000.0
1.0,0.013,1,0.26636755409753476,0.22940757973885675,0.24146360986598484,0.061863918259419,12.766324394177305,0.7619251648027346,0.6327243552777384,5988.193548387097,0.01921804278134325,300000.0
1.0,0.013,2,0.2630960682776784,0.2247004086924619,0.24113810720299408,0.060353620374483295,12.86667875730776,0.7669021898088393,0.6297040433609484,5978.645161290323,0.01924487269462654,300000.0
1.0,0.02,1,0.25618725555026084,0.22495742921867568,0.23504790505742812,0.052369180665836915,12.384549088126995,0.7680633214601661,0.6289869212916822,6098.870967741936,0.022762845109809353,300000.0
1.0,0.02,2,0.2603748628024312,0.22037935723669855,0.24433793563119,0.056032425947533396,12.640975848849717,0.7710109596312223,0.6272020532761619,6112.096774193548,0.023120061607079294,300000.0
1.0,0.03,1,0.24968145705668757,0.21766173285125373,0.23760508037757533,0.044096105512564446,12.251374748915191,0.7691644854681445,0.628312534311543,6237.193548387097,0.02641845356097037,300000.0
1.0,0.03,2,0.2532219845592288,0.22512060575037632,0.23690021703604472,0.04442314597973646,12.056949521933186,0.7630606687014111,0.6320247125171894,6243.354838709677,0.02624619197099141,300000.0
