mu_g,Tgran,seed,mu,a_c,a_n,a_t,f_mean,cv_f,pr_f,ncon,chi,kt
0.1,0.0005,1,0.5070009576998571,0.6401649419465031,0.3728505683126172,0.0009864063868891498,7.017959792418095,0.8452050445539552,0.5842622341880701,5631.25,0.24559938313259616,20000.0
0.1,0.0005,2,0.46013690657844897,0.6009055300835567,0.31912415468127286,0.00024412460185624924,8.774847145206248,0.8045730921553569,0.6093154073509011,5979.35,0.2493080364777998,20000.0
0.1,0.0015,1,0.18369792968530405,0.1375879017773388,0.22088312627065781,0.008924832551027412,9.453837540368195,0.7151544347439114,0.6616374770430848,7821.05,0.039055198215503635,20000.0
0.1,0.0015,2,0.1874595528120166,0.1418894432870291,0.2246595509038057,0.008370112512178939,9.558989958006524,0.7161174036108251,0.6610241761833306,7809.1,0.04058395058084111,20000.0
0.1,0.001,1,0.19749846337706223,0.15115445910614922,0.2329680731516736,0.010874393829773716,9.58284092943527,0.7226799529071066,0.656931286634386,7778.8,0.03636117731410155,20000.0
0.1,0.001,2,0.1946133039088071,0.14921273218849831,0.2299722158011354,0.010041657156575692,9.538602805453383,0.717263695471321,0.6603197149681685,7791.65,0.03587096435832916,20000.0
0.1,0.003,1,0.16718713363628607,0.12655348333758057,0.2014389915096333,0.006381791436157855,9.381421748789274,0.7056541680860364,0.6675902362902979,7864.7,0.0513227837786359,20000.0
0.1,0.003,2,0.16729983914321622,0.12984098878274303,0.19839756125908195,0.006361125306524435,9.555217468402157,0.707603533856614,0.6663642199510692,7879.5,0.049809883827840545,20000.0
0.1,0.005,1,0.16332844097707516,0.12816274782542475,0.19441902716188492,0.004075106442555316,9.374078941350637,0.7017058242884032,0.6700745693791929,7918.15,0.06362283124457285,20000.0
0.1,0.005,2,0.16036903325423016,0.11841911185009232,0.19823433191148454,0.004084622762550129,9.378875184575012,0.6990666440208606,0.6717425134517561,7908.0,0.06431780920508866,20000.0
0.1,0.008,1,0.15043280179738636,0.11896958666457566,0.17893572729336144,0.0029602854521817617,9.427369738264883,0.6924480537971258,0.6759206635899052,7951.4,0.07946903636794157,20000.0
0.1,0.008,2,0.142633938178817,0.11295521248675917,0.1695681831349109,0.002744478021622649,9.408767632629752,0.6889356242931167,0.6781461546422495,7954.55,0.07928583593657788,20000.0
0.1,0.013,1,0.13140321117209247,0.10277199810552565,0.15869722165144584,0.0013371997645016695,9.336640696761128,0.6888757716605111,0.6781810316802815,7960.9,0.10365827184624572,20000.0
0.1,0.013,2,0.1305853200943023,0.10181027528826328,0.15782074687175257,0.0015396177230470995,9.382640586527641,0.6871259166191791,0.6792897424271097,7972.2,0.10269409781935017,20000.0
0.1,0.02,1,0.11969087244191819,0.1013431991851282,0.1370215149772238,0.001017029424545225,9.42008975305137,0.682233061679324,0.6823938979040657,7956.45,0.1303950891379086,20000.0
0.1,0.02,2,0.11643987660012078,0.09586590471773837,0.13608681493716326,0.000927032216488569,9.367909514583992,0.6803933140434557,0.6835621772829497,7936.55,0.13080968760359477,20000.0
0.1,0.03,1,0.10707927828526549,0.09322345803527587,0.12029729489170952,0.0006378064272198801,9.413416726520126,0.679575654044007,0.684081912422781,7859.1,0.16137970508168278,20000.0
0.1,0.03,2,0.11332314483441053,0.09603956930848576,0.1297281847435546,0.0008785358648171112,9.399210871014649,0.6788494668135312,0.6845447682083597,7871.15,0.16142908850233734,20000.0
0.3,0.0005,1,0.4104124535402602,0.524108394693032,0.3859992673684819,-0.08928277466496082,7.287019890551994,0.9034992065001672,0.5507847032816529,4944.3,0.12085137472694943,20000.0
0.3,0.0005,2,0.2980875961686455,0.3084950684015534,0.34257290136064455,-0.05489278181397571,11.287886533935723,0.8057253865944786,0.6089185085183618,5988.2,0.18463419759323213,20000.0
0.3,0.0015,1,0.26213583698494985,0.19395624893736504,0.2877578772385131,0.04255754574175171,10.787192696113747,0.7634682305052675,0.6317908639555551,7052.45,0.01933654367140903,20000.0
0.3,0.0015,2,0.26318578257687025,0.1998728687987827,0.2833628179598275,0.04313587774301118,10.744737313566498,0.753540896321188,0.6378544083483154,7058.15,0.01872946542459738,20000.0
0.3,0.001,1,0.2641319285064344,0.1968303201613224,0.2866725248119654,0.04476101233005592,10.758278407915178,0.7673068288057129,0.6294343467748121,7031.7,0.018251792611465,20000.0
0.3,0.001,2,0.2692851911894862,0.20632491474440062,0.28717243723456,0.04507302751612326,10.82255636899915,0.7643418390007696,0.6312459096800949,7011.4,0.018695294281734165,20000.0
0.3,0.003,1,0.2624978404638679,0.19544957829195617,0.29273607353764486,0.03681002306835054,10.450855601916386,0.7641111972662514,0.6313809396102377,7147.1,0.02020449066260658,20000.0
0.3,0.003,2,0.2526498512757319,0.18586471735318033,0.2830098788842732,0.036425104759497604,10.593524242061733,0.764803083531582,0.6309752616422497,7111.25,0.019836298526538405,20000.0
0.3,0.005,1,0.25030870249746573,0.1897310697808004,0.2776334347945844,0.03325290835814177,10.533765656137462,0.7537185229135517,0.6377453808367374,7185.95,0.022899902681401258,20000.0
0.3,0.005,2,0.24983901019731025,0.18606195228034555,0.27972570336376745,0.033890364543006354,10.499659420100064,0.7591746281548702,0.6343879608202532,7203.55,0.022354608903281455,20000.0
0.3,0.008,1,0.23718607254514806,0.1804836294980415,0.26513879790500045,0.028749722481893808,10.287320604455765,0.7481824572237169,0.6411296568084127,7290.9,0.026066407745445812,20000.0
0.3,0.008,2,0.23516374933273862,0.17934843116638055,0.2633659235153115,0.027613148648331132,10.282668467966126,0.7541119139306438,0.6375065683947297,7282.75,0.027133556116178653,20000.0
0.3,0.013,1,0.21398295009111332,0.16436543762989586,0.2408145706469079,0.02278588786360154,10.229072706363565,0.7429852064515573,0.6443295398783204,7365.05,0.03192341035412283,20000.0
0.3,0.013,2,0.21706767871001112,0.1658102620942365,0.24674473061533847,0.02158036556071944,10.208840511167036,0.7375043817614336,0.6477404361831032,7371.4,0.03260816124712457,20000.0
0.3,0.02,1,0.20249660258061972,0.15895300361263176,0.22980390758338637,0.016236295863007177,10.05308404114229,0.7253726840822744,0.6552659724050212,7463.6,0.03949764304334703,20000.0
0.3,0.02,2,0.20039945742047402,0.15550989741021085,0.23039735976162468,0.014891656539949689,9.957791526276434,0.7268751920805574,0.6543164039395033,7463.65,0.03921655462436812,20000.0
0.3,0.03,1,0.18050037342545638,0.1416236925100237,0.20872904280056867,0.010648015933999085,9.897090579994225,0.7187047938320041,0.6594101863840505,7536.3,0.04707058460734515,20000.0
0.3,0.03,2,0.1824408402217616,0.15000219028565448,0.20404259346664683,0.010836899551313556,9.874564801954467,0.7163415109734734,0.6608869953276847,7528.25,0.04911453787231632,20000.0
1.0,0.0005,1,0.1903395080104526,0.11490845495597343,0.2583025918996499,0.007467973342751401,14.539111684444283,1.0610358119820773,0.5190911956505152,5921.9,0.03827098313547795,20000.0
1.0,0.0005,2,0.2654319431311523,0.2716256671548757,0.2583330432543752,0.0009051792304241868,12.002243997494073,1.0028614454865816,0.5091936034957215,5467.6,0.040180140064210945,20000.0
1.0,0.0015,1,0.2820211410002279,0.21744759211685602,0.2531845209752862,0.0934101752364787,12.657391399862105,0.7469376251959574,0.6419057579874965,6134.45,0.005885144077706324,20000.0
1.0,0.0015,2,0.2784290129891873,0.21250427982906492,0.24703981666060137,0.09731392947952554,12.348677206076578,0.7428790868593999,0.644404969358805,6140.15,0.006002826654290445,20000.0
1.0,0.001,1,0.27497223296648704,0.21782593312612114,0.23684561311404068,0.0952729206959365,12.681392524349716,0.7397665754966247,0.64633582509429,6097.45,0.005369978981593321,20000.0
1.0,0.001,2,0.28408326744019885,0.2239641140223967,0.25636923897007513,0.08783318447781978,12.516321210534263,0.7361851211666549,0.6485399566080565,6126.75,0.005645611892688941,20000.0
1.0,0.003,1,0.28145000304343104,0.21680276615133734,0.25657061159415534,0.08952662649102831,12.297010673721692,0.745634998529503,0.6427067005723532,6187.55,0.0070712813321213795,20000.0
1.0,0.003,2,0.2761296503065186,0.22044058732763885,0.24946038144418697,0.0823583357718237,12.382070853789108,0.7517322529032429,0.638947934270521,6222.95,0.006306184283346417,20000.0
1.0,0.005,1,0.27356362896955777,0.2063861150351472,0.25477041976780257,0.08597072054295288,12.475715790227001,0.7574542668405495,0.635438773448497,6218.45,0.007591378875341047,20000.0
1.0,0.005,2,0.28218282765726227,0.21551293462024973,0.2609768718141649,0.0878758495709025,12.270061313473102,0.7569622943462013,0.6357460622934734,6259.6,0.007267517603052139,20000.0
1.0,0.008,1,0.27291824482602206,0.2083319242486202,0.256186705697815,0.08131785060109016,12.092414466679553,0.7621901339805641,0.6325679511180999,6310.1,0.008637938352536794,20000.0
1.0,0.008,2,0.2687774347794063,0.20855330142097914,0.24922679383919472,0.07977476899346421,11.998501556550092,0.7609139198267328,0.6333321229961146,6314.65,0.00914330341101599,20000.0
1.0,0.013,1,0.2719397339268562,0.20221752859869407,0.26705247272001936,0.07460945852294355,11.823540437359073,0.7681914251189785,0.6289105511821572,6424.95,0.010767430835630306,20000.0
1.0,0.013,2,0.2606374757177797,0.20026972866600215,0.2496575685713903,0.07134765499921114,11.933746962709273,0.7623316000245359,0.6324725613452128,6433.3,0.010859836704127015,20000.0
1.0,0.02,1,0.26236236459782314,0.20539190943531863,0.25657895315608503,0.06275386460529417,11.370591485014033,0.770004042554264,0.6278100725312916,6554.45,0.013314808966409639,20000.0
1.0,0.02,2,0.25781459675651813,0.2048779031308136,0.2505971793212442,0.06015411068250094,11.57777299788197,0.7671243462805426,0.6295629814901057,6543.3,0.012592468549961206,20000.0
1.0,0.03,1,0.24673336381508143,0.1945026714809174,0.250781322027784,0.048182737343547936,11.310233225884852,0.7721948280162534,0.6264745240073933,6678.45,0.01531854738893329,20000.0
1.0,0.03,2,0.2491315589279774,0.19566572454791561,0.25339112634763233,0.04920627293476895,11.358887249630211,0.768355354020219,0.6287954685459668,6705.6,0.014684760670560473,20000.0
0.1,0.0005,1,0.210268700574847,0.08068514309020804,0.34155630356684225,-0.001704044930919291,14.452277656286597,0.676670021155242,0.6860633932027586,8064.85,0.024620435958307135,200000.0
0.1,0.0005,2,0.6095519073240222,0.8518612294889083,0.36297355451487434,0.004269033656161446,7.206406336528683,0.8698209828671212,0.5702113597448026,4969.523809523809,0.12673254139593557,200000.0
0.1,0.0015,1,0.18841610834720685,0.1409253676394299,0.2269122998010114,0.008994551232855922,9.546368478569722,0.7131732032707214,0.6628769446757554,7798.4,0.08983243197871246,200000.0
0.1,0.0015,2,0.18454422924191233,0.13813000560214334,0.22245013597745372,0.00850831929609214,9.62367503083831,0.7148099795920977,0.6618486901492397,7778.75,0.09010935994199751,200000.0
0.1,0.001,1,0.19280146268460013,0.14792462670064765,0.22747202705078512,0.01020627071573038,9.552202662389105,0.7203574533035743,0.6583863796425915,7755.1,0.0850659421651668,200000.0
0.1,0.001,2,0.19551260721985186,0.15029185784560534,0.23082297275142016,0.009910383981553764,9.54668474384866,0.7160293193817876,0.6610838719579402,7745.45,0.08500401728686209,200000.0
0.1,0.003,1,0.17325800663840293,0.13146633554169945,0.20869949756623102,0.006350179094103274,9.423712366568493,0.7076928232531836,0.6663122450432044,7859.55,0.10415717629279844,200000.0
0.1,0.003,2,0.1677886126867398,0.12772844933431976,0.20175531586772588,0.0060934625845743455,9.49212226406546,0.710881767168298,0.6643149509490563,7857.05,0.1033560072483368,200000.0
0.1,0.005,1,0.16462069295308748,0.12736289454740424,0.19733583354033435,0.004542661316349736,9.439581049238111,0.7048033270374104,0.6681234518336531,7905.95,0.11955322957746187,200000.0
0.1,0.005,2,0.16475915202802643,0.12571989340404252,0.1991805011821661,0.00461791533295678,9.394875447752213,0.7020044572393103,0.6698925921823438,7907.05,0.1219217090650044,200000.0
0.1,0.008,1,0.1476545833567184,0.11914343006831951,0.17345296743149205,0.0027127728456337375,9.364686045364547,0.6909734108111675,0.6768563224581168,7943.65,0.14073142066568842,200000.0
0.1,0.008,2,0.14615478817964683,0.11031077227325096,0.17863407396707195,0.0033647326889293403,9.357527786368712,0.6921632466447646,0.6760995253975832,7940.0,0.14249021463655717,200000.0
0.1,0.013,1,0.133859631075204,0.10564829290127724,0.1601616195829451,0.0019093462266091693,9.373041791935075,0.6921873824585214,0.6760862181840308,7944.75,0.17081797104814153,200000.0
0.1,0.013,2,0.13350289617321723,0.10701327883505715,0.15788411701188504,0.0021083934973928084,9.373358265679993,0.6888184940865718,0.6782182071407109,7952.75,0.17126782745006874,200000.0
0.1,0.02,1,0.12929415081579348,0.1022882644750881,0.15503013458539155,0.001269901329037428,9.421390410202074,0.6850966570171556,0.6805798695352924,7941.75,0.19961710692189147,200000.0
0.1,0.02,2,0.12870278872174695,0.1058031462953309,0.14999991073066785,0.0016025253207500316,9.36195233369929,0.6860272581851211,0.6799856095854862,7933.5,0.20146164802250172,200000.0
0.1,0.03,1,0.12349603380834877,0.1038478666484021,0.1422149785699866,0.0009292187835703719,9.42452337613977,0.6812647685129724,0.6830099888702259,7889.75,0.23327782557481397,200000.0
0.1,0.03,2,0.11716316002963909,0.10277925208966825,0.13024307007931885,0.0013039974938631018,9.49236742712436,0.6852806931335029,0.68045934533188,7878.8,0.2296384162786577,200000.0
0.3,0.0005,1,0.20488382470205027,0.08007162306342214,0.331128545345377,-0.0014325169888865354,14.741171229306616,0.6881459214388143,0.6786714263797015,7964.1,0.00695500444973107,200000.0
0.3,0.0005,2,0.6175807031073052,0.8347906327643412,0.38963022288714083,0.010740556687471547,7.02019578226403,0.885521789057224,0.5607131390627723,4912.142857142857,0.0524937801268208,200000.0
0.3,0.0015,1,0.25996417952798473,0.19442581389823915,0.2854253266625637,0.040077217053064315,10.908501860682481,0.7641843025270689,0.631337955237285,6945.1,0.045425956573566746,200000.0
0.3,0.0015,2,0.2599645113057404,0.20313965664851774,0.27590873943376193,0.04088062326346456,10.701330315749136,0.7680683443693703,0.6290020310024014,6956.2,0.04573674516096789,200000.0
0.3,0.001,1,0.2698912223394223,0.21204110878280158,0.2833786982684957,0.044362639435997726,11.033963482194896,0.7577453476444778,0.635273231448492,6913.25,0.0466835061248026,200000.0
0.3,0.001,2,0.2652582693017659,0.20399231789365208,0.282556068640366,0.04396815235614202,10.85014163546927,0.7596906844755327,0.6340853315968141,6929.15,0.048692001715826834,200000.0
0.3,0.003,1,0.25653967348192885,0.196456092895614,0.27933675099232935,0.03728650623592265,10.603744479051269,0.7580380123549599,0.6350960602654853,7113.05,0.04564628978206746,200000.0
0.3,0.003,2,0.25034027071047305,0.19251696077145622,0.273044886511549,0.03511869469181702,10.661201882062823,0.7615209007368028,0.6329698534521295,7061.4,0.048319470504792794,200000.0
0.3,0.005,1,0.24688100778559224,0.18309090737561656,0.28057379740760535,0.030097314989243406,10.405971649838357,0.760415316813283,0.6336637563435755,7170.4,0.05187704764405689,200000.0
0.3,0.005,2,0.24019372848714982,0.18232473733762872,0.26613812616451327,0.031924595712966256,10.516839403460862,0.7481703424445146,0.641150945175742,7154.2,0.05003683244399154,200000.0
0.3,0.008,1,0.2366078184692248,0.18279477210813072,0.262959025543562,0.027461842894807083,10.320201197053095,0.7510763491970771,0.6393564164635757,7269.05,0.057877728163736354,200000.0
0.3,0.008,2,0.23568404358457534,0.17475327607281854,0.2709750842469857,0.025639720321985394,10.410156392595844,0.7588398501214818,0.6346122683867206,7261.65,0.05693387162639728,200000.0
0.3,0.013,1,0.21808679502234782,0.1652465155665913,0.2515713024519722,0.01935577013977674,10.24276516899079,0.7436182224968843,0.643953144027011,7396.95,0.0659332224856127,200000.0
0.3,0.013,2,0.21412767880954844,0.16668411537651043,0.24275366672989537,0.018817576486184668,10.206812170133093,0.7343869220259144,0.6496529601565972,7390.3,0.06642528860137853,200000.0
0.3,0.02,1,0.19457853459738644,0.15293049376364756,0.22229759916360292,0.013928980831982286,10.032840871285533,0.735906257118007,0.6487129580242582,7489.45,0.07947419040159646,200000.0
0.3,0.02,2,0.2003989725973328,0.15486301524008286,0.23102598896983348,0.014908943256659337,10.113039627748591,0.7215262165911739,0.657645974784032,7489.35,0.07757885193939353,200000.0
0.3,0.03,1,0.17912830368058558,0.14172872791816804,0.2067711972269774,0.009756684371789198,9.855572946919583,0.7165608232169391,0.6607513490739706,7573.7,0.09204570793318903,200000.0
0.3,0.03,2,0.18541590398996116,0.149387840645158,0.21195921204652796,0.009484754207564365,9.862820040590586,0.7182676567570729,0.6596903691310263,7568.35,0.09293411314246196,200000.0
1.0,0.0005,1,0.6948166430851858,0.9807506237893858,0.3895736437409121,0.019309020134998706,7.211751344755156,0.8960742368674898,0.5546925204760702,4371.047619047619,0.019959325382624207,200000.0
1.0,0.0005,2,0.20780337896327256,0.09879550586532188,0.3172773114365621,-0.00046605748224752655,15.237905103109753,0.6912479509127863,0.6766868358028449,7752.5,0.0020746824588084418,200000.0
1.0,0.0015,1,0.28826548382497963,0.23205799862095508,0.24802285436883725,0.09645011981933962,13.029396144244824,0.7403829464491396,0.6459652156281687,5919.85,0.015042906265669167,200000.0
1.0,0.0015,2,0.2806108048908601,0.2248719093382033,0.24250949344822198,0.09384020789410612,13.070266514118737,0.7297537825834787,0.6525316296312969,5933.45,0.014116332536498358,200000.0
1.0,0.001,1,0.28482689127156796,0.23236297700219194,0.2427053817767967,0.0945854276046032,13.035364959456526,0.7308962051185308,0.6518286803401286,5903.9,0.01413695105817144,200000.0
1.0,0.001,2,0.28081909042398767,0.22932395207627082,0.23830182855275553,0.09401240277572849,13.0839926872757,0.735250772777939,0.6491184098968866,5924.95,0.013628839016781382,200000.0
1.0,0.003,1,0.2830817112942539,0.22611623843939815,0.24619549821455217,0.09385168330241785,13.10806003637175,0.74269820317056,0.6445155541899,5946.25,0.015431678463057624,200000.0
1.0,0.003,2,0.2869363970475695,0.23992321467436373,0.2437658204232167,0.09018375969613925,12.973230930717472,0.7409625262969513,0.6455887229820674,5989.3,0.016231497985996858,200000.0
1.0,0.005,1,0.280976315398089,0.22714853842991328,0.24932687996136355,0.08547721684407984,12.812824284612773,0.7474809469528363,0.6415699383430502,6042.6,0.016811956109015605,200000.0
1.0,0.005,2,0.28075903384348005,0.218630367954712,0.25608061527214926,0.08680708120155237,12.665464370785838,0.7590714900161587,0.6344651154680758,6039.4,0.017534128112364242,200000.0
1.0,0.008,1,0.2747000360120328,0.2240212709534341,0.24609023622024181,0.0792885665206214,12.493802742942329,0.7582707150371635,0.6349543582751955,6103.7,0.019767531169227248,200000.0
1.0,0.008,2,0.274293216363673,0.2238271398725859,0.25056867097703706,0.07419061640396564,12.447817522211732,0.7593593677830203,0.6342777712292187,6107.2,0.02007269218513875,200000.0
1.0,0.013,1,0.26331301600880075,0.21559961328185612,0.24218607660178493,0.0688403445355018,12.301094603038928,0.7707898354037754,0.627324886550674,6203.95,0.02426073958993344,200000.0
1.0,0.013,2,0.27340774129322243,0.22248651016652476,0.25356722285355,0.07076174242422074,12.284155264639562,0.7593664989686941,0.6342925719856453,6230.0,0.02263587578275112,200000.0
1.0,0.02,1,0.2648647846825634,0.2130879223832932,0.2552602232080881,0.06138142051236366,11.94644225961853,0.7641404874289337,0.6313608759172197,6340.7,0.027442934361910542,200000.0
1.0,0.02,2,0.26641638235918064,0.21322731915551052,0.25600700069988697,0.06359844557831497,11.978686185910437,0.768690612249417,0.6286089975090907,6315.0,0.027580988509035988,200000.0
1.0,0.03,1,0.255656213914973,0.20820282833412965,0.249978328660834,0.05313126839048846,11.658249612740626,0.7699247862994734,0.6278521924589165,6484.85,0.032179640992660095,200000.0
1.0,0.03,2,0.2534283570530395,0.21054803588763255,0.2482422042178169,0.04806647014299297,11.629204093355465,0.766869215044407,0.6297181256580345,6465.95,0.03221665679395477,200000.0
0.1,0.0005,1,0.3136871180586512,0.3005198961732907,0.3254436237036207,0.0014107185428492328,11.140893856741588,0.7461026637848108,0.6442990764491968,7140.75,0.21591718354559522,50000.0
0.1,0.0005,2,0.35946649371230205,0.36598123249456055,0.34977483953470256,0.0031769162101278974,10.013589506563415,0.771366473850349,0.628777667661794,6788.75,0.16096529059620734,50000.0
0.1,0.0015,1,0.18737513315203444,0.13719959753182903,0.2276225980582652,0.009928070075559322,9.608052385857285,0.7189825154102113,0.6592432727236042,7785.5,0.05440460503762055,50000.0
0.1,0.0015,2,0.18807066442128112,0.1409873905892775,0.2262802913009431,0.008873649123656836,9.59412860494558,0.7132933137037045,0.6628083660693578,7790.8,0.0543645415864208,50000.0
0.1,0.001,1,0.19252368578499038,0.14289831634118128,0.2321861687735519,0.00996288673407269,9.577094851190603,0.7251961958185886,0.6553809474921293,7757.95,0.05252689403042834,50000.0
0.1,0.001,2,0.19186409110826813,0.14934885503664236,0.223616306154863,0.010763020283021908,9.62310572259948,0.7149535794055115,0.6617528434106125,7750.25,0.05131483493827858,50000.0
0.1,0.003,1,0.17480028226678251,0.13228914449285298,0.21052829836030593,0.006783120405799417,9.510774308410436,0.7042452814434076,0.6684760197220456,7847.8,0.06337015821274306,50000.0
0.1,0.003,2,0.16990530221929387,0.12912759148762507,0.20380136533794505,0.0068816532573218025,9.502653855876456,0.7074558455411943,0.6664612237294161,7846.7,0.06374293720438064,50000.0
0.1,0.005,1,0.1646881657117745,0.12661366816781927,0.19815398941428816,0.0046086683779146004,9.420269538231697,0.6972997754980823,0.6728525036030168,7897.6,0.07761460931213023,50000.0
0.1,0.005,2,0.16243586363830026,0.12384657116546374,0.19661286766697114,0.004412291052258131,9.419576201989248,0.6996165354628741,0.6713921157608462,7896.65,0.07670195906977999,50000.0
0.1,0.008,1,0.15107260555161844,0.11959890346997318,0.17992044960556908,0.0026258555125065384,9.32914471520683,0.6941543797969121,0.6748413980755484,7942.15,0.0950412903099769,50000.0
0.1,0.008,2,0.14586290327229154,0.10953683193854599,0.1792379582691901,0.0029510213429152425,9.307933143005958,0.6953987648672559,0.6740536643954951,7921.65,0.0964063359806637,50000.0
0.1,0.013,1,0.13506935443973475,0.10899662154900305,0.15920341935800011,0.001938665007257571,9.373954518977914,0.6921994188046098,0.6760783558681148,7958.05,0.11943877471380213,50000.0
0.1,0.013,2,0.13156241357523366,0.10626560193204063,0.1550681268383608,0.001791102232983155,9.334368029850033,0.6887049910327994,0.6782892819993861,7966.0,0.12030985839807973,50000.0
0.1,0.02,1,0.1252431563285399,0.10291184837267313,0.14621109912407518,0.0013633621776217891,9.345813117885958,0.6799078926078993,0.683869146624199,7916.45,0.14772062791906923,50000.0
0.1,0.02,2,0.12649923156290294,0.10296256335349636,0.1486627704081376,0.0013731316430295158,9.34416508359982,0.685116189604723,0.6805668224111114,7921.2,0.1481799941212514,50000.0
0.1,0.03,1,0.1138823047687555,0.09524901280886829,0.1315511889874133,0.0009643996864550664,9.468133073119859,0.6811574156526322,0.6830804676713405,7862.45,0.17684916554600347,50000.0
0.1,0.03,2,0.11221257900821871,0.09684414397199811,0.1268026466222062,0.0007783706611447009,9.4439199684163,0.679641503472962,0.6840436659849389,7872.15,0.175354126774882,50000.0
0.3,0.0005,1,0.3085426926567971,0.34229517127856735,0.297899038503376,-0.023108822683799612,9.215769016044302,0.9834935790930368,0.5085961368769085,4722.714285714285,0.1759407559880529,50000.0
0.3,0.0005,2,0.3331925533605188,0.3843763097454669,0.3027846491762037,-0.020775851837287217,8.968994999274758,0.9859733297113487,0.5080487992800473,4753.0,0.15960693320494435,50000.0
0.3,0.0015,1,0.26604563860554753,0.20559492264034768,0.28497380029014385,0.0415225614971664,10.830037788703013,0.7644699374782676,0.6311704699347425,6957.8,0.02692852925057656,50000.0
0.3,0.0015,2,0.2690349486511523,0.20802088994182708,0.2892596930207869,0.040789319629676433,10.880416872461854,0.7716331670637933,0.626811569294542,6970.45,0.02784916495560403,50000.0
0.3,0.001,1,0.27285473068087873,0.21499104358495078,0.2869259015838383,0.04379251762052953,10.865659488663066,0.7684502835268977,0.6287569191386246,6934.4,0.02911953144162326,50000.0
0.3,0.001,2,0.2758593311619507,0.2044529146226673,0.3010823339286975,0.04618341418491817,10.892397145395018,0.7666120240910168,0.6298559553130696,6943.85,0.028790283805224564,50000.0
0.3,0.003,1,0.25374357066001674,0.18740132560580103,0.28362951936481745,0.036456297517324085,10.59422301335112,0.7631954788029416,0.6319406975912532,7063.9,0.027734775088057505,50000.0
0.3,0.003,2,0.2564362580127159,0.19373142087157436,0.28092876357888075,0.03821233587467127,10.849640103666022,0.7639388933037181,0.6314966639331173,7066.6,0.02791328549270399,50000.0
0.3,0.005,1,0.2499916771815481,0.18915582741137263,0.27754474582948746,0.033282774559889275,10.626669179956568,0.7588131990326326,0.6346222662350495,7154.8,0.028965786179162713,50000.0
0.3,0.005,2,0.24610946312013726,0.18667303334995825,0.2708871657912736,0.03465872958673051,10.551077541662753,0.7538739619154772,0.6376372608857598,7120.4,0.030883610438072463,50000.0
0.3,0.008,1,0.23329012397961954,0.17535682933047264,0.26380632141945554,0.02741709608932082,10.354603853447744,0.757180524222083,0.6356151117835316,7219.0,0.03473709308774404,50000.0
0.3,0.008,2,0.231832159516059,0.17763805445206932,0.2591963130793541,0.026829957251070367,10.426231627811966,0.7545525104492707,0.6372266937899234,7223.45,0.03490711790401527,50000.0
0.3,0.013,1,0.22470674798143042,0.1827956413619935,0.2457058734965874,0.020911982834392877,10.364801048551929,0.7362503628308087,0.6484871160576852,7326.35,0.039352484143759955,50000.0
0.3,0.013,2,0.2201954127004273,0.1700751510358075,0.24872562220929031,0.0215900524069308,10.299825095930977,0.738480537192876,0.6471142087190385,7335.7,0.040006254134174614,50000.0
0.3,0.02,1,0.19655467984154953,0.15544862950089913,0.22149419440406598,0.016166543886250363,9.979266264221144,0.7262841844191599,0.654688504889201,7450.7,0.04823843069789345,50000.0
0.3,0.02,2,0.20539325795155627,0.16140386399483111,0.23324004738151446,0.016142599647210508,10.13499801597818,0.7334214664300582,0.6502527299746974,7424.75,0.048189313413751406,50000.0
0.3,0.03,1,0.18875965300071088,0.1573769487594175,0.20909358452600615,0.011048778021412901,9.994297754668606,0.7183400376631077,0.6596381035956355,7502.35,0.05757252249779625,50000.0
0.3,0.03,2,0.18820142984155888,0.15044395290799265,0.21492390808659018,0.011034993582790439,10.088406467726092,0.7200820762443231,0.6585687342598001,7480.4,0.05750236041067638,50000.0
1.0,0.0005,1,0.28504960990506906,0.2487051055166644,0.31656223317445004,0.004831879687888112,12.23323992304409,0.9718530477776215,0.5949032257859924,6816.35,0.012958611240144718,50000.0
1.0,0.0005,2,0.3848505207690832,0.4283256795128357,0.3313413495788286,0.010034011821027426,10.382182271346512,0.9909693831366125,0.534030335143871,5735.35,0.027874356973747228,50000.0
1.0,0.0015,1,0.2844507834657228,0.2256323855426985,0.2516004832436227,0.09166869792438145,12.75837444736517,0.747373516333507,0.6416368563249042,5998.3,0.009110980514604159,50000.0
1.0,0.0015,2,0.2900016613699159,0.23474013981778877,0.24794945856656994,0.0973137270623787,12.732417663609763,0.7371469913508454,0.6479346847922941,6019.05,0.008433722647395767,50000.0
1.0,0.001,1,0.2829686064801947,0.2291482956663188,0.24188116292126954,0.09490775670488039,12.791009714924146,0.7269742235256011,0.6542627029220532,5969.05,0.008326477102470947,50000.0
1.0,0.001,2,0.2752606254640516,0.21964473783054497,0.2450774776121869,0.08579903794518011,12.753293936104463,0.749894097126589,0.6400833862152214,5984.5,0.009291232059110375,50000.0
1.0,0.003,1,0.2821115240526489,0.2243274380127504,0.248125669363836,0.09176993612874922,12.867039579932712,0.7438415883969232,0.6438197643491337,6031.3,0.008822848495233954,50000.0
1.0,0.003,2,0.28269547982630017,0.22656999845867754,0.24777791787742737,0.09104304113076993,12.623463189137851,0.73703268020491,0.6480112037166439,6057.45,0.008535783078518029,50000.0
1.0,0.005,1,0.2683657362385542,0.21854723742850007,0.23668941753171566,0.08149481821527586,12.597937504327813,0.7497055773580565,0.6402358846109355,6075.25,0.010449209296046157,50000.0
1.0,0.005,2,0.2757752367363604,0.2210942761483623,0.24842711864320735,0.08202907614244001,12.512899070250302,0.7503333501970755,0.6398083778251599,6110.25,0.010212352889828942,50000.0
1.0,0.008,1,0.2758140821826797,0.22088882671265245,0.25125945436308544,0.07947988146475904,12.199628849789992,0.7545951906085089,0.6371981065611594,6163.45,0.012191948315385916,50000.0
1.0,0.008,2,0.27788416085483447,0.21953304064037282,0.25674305718485657,0.07949222070632608,12.36747710657564,0.7530418835491957,0.6381544548131437,6168.25,0.011372686673503642,50000.0
1.0,0.013,1,0.2667196315089124,0.21498248627967037,0.2516818629219101,0.06677491494203339,12.141742662013577,0.7696989182813091,0.627998223865833,6302.5,0.014089092235101686,50000.0
1.0,0.013,2,0.2673193342002874,0.21370000976708375,0.2531755934161172,0.06776305876467441,12.169896819224451,0.7661275309777219,0.6301697144431354,6262.4,0.014245494345641246,50000.0
1.0,0.02,1,0.25510291260517765,0.20345317496733065,0.24557913123736408,0.06117351632741066,11.863099391880727,0.7644350690322449,0.6311889390545711,6380.5,0.01556889158896491,50000.0
1.0,0.02,2,0.2608429872261543,0.2114215512644441,0.24914802161320998,0.061116404546710565,11.820892603502687,0.7696210908691193,0.6280464224406123,6389.45,0.01637251550835979,50000.0
1.0,0.03,1,0.25272511275383225,0.20958550074513388,0.24395985649699256,0.051904862755650635,11.725255854880148,0.773075315784869,0.6259315101767479,6509.75,0.019561606139401937,50000.0
1.0,0.03,2,0.2556308680803521,0.19958432675285778,0.2550931941291863,0.05658420827797085,11.612145760255169,0.7692115559953151,0.628288373741286,6522.25,0.018496973337134265,50000.0
0.1,0.0005,1,0.19187570788744507,0.07316088158077713,0.312705589110321,-0.0021150608918129752,13.939335517341059,0.6785583248062497,0.6847569246073136,8144.25,0.02229030363398924,90500.0
0.1,0.0005,2,0.5796292597322455,0.790853025479054,0.36362461758475734,0.00478086818928835,7.529734782414384,0.860708031930123,0.5757615701910463,5195.714285714285,0.11116310224518887,90500.0
0.1,0.0015,1,0.18946349089539108,0.14242652013156148,0.22741497153987433,0.009085485899398841,9.578517710348908,0.7222355634505668,0.6572029220922019,7778.75,0.06891953854509908,90500.0
0.1,0.0015,2,0.1889076267222507,0.1417690259499919,0.22724443322135152,0.008801799697726318,9.536117695765146,0.7156205276435091,0.6613465726864491,7783.2,0.06816806810912845,90500.0
0.1,0.001,1,0.19356599944393513,0.14856883346136612,0.22759514926748547,0.010968018496944194,9.65728293795502,0.7148994279971663,0.6617917619153684,7751.65,0.06552934273678183,90500.0
0.1,0.001,2,0.19767192884740506,0.15000490921687892,0.2344750933373667,0.010863855141892509,9.688470062864718,0.7119703484760355,0.6636276021906589,7748.05,0.06344210054092762,90500.0
0.1,0.003,1,0.1788257698554328,0.13912720628640632,0.21217511689452678,0.006349219650695043,9.49854609650172,0.7033182127360876,0.6690684134491861,7849.45,0.07753028159969139,90500.0
0.1,0.003,2,0.1734671180691068,0.135058080355897,0.20558695170754154,0.006289207815035032,9.555844125236302,0.7020527939197747,0.6698602472050572,7840.45,0.07807883169748644,90500.0
0.1,0.005,1,0.1619568461397663,0.12747893673561164,0.19164042487606986,0.0047943233121497215,9.399650352669136,0.7021408522563773,0.6697985247110502,7904.95,0.0927313432308695,90500.0
0.1,0.005,2,0.1641668690082268,0.12675650451397336,0.1969381013362222,0.004639132120095717,9.492966002129677,0.7044574519926222,0.6683452597217213,7899.0,0.09226023243299436,90500.0
0.1,0.008,1,0.14871922377522948,0.1201349391970937,0.17419556015555376,0.0031079523796192993,9.313150240785703,0.6989156271270055,0.6718435304423314,7935.55,0.11269811878866173,90500.0
0.1,0.008,2,0.15254667980822595,0.11763793235638487,0.1841627885125722,0.003292640556573989,9.364086642108173,0.6926761260332983,0.6757794550998243,7933.25,0.11246505574819758,90500.0
0.1,0.013,1,0.13530290139016543,0.10657872031229387,0.1616923821908894,0.0023346986676540593,9.331637604684577,0.6921093163325389,0.6761346220397174,7961.85,0.13829411344319037,90500.0
0.1,0.013,2,0.13908261211249523,0.10937192302955348,0.1665900056772115,0.0022032955604312674,9.398733402958014,0.6912392688260147,0.6766878249062231,7948.05,0.13510476157770956,90500.0
0.1,0.02,1,0.12321570086963374,0.09998607032903264,0.1453171246284199,0.0011282055761367314,9.332010576467479,0.6815930702295205,0.6828071589520881,7936.6,0.1649588035268714,90500.0
0.1,0.02,2,0.12473798609704656,0.10305080145883867,0.1451082171952751,0.0013169515784265682,9.381323275278111,0.6839232448196659,0.6813195410057344,7934.55,0.16541108658805545,90500.0
0.1,0.03,1,0.12266928241530901,0.0994520570935018,0.1451276532690657,0.0007588546377490304,9.404958466294715,0.6835008831281464,0.681592169000273,7865.25,0.19830227094699202,90500.0
0.1,0.03,2,0.12173273545383437,0.09814082609673869,0.14418232039139012,0.001142326569469033,9.417820836905651,0.6837842419890705,0.68141063032851,7876.35,0.19677645241662775,90500.0
0.3,0.0005,1,0.6422156038317656,0.8892921777437935,0.38563800772101914,0.009501020355861383,6.817615734157387,0.8821155845589733,0.5625053020803081,4750.380952380952,0.05002145091904623,90500.0
0.3,0.0005,2,0.5711168598325096,0.7476431131934078,0.38544738023510866,0.009143219681715076,7.232576480830392,0.8594194429221392,0.5755003912226048,5226.523809523809,0.03971920733571585,90500.0
0.3,0.0015,1,0.2639158203672737,0.20228805585491058,0.2829283957862869,0.042615189739135,10.830154451035494,0.7601766361248116,0.6337858744004465,6964.65,0.03392095545704722,90500.0
0.3,0.0015,2,0.26265328378286645,0.20042083599352067,0.2819299593483805,0.04295577280319051,10.775381423424838,0.7695902701925375,0.628055131959113,6979.7,0.034965449870385086,90500.0
0.3,0.001,1,0.26861008578843726,0.20790498554000963,0.2860912966470355,0.04322389409216009,10.885848892968372,0.7601786276950511,0.6337878826362401,6946.4,0.03644468960560123,90500.0
0.3,0.001,2,0.2650498729283012,0.20436685753963485,0.282306040123607,0.043426848892262296,10.932765370686713,0.7628430567573338,0.6321593157547796,6915.35,0.03623216977676898,90500.0
0.3,0.003,1,0.25409037346713104,0.19348992146926863,0.27758220108985804,0.03710863043298552,10.641680217758976,0.7688642559988266,0.6285003912941729,7036.1,0.03625473666892594,90500.0
0.3,0.003,2,0.24814054569217867,0.18699992795296985,0.2730428680883995,0.03623829677013708,10.787058294894223,0.7557098735299748,0.6365255853280056,7029.35,0.035721261561240635,90500.0
0.3,0.005,1,0.25204387404668394,0.19260082103309276,0.27749765474751087,0.03398927307570593,10.691785110480904,0.7585600931874293,0.6347792379267618,7155.9,0.03752519045933177,90500.0
0.3,0.005,2,0.24757950009899768,0.19364534956758486,0.26918453025363054,0.03232912695839228,10.574626336859762,0.756230586622818,0.636205575073316,7134.45,0.0390908518589887,90500.0
0.3,0.008,1,0.23810540775994854,0.18535423791572286,0.263382450877354,0.02747412883034877,10.421752547003175,0.746568613017652,0.642127710162258,7247.25,0.04290485892993998,90500.0
0.3,0.008,2,0.23601459713026945,0.17694091295589345,0.2672411590190431,0.02784712231803834,10.39277650823438,0.7530513389980561,0.6381428618894261,7230.15,0.041646647322186384,90500.0
0.3,0.013,1,0.22055613445025482,0.16521330316717445,0.25388421042134307,0.022014751879833906,10.307878383581416,0.7452568569792043,0.6429490871535174,7318.9,0.049904268898456214,90500.0
0.3,0.013,2,0.22090252500069654,0.17013350241295222,0.24855771774341684,0.02311383424488487,10.224380399997996,0.7335415014051665,0.6501911637325358,7349.75,0.04959851076398371,90500.0
0.3,0.02,1,0.20172775069104149,0.15794294141923554,0.22953337185584882,0.015979186838249317,10.033221571158238,0.7300646573581313,0.6523441145210954,7451.25,0.05821390898796456,90500.0
0.3,0.02,2,0.2050120543504068,0.16473369788548994,0.22924167491374944,0.016048737550312938,10.074683655573603,0.7349751491158495,0.6492877548787417,7450.55,0.05908895501542335,90500.0
0.3,0.03,1,0.18220017727948307,0.14769034371540868,0.2063574713364332,0.010352539398500591,9.944185411276937,0.7168221085770148,0.6605898746579922,7514.5,0.06927971907425265,90500.0
0.3,0.03,2,0.1857958916342575,0.1471140567732132,0.2132724251278748,0.011205294824955903,9.888435302608755,0.7155025619428022,0.6614127962025257,7526.4,0.07084325578745232,90500.0
1.0,0.0005,1,0.6179931526960276,0.8186002767021323,0.3991441321980778,0.018241896788813366,7.268375016738044,0.8852033483095156,0.5608323716779698,4867.0952380952385,0.013704255609749921,90500.0
1.0,0.0005,2,0.4375723616167179,0.4940895195203338,0.3723945193262034,0.008660693208915557,10.738679565235563,0.7971080399126051,0.6131883836752793,6193.952380952381,0.009573765851808868,90500.0
1.0,0.0015,1,0.28527492666537285,0.22417277849920647,0.25315826084481546,0.09321881061318724,13.004804955471277,0.7426424926855705,0.6445561260350661,5953.0,0.010709016760437581,90500.0
1.0,0.0015,2,0.2841150460001519,0.2326243745904451,0.24967684814673002,0.08592886449351236,12.956264105651115,0.7389670886005859,0.646835735415179,5953.55,0.010886879452411768,90500.0
1.0,0.001,1,0.28308993176835445,0.22663745658815868,0.23992870683299442,0.09961370897958009,12.959784207384658,0.7375463923770811,0.6477175320261133,5943.95,0.010862276440956711,90500.0
1.0,0.001,2,0.2858231904569091,0.2345740144986787,0.23768349737489497,0.0993888631525442,13.106902227807486,0.7308257923038003,0.6518738612827538,5954.75,0.010059758774188719,90500.0
1.0,0.003,1,0.2762045331066019,0.22338079242178507,0.24219816065690908,0.08683011355998868,12.67711246444012,0.7429634814720293,0.6443535233121908,6009.3,0.011642477722075181,90500.0
1.0,0.003,2,0.2844008774319497,0.23244256014374728,0.24895560898634206,0.08740359134711942,12.686187818725168,0.7512150795376085,0.6392808686534897,5986.85,0.011794069196962608,90500.0
1.0,0.005,1,0.27059064588118364,0.21566754906711103,0.24812743578587576,0.07738630468500554,12.518834359226734,0.7583822126195818,0.6348786918534579,6054.05,0.013652709527068322,90500.0
1.0,0.005,2,0.27987411159243014,0.21907827456160417,0.25588505503585485,0.084784891186604,12.686912024245398,0.7533519252556806,0.6379840299487688,6054.5,0.01305519779149745,90500.0
1.0,0.008,1,0.27385518162294076,0.21931003146603714,0.25197037891913726,0.07642994978402898,12.330884618094796,0.7563036967847061,0.6361684731565627,6141.8,0.0143511333985193,90500.0
1.0,0.008,2,0.275254430784782,0.22129055121496394,0.24920930029985439,0.08000901532069818,12.521627276870385,0.7565793070369384,0.6359976720702161,6143.4,0.014973531187244437,90500.0
1.0,0.013,1,0.27332446421596124,0.22272788467043253,0.248231697881042,0.07568935315827281,12.288824781231167,0.756545399806162,0.6360108451717481,6220.75,0.01733009511074709,90500.0
1.0,0.013,2,0.2742347118960683,0.22201306841096602,0.25499584263575403,0.07146051843716503,12.264119243951672,0.7569152471896403,0.6357795244152652,6240.35,0.01685512905215647,90500.0
1.0,0.02,1,0.26321591771656216,0.20860917769545786,0.25451735953471205,0.06330529649282954,12.081146085818038,0.7700853513072669,0.6277499051204738,6318.3,0.020253986145559476,90500.0
1.0,0.02,2,0.2631334969441032,0.21237856195387156,0.24718590852265768,0.06670252489303485,11.924926782037955,0.7713613040836144,0.6269896722458049,6354.7,0.0197338086786693,90500.0
1.0,0.03,1,0.2493359513323644,0.20453744205895621,0.24120857300361348,0.05292588576300492,11.703002453203109,0.7714020461187681,0.6269505545374707,6488.95,0.02321925329309813,90500.0
1.0,0.03,2,0.2555046527567483,0.21262670666344996,0.24477864625672668,0.05360395424155975,11.764787727006075,0.763411830058623,0.631814694377384,6451.85,0.023342798358052325,90500.0
