mu_g,Tgran,seed,mu,a_c,a_n,a_t,f_mean,cv_f,pr_f,ncon,chi,P
0.05,0.0005,1,0.35074852372988646,0.37923329558912144,0.3213566659925331,0.0009070816703726352,10.615474937414229,0.7565907712144908,0.6377350713703805,6890.85,0.11411053148177353,10.0
0.05,0.0005,2,0.28284105229748807,0.2314696784332952,0.3341370026598251,7.542647190657483e-05,11.549936079891435,0.7306750132713822,0.6532670801737119,7417.05,0.09149714775125478,10.0
0.05,0.0015,1,0.14594574612609998,0.11174518118698681,0.17769065072449886,0.0024556643814786327,9.27463469420777,0.6972101661524408,0.6729127883305751,8031.25,0.11643977656476334,10.0
0.05,0.0015,2,0.14439355084531083,0.10814233359773348,0.17797977777469243,0.0026649879974011345,9.34168602724433,0.6922617153465522,0.676034297635976,8019.75,0.11539764411129669,10.0
0.05,0.001,1,0.1523256929531286,0.11787279294977016,0.18362704255707252,0.003151547367541127,9.267120353101163,0.6964453858395472,0.6733975631833042,8021.75,0.10647943656246912,10.0
0.05,0.001,2,0.15187848355626946,0.11419916876174419,0.18652975999370752,0.003028036360831728,9.291394748563748,0.6992950338703221,0.6715976595730381,7995.5,0.10579552162400216,10.0
0.05,0.003,1,0.13239647197589616,0.10511931919076767,0.15794466632733925,0.0017289588505439528,9.241614556325679,0.6852258678694928,0.6804948795426885,8051.85,0.14237476575024097,10.0
0.05,0.003,2,0.13707986442436393,0.10403146578910831,0.16860712721057589,0.0015211370819792147,9.20529452499941,0.6897947240278305,0.677600284189192,8040.3,0.1442811115700004,10.0
0.05,0.005,1,0.12079335621420924,0.09464336704184695,0.14580893054605942,0.001134417244955004,9.233029355438031,0.6866905307475167,0.6795669214251607,8073.95,0.1710748225587346,10.0
0.05,0.005,2,0.128972771147924,0.10046828364924987,0.15631817062973227,0.0011590872996480924,9.14347495979489,0.685793795432354,0.680136777180974,8081.65,0.17209257222149194,10.0
0.05,0.008,1,0.11934700578573165,0.09423356232697895,0.1437222186126257,0.0007382308612602335,9.165457230604211,0.6863132844677409,0.6798101415626966,8074.3,0.2065561078011465,10.0
0.05,0.008,2,0.12279787003716185,0.09365971886036886,0.15107457581508474,0.0008614412331164834,9.193385115281247,0.6835998750669117,0.6815260891700519,8059.3,0.20518031258606836,10.0
0.05,0.013,1,0.11268477948938656,0.09083401694049338,0.13405495647745472,0.00048058955131859073,9.222482948423874,0.6797849196042468,0.6839515738382453,8025.05,0.24995248864100345,10.0
0.05,0.013,2,0.11305997563044712,0.09376961111373677,0.13186912437868686,0.00048121464221470106,9.262844677815801,0.6790108985808002,0.68444620088893,8013.85,0.24737352469305232,10.0
0.05,0.02,1,0.10829365896231571,0.09249849469522156,0.12371069820077474,0.0003781224480027721,9.333058462146083,0.6819155826610107,0.682598358360209,7942.75,0.28546184066968444,10.0
0.05,0.02,2,0.1129902553098711,0.0924476890740131,0.13319550976144007,0.0003373123665289828,9.310436157065606,0.6781343648170817,0.6850025476779632,7963.95,0.28552853744170564,10.0
0.05,0.03,1,0.10325196519278554,0.08855499413157517,0.11762169647248899,0.00032724329800259673,9.414243429321886,0.6802433926800029,0.6836609129699134,7868.4,0.32639312970049866,10.0
0.05,0.03,2,0.10181832490012446,0.08943006272368133,0.11375725498729942,0.00044933180194610644,9.42701050655993,0.6805374077510675,0.6834717049989589,7855.55,0.32382913398234925,10.0
0.15,0.0005,1,0.572432855982423,0.7487563171516507,0.38900183768242486,0.007107559092089258,6.809324669879779,0.8607819131467759,0.5747591866395639,5223.666666666667,0.07615257114604106,10.0
0.15,0.0005,2,0.2025169744924315,0.08300670310362565,0.3234837657700188,-0.0014565204052987837,14.256670914884733,0.676473122482516,0.6861374769752404,8063.95,0.015690372702655712,10.0
0.15,0.0015,1,0.21987331813713484,0.1619936839261497,0.26047787957975077,0.017275071586524922,9.91300313344417,0.7370694123382509,0.6479865765681829,7556.8,0.05082627794033258,10.0
0.15,0.0015,2,0.2208120324600193,0.17344172384556544,0.24914161943495294,0.0190407244736279,10.020945474666963,0.7268879067155891,0.6543070535242208,7554.6,0.050621428645782465,10.0
0.15,0.001,1,0.22434192722784854,0.17210895078058414,0.2567228597859578,0.019852043761231307,9.97046580114521,0.7385886841815064,0.6470525222539563,7511.05,0.051806105012482985,10.0
0.15,0.001,2,0.22090528314946586,0.1656438425202164,0.2567159179831311,0.019450806090757035,9.965383940295515,0.731139488998047,0.6516612559372772,7495.35,0.05293950323346193,10.0
0.15,0.003,1,0.21053636423372363,0.15737773411095846,0.24935785711231823,0.014337135661666334,9.798687974433047,0.7322128718488573,0.6509997907206826,7620.9,0.056651978153539596,10.0
0.15,0.003,2,0.20339246124794336,0.1582712969058261,0.23387363709424352,0.014639988915466608,9.871252716844257,0.722311317382051,0.6571580434184259,7629.55,0.055749447597458236,10.0
0.15,0.005,1,0.195591038031047,0.14972524058218886,0.2304775582563369,0.010979274072804092,9.652247352090692,0.724417808383216,0.6558401884514452,7704.15,0.06388313033634187,10.0
0.15,0.005,2,0.18986801794475314,0.14807290486527966,0.2207088302473213,0.010954302557684717,9.742067747856638,0.7128412770654162,0.6630798243411345,7693.35,0.06395547255433255,10.0
0.15,0.008,1,0.17429615820709124,0.1328842576857368,0.2080496570664144,0.007658405483942141,9.652735533634852,0.7146409325843722,0.6619574790923966,7752.55,0.07555593794005347,10.0
0.15,0.008,2,0.17851513649429138,0.1372318978832705,0.21183346075002976,0.007964914925559069,9.574033450224968,0.7141826121653672,0.6622378848790735,7761.1,0.07649496511035292,10.0
0.15,0.013,1,0.16023440798475783,0.1294740052169106,0.18602750434096366,0.004967300193284184,9.593425865775917,0.6953063469469151,0.674113212299197,7832.9,0.09147957406480105,10.0
0.15,0.013,2,0.1645423560857791,0.12720836598489021,0.19698843976071498,0.004887905591720825,9.521450416728005,0.700423476859792,0.6708891648676787,7814.8,0.09204628259335491,10.0
0.15,0.02,1,0.1433406301210119,0.11374830517659944,0.169498739802142,0.0034342156593331597,9.492235174770645,0.6925752930766259,0.6758385962417858,7853.55,0.11193331263415227,10.0
0.15,0.02,2,0.14976114315637096,0.12032476490390849,0.17609831653767707,0.003099206519663593,9.576670777070339,0.688860539662863,0.678196697483241,7833.2,0.11257518832299103,10.0
0.15,0.03,1,0.13229305202902958,0.10863292436983289,0.1537230006054376,0.002230173453892903,9.489055343936847,0.6860660270673897,0.6799600039701127,7823.35,0.1346610199653473,10.0
0.15,0.03,2,0.13265475420128553,0.10665907070448874,0.1563052622309347,0.0023451769301241847,9.481752642341595,0.6907151184649454,0.6770171045618396,7809.1,0.13755015524952788,10.0
0.1,0.0005,1,0.579651620704533,0.7889081375652274,0.36432825913896016,0.006066848046555752,6.7794197299359285,0.859963939504373,0.5753395073293158,5141.571428571428,0.11209682376335034,10.0
0.1,0.0005,2,0.1959247249639903,0.06582479207544657,0.3279713307114447,-0.0019466704771473285,14.340066390311899,0.6820053885587352,0.6825655997202169,8171.05,0.022214631659924683,10.0
0.1,0.0015,1,0.1859228944050507,0.1394940711752166,0.22338725278271349,0.008964468620132627,9.518766930466343,0.7205884662742414,0.658241406116512,7759.1,0.06778764339801832,10.0
0.1,0.0015,2,0.19006195335886877,0.1454424227171611,0.22580755005818123,0.008873934818389707,9.581237520545088,0.7164184816104606,0.6608383061466097,7771.55,0.06891308454713334,10.0
0.1,0.001,1,0.1953396112343548,0.150687912450296,0.22990121851931447,0.010090090908337672,9.687774513686191,0.7193131385786989,0.6590381416136788,7753.4,0.06541480932225081,10.0
0.1,0.001,2,0.19530651847499195,0.14478845933018208,0.2358172061004144,0.010007372872341594,9.635281031941545,0.720691188767312,0.6581865138284438,7753.2,0.06383118184740308,10.0
0.1,0.003,1,0.17426994568642135,0.13536697165665942,0.2064902283317625,0.006682687522558748,9.444675316304183,0.7038589010387749,0.6687222557439066,7855.8,0.078466988254586,10.0
0.1,0.003,2,0.17358808807359544,0.1364647587224222,0.20428247597795357,0.006428947138850588,9.502686465901444,0.7051320470232252,0.6679238560948527,7829.0,0.0774503700582381,10.0
0.1,0.005,1,0.1590507888673522,0.1229829920166248,0.19055860467965507,0.004559980723703323,9.4099101943056,0.7025389121807878,0.6695481024640062,7892.55,0.09131860434145345,10.0
0.1,0.005,2,0.16850722208627789,0.12577314691506533,0.2065205259394946,0.004720766727060144,9.49219966815701,0.7023137376351427,0.6696942626236028,7891.75,0.0922234766370845,10.0
0.1,0.008,1,0.1478045687095652,0.11631569059899949,0.17648444125254267,0.002809005336113884,9.354915300324963,0.694740786783778,0.6744755323886776,7928.25,0.10975196234860438,10.0
0.1,0.008,2,0.1475043458899437,0.11781336114875747,0.17420688765191475,0.002988446150011552,9.386447438449826,0.6971013788285393,0.6729779673518516,7942.0,0.1131019065752179,10.0
0.1,0.013,1,0.14074278585102667,0.1137707774392488,0.16570520070404995,0.0020095921854276335,9.25920283363857,0.6882716662748871,0.6785649759215134,7949.95,0.13719277373085165,10.0
0.1,0.013,2,0.1359808890980219,0.10804911063494789,0.161774660673561,0.002138010079146972,9.36682308823496,0.6866048026057581,0.6796206186721101,7959.55,0.13518486226747123,10.0
0.1,0.02,1,0.12643302604411058,0.10247068602936504,0.14883081290293967,0.001564553594608693,9.348365215740035,0.6845674230548998,0.6809198946230846,7930.65,0.16382197018016467,10.0
0.1,0.02,2,0.13044125171224058,0.10413736193679557,0.15501197898307617,0.0017331644958263539,9.310305875913325,0.6875840889832645,0.6790060748392045,7921.6,0.16500564029174403,10.0
0.1,0.03,1,0.12455329701604619,0.10561716725716357,0.14244057950765213,0.0010488490025788388,9.384906361426854,0.6794753001959428,0.6841458108150084,7881.35,0.19672669167022827,10.0
0.1,0.03,2,0.11820616787700848,0.09995092262072584,0.13521810390408953,0.0012433107259937927,9.41289624454026,0.6860550996642084,0.6799696650860174,7864.75,0.1957897082878665,10.0
0.2,0.0005,1,0.1883570616750445,0.06936914096429739,0.30845211077912876,-0.0011071276363819563,14.286057581182325,0.6771980850654167,0.6856263659249455,8078.526315789473,0.01145884872963478,10.0
0.2,0.0005,2,0.1880938359344045,0.07756260420343,0.29961609056518856,-0.0009910203411264778,14.032552533602773,0.6807899131824385,0.6833383188625086,8061.5,0.01048015916757889,10.0
0.2,0.0015,1,0.23935385092144998,0.17791992014070487,0.2754836830253678,0.02530409431144807,10.197745779476225,0.7528391073867994,0.6382767900971774,7321.65,0.04366919328409955,10.0
0.2,0.0015,2,0.24345609991456624,0.1838167860490862,0.2768830478882779,0.02621236657631021,10.16206615951466,0.7455462672633889,0.642756095990612,7341.8,0.043474215448178324,10.0
0.2,0.001,1,0.245884442201496,0.1851487246986845,0.27716889908382575,0.029451259006980528,10.373207982544752,0.7441704332368696,0.6436016548649632,7296.65,0.04378308223212282,10.0
0.2,0.001,2,0.25046828991023407,0.19450699039654779,0.27855632488033416,0.027873268564106952,10.38799970320449,0.748971058966542,0.6406496148348317,7280.35,0.04514568079589506,10.0
0.2,0.003,1,0.2264883727545793,0.17166409381096676,0.26011042651686517,0.02120223236711712,10.110281715816718,0.7488698076126504,0.6407250952402366,7416.45,0.04673197644955425,10.0
0.2,0.003,2,0.23107814464172605,0.18110437359256903,0.25861582844783176,0.022436090487419517,10.138681126477342,0.7382484810026763,0.6472648891472654,7426.2,0.04539420976693134,10.0
0.2,0.005,1,0.22084333471850762,0.16903364771082846,0.25529594487401036,0.017357078965353545,10.065442113796543,0.7395708595327056,0.6464487887794809,7497.05,0.050814446540108894,10.0
0.2,0.005,2,0.21643441376918576,0.1667803665881008,0.24811199063014158,0.01797646931346012,10.06856352860139,0.7352991187414154,0.6490914081575208,7509.75,0.05064059721390831,10.0
0.2,0.008,1,0.20503197875676893,0.15249667053374868,0.24401604831441234,0.013551235853134613,9.84156279540844,0.7284258674957402,0.6533625939883362,7589.15,0.05889482586415412,10.0
0.2,0.008,2,0.20566369213509067,0.159164102049388,0.2384433383790648,0.01371994212163401,9.822916722984296,0.7297727364048291,0.6525092224457545,7567.4,0.059938245294888094,10.0
0.2,0.013,1,0.18455791392344525,0.13942487675657184,0.21984185990047372,0.009849094362652872,9.823815793667169,0.7120201657023322,0.6635987724900448,7678.65,0.06966333664015753,10.0
0.2,0.013,2,0.18618191494403213,0.14821709047316142,0.2144471137467852,0.009699628511616263,9.89052159085541,0.7137616003550181,0.6625042503230574,7670.1,0.06889028466488337,10.0
0.2,0.02,1,0.16510482060445292,0.1336702328891656,0.18999798450248978,0.0065414275305569645,9.611524985002328,0.703530117239756,0.6689262380144866,7724.5,0.08595956896955889,10.0
0.2,0.02,2,0.17261035067077102,0.13515980242270756,0.2034773491895619,0.006583549945958622,9.732390965233014,0.7069608683249122,0.6667666992021385,7720.9,0.08482023258724122,10.0
0.2,0.03,1,0.15061175171789792,0.12277656596702484,0.17415669073162107,0.004290243131284375,9.52270125690335,0.702371691928149,0.6696677851983059,7751.05,0.10396789939275586,10.0
0.2,0.03,2,0.1550230812821181,0.125883614811139,0.1799133667026535,0.004249177898562249,9.579107797047326,0.7024485663559847,0.6696125384353587,7743.6,0.10415481840099292,10.0
0.3,0.0005,1,0.5860145559362501,0.7741979729764203,0.3880612320163258,0.009769903864429049,7.125394864034106,0.8693612790268164,0.569856372533228,5111.428571428572,0.044413724887470925,10.0
0.3,0.0005,2,0.2509017395385138,0.18008628218625927,0.3210111371528194,0.0007060617586307007,13.602811126600276,0.7036723881458196,0.6697053261796492,7607.35,0.011776156120267075,10.0
0.3,0.0015,1,0.26910636043885494,0.21024904889207674,0.2865893159411438,0.0413743553424764,10.71903242176878,0.7696426115476106,0.628033171051659,6975.9,0.03416932737257001,10.0
0.3,0.0015,2,0.26097819542707956,0.1986725225140795,0.2803697693590098,0.04291409509019596,10.820207566098393,0.7618616795571296,0.6327622070545715,6946.5,0.03432197887644219,10.0
0.3,0.001,1,0.26755582951786555,0.20511742575604144,0.28941666796045185,0.040577563782677385,10.982814992825485,0.7668243089735631,0.6297346481708535,6916.5,0.0359943773762655,10.0
0.3,0.001,2,0.26020687469914117,0.20607087331724966,0.2746930831495504,0.039649793288690574,10.94568660920441,0.7592089018155648,0.6343743051653649,6917.45,0.037129201862827435,10.0
0.3,0.003,1,0.2556072661471526,0.19522904545264325,0.2782660756415616,0.03771940779654291,10.717750382145791,0.7620716777999751,0.6326204807667246,7041.25,0.0355307571784011,10.0
0.3,0.003,2,0.2634580540878114,0.19915810372302772,0.29038921898977754,0.03736878047507353,10.622638852370727,0.7670009522633051,0.6296554384802117,7072.4,0.03540278366089848,10.0
0.3,0.005,1,0.2503462013241207,0.1883123830427596,0.2789951272896945,0.0333848870001178,10.543584758777552,0.7607990867314683,0.6334071707364277,7143.7,0.03825709652773396,10.0
0.3,0.005,2,0.24535406332540927,0.1906069076297336,0.2660302364869706,0.03407098439444766,10.534262002109386,0.7543284961972359,0.6373545095186943,7138.15,0.03777461337566784,10.0
0.3,0.008,1,0.2333317340592002,0.17387739653055329,0.2666972896040758,0.02608878296732236,10.413483669101513,0.7535030944274003,0.6378624392700306,7226.0,0.041453476427987676,10.0
0.3,0.008,2,0.2393265904499363,0.18421760144897964,0.267020393085233,0.02741518359151105,10.508228222613113,0.7564955830321348,0.6360295454329233,7227.45,0.0425876469659353,10.0
0.3,0.013,1,0.2231937506644884,0.17486721368311042,0.24992805973152404,0.021592236844624867,10.15385219880654,0.7366185842690565,0.648275064657611,7347.9,0.04952612160226614,10.0
0.3,0.013,2,0.22356267239180924,0.1743343260878992,0.2504685765895424,0.02232244274070936,10.112738209736115,0.735866476977044,0.648734490370242,7361.35,0.0490987528521654,10.0
0.3,0.02,1,0.2056306389824527,0.1604694950145142,0.23533960284005878,0.01545217995745064,9.981601181132836,0.730730228067543,0.6519232205101935,7431.65,0.05920037947619526,10.0
0.3,0.02,2,0.2013965360060012,0.15809279407882543,0.2288552327424819,0.015845044922553328,10.129293395121522,0.7248706030656147,0.6555663530612993,7450.15,0.05693321701470282,10.0
0.3,0.03,1,0.18468510571606014,0.14742131135310493,0.21137743464806397,0.010571471446987191,9.97580020386349,0.7240741575158085,0.6560591775166746,7516.0,0.07056317407088802,10.0
0.3,0.03,2,0.18981527764516887,0.1487467004922201,0.2203342583580353,0.0105495949457197,10.00060305924632,0.7183090140543027,0.6596553097704023,7514.3,0.06921993448643557,10.0
0.5,0.0005,1,0.1974565319004852,0.08124709270952137,0.3153559182241924,-0.0016899506576863294,15.009826904815261,0.682700078578714,0.6821092216306227,7944.2,0.004869422328445672,10.0
0.5,0.0005,2,0.1974735280888884,0.08291279913552227,0.3127133188118475,-0.0006790571303725341,14.44645022078295,0.6867487508779854,0.6795420924018557,7920.5,0.004321543405898847,10.0
0.5,0.0015,1,0.27765338893241337,0.22400485194938485,0.26748284709314435,0.06381908325622997,11.912266171133645,0.753907423993779,0.6376240117371806,6423.3,0.022697806859926423,10.0
0.5,0.0015,2,0.27633222701347865,0.2207684312921862,0.2664941320068889,0.0654018966839396,11.844170339034061,0.7590252132078924,0.6344779328741084,6441.7,0.023123348031992792,10.0
0.5,0.001,1,0.2813365918731462,0.2260985961858947,0.2703765051977402,0.06619808959092473,11.919311712038247,0.7591028748671202,0.634440292474154,6420.8,0.025224905638439238,10.0
0.5,0.001,2,0.2838871964775032,0.22800000306169016,0.2719177985244314,0.0678565871979264,11.893431389584986,0.7523763557706331,0.6385830316795229,6411.65,0.024928160892118727,10.0
0.5,0.003,1,0.2749646447864574,0.21485895934626154,0.2751077879121629,0.05996254252578437,11.57050399408249,0.7628947839903442,0.6321341729505442,6524.45,0.024616303167965325,10.0
0.5,0.003,2,0.27613499580577394,0.21201565904722175,0.28054584570020075,0.05970849076078251,11.81522666334781,0.760984049385114,0.6332912451550428,6524.9,0.02422850481604221,10.0
0.5,0.005,1,0.26600374139045646,0.2089088220521039,0.2670274926532795,0.05607116708757812,11.447971065490552,0.7573502125875492,0.6355156016593921,6602.85,0.025455010156158486,10.0
0.5,0.005,2,0.27280156302988023,0.21205644451720662,0.2785816177598309,0.05496506709759941,11.40226438109152,0.7638328101676679,0.6315621785988264,6619.85,0.025228148131999743,10.0
0.5,0.008,1,0.2678934680516715,0.21160424613633105,0.27372121568308716,0.05046147103001717,11.352915002782709,0.7651309639597671,0.6307776102019691,6730.7,0.02814349658804392,10.0
0.5,0.008,2,0.26264191391540076,0.2032702638339016,0.27037152990419694,0.051642034461799935,11.331323966221177,0.7643844928776329,0.6312174162629954,6702.1,0.02865322230569279,10.0
0.5,0.013,1,0.25102088833402736,0.19216841596075157,0.2656844725551267,0.044188888241477,10.995602782474721,0.7652967308158385,0.6306707076227722,6817.9,0.03309992176425009,10.0
0.5,0.013,2,0.25431923684606916,0.1977701008470375,0.2687028132431823,0.042165559760276396,11.13581115195922,0.7647662340039882,0.630988388696015,6816.0,0.03233353519711205,10.0
0.5,0.02,1,0.23802987349960475,0.1898878129594621,0.25065237709187355,0.03551956090309725,10.869570977895515,0.7604813159975501,0.6335924329735922,6947.5,0.037386739991230614,10.0
0.5,0.02,2,0.24715405603362678,0.20069970133706166,0.25884915715250817,0.03475925539703179,10.747350576722518,0.7620562996059956,0.6326527879469779,6936.05,0.03843538160701567,10.0
0.5,0.03,1,0.22738974686276542,0.1847125693214094,0.24403420861344868,0.02603271794227584,10.54902252544054,0.7515735112421484,0.6390494412879424,7083.85,0.045267041420450564,10.0
0.5,0.03,2,0.2261169336797602,0.17652805518727702,0.2484142874680748,0.02729152346843486,10.674467330002916,0.757594653678667,0.6353590649895376,7078.45,0.04422729404160842,10.0
0.05,0.0005,1,0.16236845840456274,0.11254517272339652,0.20772777572325452,0.004463965164172567,22.4028875634066,0.6985358694178136,0.6720842410519656,8237.9,0.08029060902381976,25.0
0.05,0.0005,2,0.15173971034695918,0.10718611791091097,0.19168290336021135,0.00461039888630171,22.40605427496474,0.6957434109859275,0.6738354127728557,8253.8,0.08039755353149405,25.0
0.05,0.0015,1,0.14151357589677613,0.10196293391654021,0.17835541808525066,0.002708798253078304,22.429693028475448,0.6879796475629848,0.6787515186125814,8305.25,0.0941985942943185,25.0
0.05,0.0015,2,0.14570737970671183,0.10275363355693097,0.18586615171610327,0.002794974870428818,22.254442387664923,0.6871832084843982,0.6792553783533486,8299.5,0.09376532602306462,25.0
0.05,0.001,1,0.1477318311503613,0.10172235239013012,0.19031982694065613,0.0034214813264858432,22.327925085034963,0.6938757176567948,0.6750177122017152,8275.5,0.08500288697985206,25.0
0.05,0.001,2,0.1470813820139341,0.10299236931911941,0.18774834491309567,0.0034220550061614453,22.40796211434523,0.6906562894506872,0.6770531542009649,8298.8,0.08631709543179364,25.0
0.05,0.003,1,0.13129046164325858,0.09716568079020094,0.16379156738466863,0.0016236799927916799,22.065537879442008,0.6906896392781025,0.677034186843355,8341.1,0.11812736120066128,25.0
0.05,0.003,2,0.13331807050613378,0.09595400479518225,0.16896700167666148,0.0017151343217420175,22.167878118607796,0.6795889127065448,0.6840777794326273,8358.6,0.11740041908284779,25.0
0.05,0.005,1,0.11848647061174795,0.08431510016212015,0.15165583483212192,0.001002007337820011,21.99384768455256,0.6812916576189586,0.682995902935786,8376.4,0.1428304983510518,25.0
0.05,0.005,2,0.12030837172965961,0.08602102363063409,0.15343096406175327,0.001164754741181489,22.191454260429303,0.6774855453128895,0.6854144333353679,8366.5,0.14233867182199228,25.0
0.05,0.008,1,0.11313510603716839,0.0781695904544433,0.14743687536301156,0.000663746695047343,21.95409777822039,0.6770553058770712,0.6856885010933038,8368.2,0.17240019484024682,25.0
0.05,0.008,2,0.11407069278627777,0.08060646029692126,0.14676801665177872,0.0007669072638307428,22.067580680513455,0.6755721068712192,0.686629662059155,8385.1,0.17050887189958852,25.0
0.05,0.013,1,0.10615727050561838,0.08066798437730276,0.13101721164039534,0.000629343439095907,22.19047148546265,0.672882598661168,0.6883442950239689,8342.05,0.2082726466374536,25.0
0.05,0.013,2,0.11152010216363215,0.08118448395698939,0.14128853909029854,0.0005671758633614491,22.135118592507105,0.6764410057901039,0.6860780636720005,8355.25,0.20670525979552976,25.0
0.05,0.02,1,0.10848438019036502,0.0815287654056772,0.1351105607144644,0.00032943418905019084,22.224072864231534,0.6753666423402058,0.6867618920365344,8321.8,0.24452527963032772,25.0
0.05,0.02,2,0.10719522774235128,0.08033994680682782,0.13366292517931153,0.0003875848679770701,22.246696349629776,0.6686887445536349,0.6910230622076707,8312.65,0.24387908041608744,25.0
0.05,0.03,1,0.09997484674389176,0.0756252419926078,0.12403646139499229,0.00028798725254814675,22.294617889405572,0.6789979144583829,0.6844504137913969,8236.6,0.28055567088909583,25.0
0.05,0.03,2,0.10317536653932229,0.08103228142616252,0.12496065162788253,0.00035780101394521286,22.411256210602698,0.6740930830157505,0.68757172822598,8256.0,0.2800291162529162,25.0
0.15,0.0005,1,0.22510179796468704,0.16118853063558933,0.2654714865816655,0.023543584504145933,24.179953001582888,0.7325260929014893,0.6508024049806934,7747.0,0.04828939740547578,25.0
0.15,0.0005,2,0.23547790294972532,0.16893619549776026,0.27855372702651093,0.02346588149964056,24.0079472007102,0.7353231546409457,0.6490696634119875,7737.0,0.051234813462869636,25.0
0.15,0.0015,1,0.21832545540149678,0.15395807600497466,0.26337195891713433,0.01932087083518679,23.91944068403311,0.7299971533368727,0.6523861989828944,7837.65,0.04240932074875285,25.0
0.15,0.0015,2,0.2169959879035916,0.15424923488467146,0.26045119159925983,0.019291547512188097,23.800168564449596,0.728487883499943,0.6533175111397057,7805.3,0.04322809069824212,25.0
0.15,0.001,1,0.22404608646329316,0.15444953190715197,0.2721069339350874,0.021535710981332674,24.11316022447486,0.7287088539657843,0.6531773336416307,7791.45,0.042353412652857164,25.0
0.15,0.001,2,0.22162759195147325,0.14945026679836163,0.27235600700752716,0.021448915538553628,23.848740610668337,0.7326272938413537,0.6507514523608423,7778.8,0.04438143150139682,25.0
0.15,0.003,1,0.2064160040531678,0.1418296894630721,0.25632652736914063,0.0146757943832591,23.559978824044567,0.7284503662949187,0.6533390653724302,7879.8,0.047352649069034004,25.0
0.15,0.003,2,0.20706652851932045,0.14701907248547902,0.2519361600398232,0.01517781947893892,23.72902112669122,0.715326484076223,0.66152481864716,7895.75,0.044800914987376345,25.0
0.15,0.005,1,0.1925053010534665,0.13553740528843233,0.2378794008785948,0.011593796338383663,23.3670008483759,0.7141256393805505,0.6622746008122656,7955.05,0.052429287075089114,25.0
0.15,0.005,2,0.19523433766369105,0.1364790974795021,0.2414854823513445,0.012504093756192342,23.497922300223955,0.7143886340185155,0.6621279976713741,7959.4,0.05206106909666656,25.0
0.15,0.008,1,0.1794568676562027,0.12411272640835991,0.22604259613637412,0.008758411997249048,23.063177668191326,0.7062719924967679,0.6672041997724137,8034.0,0.06109282809802963,25.0
0.15,0.008,2,0.18206060468320667,0.1276450257775526,0.2272481619153429,0.009228014652510918,23.31662015334799,0.7067548023391068,0.6669043502131414,8033.35,0.060918867232622555,25.0
0.15,0.013,1,0.16396884898767244,0.11970190702691838,0.2020926197132345,0.006143166702666571,22.966170358949515,0.6996084009230341,0.6714023291457378,8094.1,0.0750129173028235,25.0
0.15,0.013,2,0.16186303442845745,0.1154384481343483,0.20283338869945539,0.005454233487317425,23.107389642864852,0.6993681143451174,0.6715477355309207,8084.15,0.07568055602085541,25.0
0.15,0.02,1,0.14472785295109594,0.10495239452366376,0.18098329284669717,0.003520019473364999,22.59255964524144,0.6940268386368322,0.6749255573276426,8136.45,0.09288367045838242,25.0
0.15,0.02,2,0.1482199335732336,0.10522597509577794,0.18726085392170655,0.003953041008140331,22.73961175305052,0.6905719116093707,0.6771077219100482,8145.7,0.09187148152621974,25.0
0.15,0.03,1,0.1343572126562314,0.10172166007033243,0.1641478323139298,0.002844936015174308,22.74747979961625,0.6892647186333647,0.6779360713397182,8165.15,0.11130628087591436,25.0
0.15,0.03,2,0.1366961211934352,0.10217448187753086,0.16813223029051352,0.0030855300466212537,22.653191586038904,0.6853970478575817,0.68038351098126,8162.35,0.11113233271254912,25.0
0.1,0.0005,1,0.20128189223489573,0.14734248581805423,0.24169822721249767,0.013523070764852116,23.366956166625325,0.7100453005721354,0.6648351136461361,7994.3,0.056117372766029607,25.0
0.1,0.0005,2,0.20700788389928237,0.14749492079374948,0.2537504085731145,0.012770435574201097,23.18771314324702,0.7168932814398297,0.6605413185885813,7972.75,0.05913503082962375,25.0
0.1,0.0015,1,0.1921530948193807,0.13278707681391966,0.24105720787950288,0.010461903575714157,23.196054242746435,0.7086198001789374,0.6657209219549813,8045.95,0.05518062168478003,25.0
0.1,0.0015,2,0.18936170859244827,0.13187060331859887,0.23703317346588557,0.009819640069043989,23.297939492459598,0.7017182515873073,0.6700731694425859,8049.6,0.05536258472252671,25.0
0.1,0.001,1,0.19428571207088075,0.13807673861591788,0.23894429679993343,0.011550387767503058,23.2457234272954,0.7048385304138988,0.6681096509333754,8011.4,0.05421036996158605,25.0
0.1,0.001,2,0.190639513317046,0.13183834967641378,0.23800258191609286,0.011438094846663797,23.185062766134365,0.7104667931621534,0.6645743593466165,8027.85,0.05346917239883121,25.0
0.1,0.003,1,0.1746656659590608,0.12184096649109717,0.21996269317515998,0.0075276752782288976,22.721402820959423,0.7030799790284704,0.6692061379127577,8123.25,0.0630129592472939,25.0
0.1,0.003,2,0.17713660832556494,0.124792977564357,0.22231491277742702,0.0071653259194716405,22.8002964477038,0.7069425740532828,0.6667857764303752,8114.0,0.06366347330768414,25.0
0.1,0.005,1,0.16089026488165642,0.10834576544326506,0.2080905482510446,0.0053442165746215905,22.712818195381907,0.6986614538307909,0.6719987549496265,8174.45,0.07386847176956716,25.0
0.1,0.005,2,0.1638279793829135,0.11335834004839525,0.20894709817074603,0.005350521497142978,22.611172767801918,0.7020197039046537,0.6698864716452352,8158.55,0.07520635748526022,25.0
0.1,0.008,1,0.14309816548422294,0.099943812228746,0.18278617972172445,0.0034663404545570826,22.63277070792268,0.6903369629358336,0.6772566222085448,8222.45,0.09003916128864556,25.0
0.1,0.008,2,0.14821795174713434,0.10493298030999024,0.18801702961078154,0.0034858934105740516,22.533768935085156,0.6914917308361999,0.6765259033916247,8217.2,0.09020229983695326,25.0
0.1,0.013,1,0.13504829646505567,0.09425124696805778,0.1735845280670733,0.0022608189485549992,22.415108046616613,0.6843569125190215,0.6810427370501766,8247.25,0.10984482649273405,25.0
0.1,0.013,2,0.13718482854081826,0.0995221704739219,0.1728119723906673,0.002035520610270145,22.58176122088108,0.6850893416397716,0.6805837488646705,8245.1,0.11093363904043181,25.0
0.1,0.02,1,0.12048357892677027,0.09074338105302432,0.14851810769247237,0.0017056696421476794,22.446438404365246,0.6770758197557644,0.6856754935616449,8264.3,0.13497621008538785,25.0
0.1,0.02,2,0.1212792957053574,0.09172500535458165,0.14932533909342383,0.0015082441643199163,22.357445200841145,0.682279002450392,0.6823679791853676,8255.9,0.13574966123980067,25.0
0.1,0.03,1,0.11750062492458843,0.08951562104354735,0.14430391019309427,0.0011817217354686174,22.563888225809357,0.6781250917746985,0.6850039021801413,8225.45,0.16165916727275628,25.0
0.1,0.03,2,0.11579892223302535,0.08904107198754711,0.14165199688923802,0.0009047763582420234,22.495929846732174,0.679964829156697,0.6838363270743146,8228.6,0.1620080837843518,25.0
0.2,0.0005,1,0.2531142162415534,0.18049345007514098,0.2937603275421571,0.03197465849569377,24.836866824969484,0.7418302774220356,0.6450525901077284,7545.6,0.044209228930745186,25.0
0.2,0.0005,2,0.2446233341640312,0.17145345443451665,0.2853365847874999,0.032456627629193005,25.10812107018766,0.7484242289004951,0.6409808096427355,7525.25,0.043320396822730235,25.0
0.2,0.0015,1,0.23724887479989523,0.1678515106228569,0.27742677201231725,0.02921946298882163,24.61261887664783,0.7440024833957459,0.6437230170278978,7621.15,0.03653435879848143,25.0
0.2,0.0015,2,0.23898668658954064,0.17127191087068666,0.2783417100378829,0.028359754933405174,24.7699020992523,0.7388684864807965,0.6468816268486222,7588.5,0.03772045936269938,25.0
0.2,0.001,1,0.2443847166848608,0.17409316973785532,0.28459488108415354,0.030081386987917298,24.58555896491429,0.7502376072880402,0.6398799083872326,7575.4,0.039612641104554966,25.0
0.2,0.001,2,0.24833151741681608,0.17633438594800283,0.2894394893554836,0.030889164668806347,24.56031661070443,0.7480925894688768,0.6411825977679962,7578.75,0.03921148778412145,25.0
0.2,0.003,1,0.22755702096169275,0.16193675473982508,0.2690849870291764,0.02409230329315124,24.403639428496646,0.7383596812809194,0.647200290169436,7690.65,0.03772199576171821,25.0
0.2,0.003,2,0.23158766404467643,0.16441690166142178,0.27444379450628736,0.024314632707620912,24.298285683137912,0.7367443351755669,0.6481925981388186,7678.05,0.03814922794459984,25.0
0.2,0.005,1,0.2164753704823684,0.14880808554353614,0.26364975209918046,0.02049290469404033,24.15408387912373,0.7366988878017978,0.6482138436911745,7757.0,0.04159269569391997,25.0
0.2,0.005,2,0.2198787050017123,0.1561755999444593,0.26404684341616314,0.019534966645090465,24.00416767581003,0.7346077579359495,0.6495131650772075,7770.05,0.04205130893037245,25.0
0.2,0.008,1,0.20710015935120313,0.14369754108218435,0.2549667492518166,0.015536023947206276,23.754091969585353,0.7240615812974174,0.6560697460127931,7802.1,0.04756574999465424,25.0
0.2,0.008,2,0.2001197356165898,0.1389141250635723,0.2453131510726115,0.01601219941684076,23.8429766186216,0.7221469930732922,0.6572629368267007,7828.7,0.04730193234295252,25.0
0.2,0.013,1,0.189591840974131,0.13568541093136266,0.23220837298018449,0.011289897019493808,23.33412281950062,0.7120355597204219,0.6635840909269756,7925.45,0.057035658780671405,25.0
0.2,0.013,2,0.18966733566310562,0.1321430876630134,0.2352105541543336,0.011981025871081652,23.480690211404674,0.7180129679920285,0.65985445894501,7939.45,0.05614783576354202,25.0
0.2,0.02,1,0.17479297244337347,0.1242425701774776,0.21702433240908853,0.008319048007369444,23.221873389727854,0.705895708880677,0.6674441170427523,8015.3,0.06884110806519429,25.0
0.2,0.02,2,0.1720182554924115,0.12214480802418862,0.21352166089645253,0.008370035757377768,23.184245410415933,0.7038088873503405,0.6687466084850764,8012.65,0.06882649986229353,25.0
0.2,0.03,1,0.15705635351380673,0.11822067178146034,0.19072189391346606,0.005170139857254464,23.021263732261698,0.6988582344218762,0.6718747596656977,8055.75,0.08391038966850509,25.0
0.2,0.03,2,0.1545937725811861,0.11495608815480698,0.18923917030416806,0.004992287020218279,22.95304514890373,0.6946530757320062,0.6745289278180099,8085.7,0.08409707562179877,25.0
0.3,0.0005,1,0.2647810822828053,0.190165738714399,0.29018965397262253,0.04920677009062059,26.52385578145811,0.7530747192340426,0.6381335146886308,7180.7,0.03770706444937596,25.0
0.3,0.0005,2,0.2696345917019009,0.19459444720192293,0.29594508202451936,0.04872965688748263,26.140309336551788,0.7586610906242137,0.6347065843687275,7186.5,0.037275701997468734,25.0
0.3,0.0015,1,0.2678637882489941,0.18931375772814307,0.30520393446811644,0.04120988330110305,26.17085569588402,0.7591956059250906,0.6343800485297683,7255.7,0.02985474987765313,25.0
0.3,0.0015,2,0.27091649474018753,0.1930020836316405,0.30472166859040395,0.04410924258426846,26.0819971260827,0.7550529086066069,0.6369133890073415,7269.55,0.02937441161965194,25.0
0.3,0.001,1,0.25973596317125064,0.18811305237872963,0.2828845014280524,0.04847436905213313,26.13261188936287,0.7517872664166396,0.6389139188649778,7244.9,0.0316565707752625,25.0
0.3,0.001,2,0.26922876929869094,0.19141504884305258,0.29970083201719094,0.047341656366458075,26.20966092226655,0.7601597315702402,0.6338001815757884,7222.15,0.03217351929012048,25.0
0.3,0.003,1,0.256611291412525,0.18367605626889455,0.28921192121206835,0.040334609651930205,25.676137950585723,0.7590986181280173,0.6344446206566549,7338.45,0.029401543391960494,25.0
0.3,0.003,2,0.2570390871106769,0.1861570578176353,0.2883516474778386,0.0395694722302059,25.589793433127404,0.7524227447587419,0.6385363552405217,7342.95,0.02828546234915875,25.0
0.3,0.005,1,0.2461499228271245,0.1761455131611047,0.28116544986321446,0.034988884550999313,25.06145220591921,0.7583164599854622,0.6349239936329673,7408.1,0.03200083805234293,25.0
0.3,0.005,2,0.24178584507365578,0.17534870930097307,0.27233677921083227,0.03588620559919466,25.806624203140792,0.7549049050763109,0.6370067208259543,7386.2,0.030515165963795464,25.0
0.3,0.008,1,0.23166001898074945,0.1643400514369766,0.26783058869970733,0.03114939527700015,25.052803680996508,0.7487268326471698,0.640795848841234,7485.95,0.034694287221668105,25.0
0.3,0.008,2,0.2407147799124699,0.17063252325843078,0.279520107097819,0.03127692513241905,25.101159321297835,0.7487465381283379,0.640781100615122,7506.15,0.034504974066295435,25.0
0.3,0.013,1,0.22239048201809478,0.15833831202618964,0.2612253509031965,0.025217298499556635,24.615077224160338,0.7448316133262354,0.6432210443288955,7600.9,0.04070578967979466,25.0
0.3,0.013,2,0.22689243110554008,0.16083241287425692,0.268391776375409,0.02456067619004145,24.725903476755956,0.7437735059647408,0.6438497692194025,7603.35,0.03997684794471449,25.0
0.3,0.02,1,0.21610030229858962,0.15714215549472965,0.25709572065406616,0.017962731763975552,24.121814423499856,0.7342422873545741,0.6497493418140248,7696.3,0.048420815792894756,25.0
0.3,0.02,2,0.20877685903350765,0.1494475194744779,0.24974885716660894,0.01835733683115406,24.180942286546593,0.7339877622253558,0.6499030548409241,7705.65,0.04811168124733196,25.0
0.3,0.03,1,0.18919035606920095,0.13518597746186906,0.230211485195524,0.012983247989459438,23.76323485586884,0.7249743460393152,0.6555002177139617,7816.0,0.05677970205468704,25.0
0.3,0.03,2,0.18958469352944943,0.138911812851437,0.2271683869661152,0.01308918567869632,23.655915274221957,0.7132644131601364,0.66280941887597,7826.45,0.05566320170310929,25.0
0.5,0.0005,1,0.27622437279881507,0.20865531733551296,0.27076527661954497,0.07302815356163206,28.562030156399846,0.7499407624262984,0.6400569101519225,6682.0,0.024495274116959197,25.0
0.5,0.0005,2,0.28103385626940863,0.21140483920845524,0.2780679810148137,0.07259489345962193,28.554508889996548,0.754434919252106,0.6372962314297499,6719.4,0.025444910723601683,25.0
0.5,0.0015,1,0.2773773327375405,0.20043743019355942,0.2879857140614308,0.06633152865303824,28.187894224626753,0.7591903369366728,0.6343911059060884,6751.2,0.02038677719298527,25.0
0.5,0.0015,2,0.2768406153874578,0.20001247395476182,0.28136430678272834,0.072304453750769,28.336690824050372,0.7619941728658799,0.6326788255500366,6750.1,0.020923165273707772,25.0
0.5,0.001,1,0.2864855969747018,0.2086784281289371,0.2916537612358633,0.07263900076083261,28.09690867108115,0.7617117245498033,0.6328517989186284,6697.35,0.022382564500000608,25.0
0.5,0.001,2,0.28717209992832543,0.21511863817358332,0.28799631516687624,0.07122925142042419,28.29827109164713,0.7608834207174132,0.63335474209379,6736.05,0.021610645465440937,25.0
0.5,0.003,1,0.271871992843726,0.19839968000874858,0.28353273474474233,0.06181156754903298,27.65604062559878,0.7717511869129737,0.626754575923039,6826.6,0.0204638012206378,25.0
0.5,0.003,2,0.27587395614236676,0.20095106860784853,0.28631937817692027,0.06447746189882322,28.04554451165533,0.7660133117259378,0.6302206983892946,6823.85,0.020504630685642795,25.0
0.5,0.005,1,0.2691346278496108,0.19911113563151367,0.27935759527180026,0.05980052810996097,27.32438564636393,0.763095688328737,0.6319967170958086,6880.05,0.02073763038195845,25.0
0.5,0.005,2,0.278742154026405,0.202360986043784,0.2926062565861102,0.06251706834571177,27.886709636583294,0.7700461029097728,0.6277932632644337,6890.7,0.021495787968598763,25.0
0.5,0.008,1,0.27027162701530094,0.19660064191667576,0.29016513340307964,0.05377747588378092,26.664582160279814,0.7715223010155977,0.6268707023600493,6978.95,0.024146333780734764,25.0
0.5,0.008,2,0.26853831456522426,0.1939560674750102,0.2883541399257203,0.054766417312054796,27.123393610227332,0.7710946400150503,0.627154249618849,6974.3,0.024160739596392568,25.0
0.5,0.013,1,0.250203004053107,0.1797706411919669,0.27301693933990046,0.04761842713622346,26.553702033249426,0.7665094734875721,0.6299149086276223,7094.9,0.02681073472545182,25.0
0.5,0.013,2,0.25617880737259713,0.1827086491566871,0.2810508544497271,0.04859811203979272,26.455518977680164,0.7585429622549114,0.634782190563546,7103.15,0.026666792089854452,25.0
0.5,0.02,1,0.24357032146905783,0.17578927766244531,0.2711686238464489,0.0401827413282921,25.76916235664475,0.7594720566063853,0.6342109812851879,7217.75,0.031128983233280626,25.0
0.5,0.02,2,0.24717636233830026,0.17736185045657668,0.2748637087442463,0.042127163805068674,26.148937071245882,0.7541430414348252,0.6374698344458942,7214.0,0.030146005054215903,25.0
0.5,0.03,1,0.22708988708806252,0.16071158492582677,0.26118219371852613,0.03228599532636979,25.285753511302133,0.756905160464921,0.63578704660489,7356.05,0.03644084587206396,25.0
0.5,0.03,2,0.23291148050329635,0.16807275118608553,0.263675866770071,0.034074345683267025,25.288530064278063,0.7535168291711614,0.6378578554219516,7355.9,0.035341955425709344,25.0
0.05,0.0005,1,0.8555850498784784,1.621220432659098,0.08765596978210446,0.00229369841744503,6.061006542757581,0.7910113852280889,0.6155935064956187,2424.3333333333335,0.17759812682093695,5.0
0.05,0.0005,2,0.7771914530839965,1.4405348269013172,0.10976403634850754,0.0040840420406669095,6.693542787026706,0.7862056744521044,0.6181714793708012,3080.35,0.193449067036385,5.0
0.05,0.0015,1,0.36552885753563935,0.43481073348025356,0.2941347734362143,0.0021122057531595883,5.11042746091127,0.7672301195369612,0.6312864203136848,6526.55,0.1702483038463494,5.0
0.05,0.0015,2,0.3068138425994661,0.2962007119304068,0.31467205024414385,0.002754918826866214,5.365095540849248,0.7494489593869214,0.6417150572967106,6966.1,0.1568702367789965,5.0
0.05,0.001,1,0.5754229295181365,0.8924890334793233,0.25284090614212146,0.005515919265324251,5.249008420299537,0.8055081808882789,0.6071360764482349,4946.3,0.1956916378290144,5.0
0.05,0.001,2,0.5374340817465807,0.800233609132252,0.2730873792862198,0.0015471822278640456,6.611146273338599,0.7816494495800335,0.6221342342988198,5383.473684210527,0.16442954251709557,5.0
0.05,0.003,1,0.13614827547884936,0.11473910238783733,0.15603472540801958,0.0015227240506479195,4.714151641236676,0.6928262756809611,0.6756910210270309,7882.7,0.16474817858925997,5.0
0.05,0.003,2,0.139734645895662,0.11676086078286133,0.16105572312435745,0.001652710322600954,4.7301687939878745,0.6955711791581083,0.6739450107893734,7889.35,0.16466080829675125,5.0
0.05,0.005,1,0.12804762696132166,0.10378775804285315,0.15125495180737372,0.0010525425409965907,4.70435133642742,0.6851703696236648,0.680533810797557,7897.1,0.19873313405615287,5.0
0.05,0.005,2,0.12750154421408316,0.10349955092887073,0.1504298022332899,0.001073743882471597,4.7214070719764765,0.687633765958192,0.6789721761956219,7896.15,0.19786460819401933,5.0
0.05,0.008,1,0.12232130753773993,0.10228278476102226,0.14160132566626712,0.0007585034459509433,4.709750367335897,0.6847140802230467,0.6808209299079253,7857.05,0.23547563849019754,5.0
0.05,0.008,2,0.12199895095221865,0.09988255799719725,0.14342199213110232,0.0006933559486382546,4.71614285336844,0.685437982632088,0.6803654566961186,7848.5,0.23619446482913484,5.0
0.05,0.013,1,0.11751577100695469,0.10023020503122589,0.13438074322499652,0.00042058938733694634,4.726650889205219,0.6848045521749412,0.6807610604785354,7813.25,0.2823169452510072,5.0
0.05,0.013,2,0.12007059562246229,0.10278537100241605,0.13664759021484504,0.0007082317713681099,4.753013409349633,0.6877169020628215,0.6789208109311713,7797.2,0.2797018139818203,5.0
0.05,0.02,1,0.11359375704527339,0.10209116540911936,0.12466104595498557,0.00043530347881146883,4.805897487441103,0.6812162837289657,0.6830446538669903,7716.3,0.3205177847976113,5.0
0.05,0.02,2,0.11123686357686884,0.10028534328229846,0.12169659438427045,0.000491786435394231,4.785251594792592,0.6838470647215099,0.6813718017986633,7726.25,0.319907663394504,5.0
0.05,0.03,1,0.10760904815528208,0.10264362320155833,0.11210590526461536,0.0004685704516038389,4.876233213201732,0.6844520647689469,0.6809874332814614,7595.5,0.35881446844992565,5.0
0.05,0.03,2,0.11032319642273965,0.10525008284083462,0.115034180837105,0.00036213045268073676,4.907500164338226,0.6831151670216706,0.681831542879557,7608.35,0.3609160859462547,5.0
0.15,0.0005,1,0.7254388266175558,1.3335059106047216,0.1114696508632067,0.005902087957959551,6.866664630395176,0.7990732829248344,0.6106099402766478,3431.0,0.06412247104604699,5.0
0.15,0.0005,2,0.7442614267480099,1.3767407043835227,0.10394304162117152,0.007839110357986975,6.329630006808223,0.8025095264233473,0.608475648056075,3228.65,0.07516039136295637,5.0
0.15,0.0015,1,0.38439251357531723,0.4723373292715247,0.29183689066833646,0.004610812323060215,5.023481556029486,0.776400303131469,0.6256823869802562,6364.45,0.06700014334790928,5.0
0.15,0.0015,2,0.3058029126218006,0.2849565110767941,0.3241815097828812,0.00246780272706992,6.019690487084778,0.7416899296748055,0.6465710615628593,7016.9,0.05102595095554494,5.0
0.15,0.001,1,0.39870198102969984,0.5046587874159043,0.2912257777953743,0.0015194010025675541,7.274673869550118,0.7527924124651801,0.6389852348014162,6329.35,0.04985758808484751,5.0
0.15,0.001,2,0.49527015972805283,0.7185267360993125,0.2670371303201722,0.0049764585312327995,6.165660683724066,0.7783927192423488,0.6234836991290144,5586.75,0.06479790717500078,5.0
0.15,0.003,1,0.21045137533327535,0.16805930664951668,0.2403855395212487,0.012457899683876623,5.032069068674006,0.727277583557593,0.6540683049812748,7450.7,0.06400966001682451,5.0
0.15,0.003,2,0.20901305002232734,0.1678680330198528,0.2374993311914236,0.012658734693015728,5.028775097295148,0.7279791008661005,0.6536317354986975,7454.55,0.06567781906985103,5.0
0.15,0.005,1,0.19098719489034655,0.14996741448940942,0.22159894392285961,0.01040802979838939,5.007240000065648,0.7143455857732364,0.6621427095989205,7526.85,0.07374460586964524,5.0
0.15,0.005,2,0.19273861310333987,0.15821688121902366,0.2177111907056907,0.009549155063862008,4.96059464426588,0.7202071886230386,0.6584715000707885,7516.0,0.07508006306433909,5.0
0.15,0.008,1,0.1737667617290485,0.1418023867375297,0.19880466642231895,0.006926469923945219,4.982606107389825,0.7078197413607035,0.6662298187380468,7591.55,0.08797743479965639,5.0
0.15,0.008,2,0.18126349881017573,0.14416612518565688,0.2111598281994093,0.007201044652798162,4.954008507324872,0.7129693990004133,0.6630057540483802,7587.15,0.08729972961294338,5.0
0.15,0.013,1,0.15951338336608473,0.13333741506128055,0.18123551544394578,0.0044538372598372546,4.885925624458771,0.6980749784677344,0.6723639116274596,7651.7,0.10619234588687172,5.0
0.15,0.013,2,0.16161203123903495,0.13538046818930022,0.18346301098149131,0.004380582168011531,4.880100627120795,0.7005698698965647,0.6707923021752685,7632.05,0.10764067932752981,5.0
0.15,0.02,1,0.14814183614380977,0.12884042387719624,0.16428888828506474,0.003154364867012506,4.877054277914012,0.6928871715360373,0.6756422386050405,7623.75,0.12987357206622546,5.0
0.15,0.02,2,0.1484381256551224,0.12581057849485355,0.16797808411323462,0.003087588770570231,4.849323693019866,0.6921541532987556,0.6761051960505534,7652.1,0.12997022054370713,5.0
0.15,0.03,1,0.13360827829741856,0.11806173649179619,0.14721064752773047,0.0019441718421285413,4.898344709746022,0.6904413206029419,0.677188924917451,7619.5,0.15564695758161318,5.0
0.15,0.03,2,0.1366654545648785,0.11903769428668465,0.15279385872615464,0.0014993545264592838,4.8722904735285475,0.6896927469033485,0.6776682723618068,7593.7,0.15638437572477448,5.0
0.1,0.0005,1,0.7571612424547192,1.4114775780985251,0.09834731950832716,0.004497585590097343,6.715712880511154,0.7994288136815813,0.6104171623557381,3168.05,0.09515256404572395,5.0
0.1,0.0005,2,0.6545898809152768,1.1642117601354645,0.1418082429397233,0.0031597501045868047,8.271690182560128,0.7912441701048863,0.615300101304577,3974.05,0.096961833264693,5.0
0.1,0.0015,1,0.47430005983126133,0.6435373976838595,0.3023930780044026,0.0026696401070038693,4.758361967038666,0.7995189853620701,0.6117956822299904,5777.55,0.10975549524564614,5.0
0.1,0.0015,2,0.3570448137592075,0.41900764159010073,0.29147463520163785,0.0036073518249089853,5.254665809764199,0.7645033518888464,0.6329714341025381,6585.75,0.0917906236341505,5.0
0.1,0.001,1,0.5525166002854263,0.903714038118129,0.19718837952047258,0.004130781372261256,4.9326647849175504,0.8005978996782904,0.6101076867922839,4875.55,0.11127378948768771,5.0
0.1,0.001,2,0.5756330105651192,0.8950403191924373,0.2555330229284295,0.0006926795881196342,6.2160814105392275,0.7929162449274233,0.6151669004505435,5055.75,0.08615026678066304,5.0
0.1,0.003,1,0.17642513248379912,0.1407227554067297,0.20627187206474956,0.005855638168219058,4.880590143401434,0.7043167811440777,0.6684390694242143,7686.55,0.0902088295328241,5.0
0.1,0.003,2,0.17638167256729853,0.14152067860241752,0.2052942322036071,0.005948432404131369,4.90153476935379,0.7075936082733968,0.6663772157550714,7678.05,0.0903409099066138,5.0
0.1,0.005,1,0.1610593556162804,0.13364997039939255,0.18415169481765575,0.0043170408883676245,4.863065757755594,0.7061661481470228,0.6672719127947174,7735.0,0.1064942168143365,5.0
0.1,0.005,2,0.16186186521379733,0.13231214221691154,0.1874103045579858,0.004001284169730353,4.868727122295683,0.6998422671484786,0.6712553444292759,7741.55,0.1058761855458245,5.0
0.1,0.008,1,0.14832243831225128,0.12586476837687285,0.16757019889175734,0.003209912384540168,4.779234758740246,0.6931497260292521,0.6754762244983353,7752.2,0.12987781672627852,5.0
0.1,0.008,2,0.14263402513061746,0.11316860221092317,0.16917026221876688,0.0029291836219387415,4.794398468936957,0.6920260606102793,0.676187073145952,7753.8,0.12757530325610206,5.0
0.1,0.013,1,0.13466841187394143,0.11210385275018313,0.15521061072719503,0.002022364107579669,4.819609568121776,0.6880147006053687,0.6787311171153306,7757.35,0.1560092582328367,5.0
0.1,0.013,2,0.13892497005319449,0.1186115036322958,0.1576437256607825,0.0015947092326379707,4.767163342364172,0.6886057744711331,0.678359574709933,7764.0,0.1576787674614584,5.0
0.1,0.02,1,0.12335879015679803,0.10985796615116247,0.13574990032389317,0.0011097117642505272,4.804898924816549,0.683994315821475,0.6812781163570508,7719.2,0.1908300791262765,5.0
0.1,0.02,2,0.13176510714529258,0.11264148896897863,0.14924935306754292,0.0016393722378548318,4.868294573179329,0.6857537000868643,0.6801602030410295,7711.5,0.18811066740415106,5.0
0.1,0.03,1,0.11393989217894471,0.10220824039369765,0.12510024728718702,0.00057129925240568,4.8458875372308,0.6857806449179553,0.6801481666614622,7622.45,0.22567024860329124,5.0
0.1,0.03,2,0.12137172429694507,0.10872107635963875,0.1329016589131055,0.0011207131118303835,4.89775029585589,0.6840424580091317,0.6812446613564986,7629.9,0.2217401586144078,5.0
0.2,0.0005,1,0.7085484415587786,1.2475403029603387,0.16011493915352953,0.009441649770831161,7.722460034839133,0.8041907988782796,0.6076795154147299,3654.7,0.05973507929699984,5.0
0.2,0.0005,2,0.5446944694229346,0.8487734272692288,0.23393268212862384,0.006682830106472726,11.1260280076408,0.7697140747539437,0.6283130791094719,5238.894736842105,0.038399576186776606,5.0
0.2,0.0015,1,0.3996613332810348,0.44112042894090636,0.3513860893246434,0.006816149530680053,4.8806125927804445,0.7967827620234847,0.6133452459055343,6323.35,0.055482854780997196,5.0
0.2,0.0015,2,0.3636269227256169,0.4082237161920183,0.3142503411851066,0.004779793683309323,5.205641218804552,0.7758723203811682,0.6259332315093613,6494.5,0.04913334378954188,5.0
0.2,0.001,1,0.4700432245140848,0.6168666321226165,0.3214952972516127,0.0017245207943237604,7.653842100605101,0.7630044966503742,0.6331015082274352,6008.5,0.03673476954088202,5.0
0.2,0.001,2,0.56482351206971,0.9270750927782322,0.20108879440284738,0.0014831332476232483,5.273944228060467,0.8045463222195519,0.6078367810389517,4834.7,0.05168069430538097,5.0
0.2,0.003,1,0.23124460539502642,0.1848437425142763,0.25725684252671877,0.020388625446016245,5.166406370767836,0.7439899396708592,0.6437087428094939,7251.6,0.051382338483565416,5.0
0.2,0.003,2,0.22828754939644083,0.18108301917972908,0.25484933267646703,0.02064274488429397,5.192139573023938,0.7454800015660838,0.6428060207560697,7246.7,0.05222355091723309,5.0
0.2,0.005,1,0.21868780701788978,0.1720596116496324,0.24838312163293205,0.01693288166816686,5.143809718654961,0.7357126213031953,0.6488306894056752,7333.55,0.05822245147204428,5.0
0.2,0.005,2,0.2137428047568183,0.17106015024953972,0.23965354898584654,0.016771908036172015,5.124839440877912,0.7311530385706325,0.6516707650751388,7337.0,0.05741756446093699,5.0
0.2,0.008,1,0.20022567172085154,0.16269179417437923,0.22463361647947067,0.013125937896797571,5.0757866464726495,0.7218605472031694,0.6574447374339005,7421.25,0.0674031604066077,5.0
0.2,0.008,2,0.20085547184303745,0.16386694058091464,0.22473123374914886,0.013112771761605385,5.059556711618949,0.7229058253895868,0.656798158255739,7414.35,0.06846376117013314,5.0
0.2,0.013,1,0.18597700848821722,0.1517638200911698,0.21140950033524772,0.008780699063279234,5.023247996988037,0.7129128355668709,0.6630302281358031,7492.4,0.08193770407536043,5.0
0.2,0.013,2,0.1827977721690626,0.148623431416473,0.208213731325921,0.008758379602222543,5.041092644363227,0.7180958446354267,0.6597928292847757,7500.85,0.08106417334945526,5.0
0.2,0.02,1,0.16583376936349828,0.13686006631036968,0.18850164742601677,0.006305826985493881,4.992160024930186,0.7029876268704094,0.6692689782315078,7532.75,0.09807862568512449,5.0
0.2,0.02,2,0.1655676592037702,0.13945723717788372,0.18517980193252934,0.00649828401841689,4.992434025205064,0.701890261733006,0.6699571331918669,7525.95,0.09738158585541565,5.0
0.2,0.03,1,0.15119170288976105,0.1353365872000198,0.16264892875555353,0.004397897133871196,4.961358590658487,0.6959715886799994,0.6736954775243654,7523.85,0.11939769661862738,5.0
0.2,0.03,2,0.1504246823080026,0.13483686231560033,0.16234670390917513,0.003665797537764836,4.946880436449949,0.6978931470220824,0.672481018292789,7535.2,0.11895750474594051,5.0
0.3,0.0005,1,0.649142393815388,1.08988604022452,0.1992230719451399,0.00917567112112288,9.699247938421856,0.7860985058518253,0.618466830210971,4302.15,0.033010721350060855,5.0
0.3,0.0005,2,0.7576050414119323,1.3918984410291615,0.11748277404056254,0.0058288621011610125,6.366978803107343,0.8082660713450596,0.6051847518163451,3131.05,0.03475537136348119,5.0
0.3,0.0015,1,0.2994408275328497,0.29839215233249244,0.2955751107013832,0.004914396764746781,5.456883791477776,0.7492717571942593,0.641687336271634,6880.1,0.02685409394748552,5.0
0.3,0.0015,2,0.3640077526211575,0.42424701369197926,0.2981686979436102,0.005599796667120505,5.151527190551686,0.7712332703944177,0.6285359326624229,6480.4,0.030799574014304866,5.0
0.3,0.001,1,0.504895908195144,0.755057798536144,0.25143633361067874,0.0032976926137880695,5.838855016619728,0.7942769408665193,0.6139342526987538,5413.7,0.030520302992591952,5.0
0.3,0.001,2,0.49155220136769967,0.7704021198131518,0.2093505603287257,0.003351728003899366,5.668865256578129,0.7808712258969337,0.6217916843567552,5422.4,0.028585047004211588,5.0
0.3,0.003,1,0.2575101430543077,0.20655998352730096,0.27425057775833356,0.03420972510432764,5.460297491887221,0.7670347051512153,0.6296157902586834,6888.95,0.04049179961591806,5.0
0.3,0.003,2,0.25613111217295775,0.20009476262092588,0.27423052198654646,0.037936937777505945,5.536454627905667,0.7569811760124397,0.6357397829314525,6891.0,0.03890716138921761,5.0
0.3,0.005,1,0.24566851627690095,0.193586302955956,0.26693341938638915,0.030817311228926014,5.378129538951099,0.7502526942050516,0.6398730442543037,6938.9,0.042781294905314224,5.0
0.3,0.005,2,0.2499518058857518,0.19934685950991954,0.2696368847049234,0.030919859957386987,5.361211875841273,0.7531531077624398,0.6380888582789278,6973.8,0.04320274675719165,5.0
0.3,0.008,1,0.23692446310264753,0.1866468772793276,0.2620831106171401,0.025118937978653572,5.256193923401414,0.7489863992261032,0.6406522852211443,7089.25,0.04832253076866262,5.0
0.3,0.008,2,0.2279594852429998,0.18456879241694463,0.24693151520332882,0.024418663564024543,5.363831797508525,0.7531378704089262,0.638092921986283,7074.55,0.048490620847375474,5.0
0.3,0.013,1,0.2153920945056941,0.1734971086862415,0.23753288787505533,0.019754191886373937,5.215034190693272,0.7409411931464891,0.6455963732857068,7198.4,0.05629251789532837,5.0
0.3,0.013,2,0.21872950098706762,0.1738275866795798,0.2451310468299659,0.018500370806037697,5.2650152294219765,0.7423871326643053,0.6447161856393058,7183.2,0.055444299488982995,5.0
0.3,0.02,1,0.19871276208298322,0.1651023000016065,0.21810397423543132,0.014219250590790586,5.14277647780551,0.7266730896344081,0.6544441351817312,7303.85,0.06683712975383287,5.0
0.3,0.02,2,0.20132194768607162,0.16367872639401207,0.22470524314548607,0.014259927497281347,5.149639794133849,0.7327752737609392,0.6506599486308342,7297.95,0.06775382703982512,5.0
0.3,0.03,1,0.18126502818869628,0.15422084790694737,0.19777544624574536,0.010533755790995913,5.1287551428458364,0.7179860245168265,0.6598624175067189,7342.5,0.08107022227934511,5.0
0.3,0.03,2,0.17769727763131055,0.14636554846225192,0.19886929652164687,0.010159713130021085,5.138860765778327,0.7163266184466914,0.6608999558856199,7346.3,0.07939703435836301,5.0
0.5,0.0005,1,0.6610358481442603,1.1628557539005246,0.15556203652389725,0.0036538975290457336,8.173017950976115,0.8018118292990384,0.6091599421205536,3983.2105263157896,0.01740638977403844,5.0
0.5,0.0005,2,0.7888301197196771,1.4638471973851013,0.1082291586527588,0.005583879222789046,6.436853029807111,0.7970025043763972,0.6118566794488245,2944.6,0.020094696108904058,5.0
0.5,0.0015,1,0.36741021710707866,0.39365379911566156,0.33617802064691743,0.0049886179132741645,5.646767835270577,0.7664324077031226,0.6317659071082258,6569.3,0.01802708904296436,5.0
0.5,0.0015,2,0.4093545569026076,0.5391169176145942,0.276204930849811,0.00338726261926641,5.185073112978701,0.7709387246520957,0.6287258343278835,6122.5,0.020233760975713725,5.0
0.5,0.001,1,0.49716726959879737,0.7296488883216565,0.26193727537589817,0.0027483770739803685,5.9461022528667735,0.7867892439146777,0.6184081680076289,5487.75,0.017457706307084094,5.0
0.5,0.001,2,0.4371535289274463,0.5839883572025625,0.2870904223256111,0.0032282674360752154,6.6212291676893145,0.7729596977290167,0.6267476656188425,5994.15,0.01524681248216061,5.0
0.5,0.003,1,0.2668329406582508,0.21187698826853335,0.267622025776348,0.05416686650416926,5.986772287343408,0.7683266556600297,0.6288300267838163,6330.15,0.027021326420496823,5.0
0.5,0.003,2,0.2747199689968701,0.2292346096002776,0.26237746029465336,0.05782786809706512,5.9226425389616555,0.7585044977167956,0.6348100776814187,6346.05,0.02636588886437239,5.0
0.5,0.005,1,0.26353593576236395,0.21355096867441864,0.2638483470917464,0.049672549297690535,5.921630180957341,0.7667243293992351,0.6298122002233244,6440.7,0.029060664476846177,5.0
0.5,0.005,2,0.26501737945752846,0.21966832412099624,0.2595115948046768,0.0508548378641739,5.882433707212783,0.7652041026740218,0.6307205974699438,6423.7,0.02944477585848785,5.0
0.5,0.008,1,0.26344263116725464,0.2140619714721083,0.2669996679563968,0.04582362040610541,5.756991152800234,0.7667024854080657,0.6298100171790867,6556.75,0.032280323559395314,5.0
0.5,0.008,2,0.2627249592716875,0.21286432910695843,0.26594635905103436,0.046639229892633804,5.881660616442849,0.7606801807878938,0.633485463408155,6542.7,0.03263722675901746,5.0
0.5,0.013,1,0.2502439315997956,0.20245771825732056,0.2594211640061691,0.038608983119545956,5.68438775120472,0.7638076976770305,0.631568274658758,6671.75,0.03746600668586999,5.0
0.5,0.013,2,0.25066120733836256,0.20683067356077042,0.25665211696820084,0.037839619975970434,5.675753952291614,0.7665961425576332,0.6298834818223698,6677.2,0.03713155494420446,5.0
0.5,0.02,1,0.24000403795499228,0.19745526749533346,0.24960863219312332,0.03294417309981835,5.579317197538481,0.7601345565132436,0.6338084584602078,6796.85,0.04270284446009391,5.0
0.5,0.02,2,0.24054928478489393,0.19814146183880982,0.2515481220139714,0.03140897952353229,5.530642679772157,0.7551020994653288,0.6368966664722235,6800.25,0.042966509865708186,5.0
0.5,0.03,1,0.22132947623029914,0.1861570628294651,0.23130249273205022,0.02519939114603063,5.471505356282414,0.7480319341995029,0.6412335188619476,6905.2,0.0507902891091897,5.0
0.5,0.03,2,0.22148172144685724,0.19033002234129032,0.22830437017347777,0.024329047629194224,5.424491989852919,0.7516862886299276,0.6389765736524871,6902.9,0.051397262764177484,5.0
0.05,0.0005,1,0.15979979839284075,0.10033229073286154,0.21418886499056738,0.005078444217740419,42.868532279508585,0.68590441033483,0.6800686892866257,8513.25,0.0656761042769213,50.0
0.05,0.0005,2,0.15604064656974292,0.10063576091729151,0.2069038363304459,0.004541688220372731,43.23840518556121,0.6815162097183806,0.6828580601046715,8511.7,0.06899088543373084,50.0
0.05,0.0015,1,0.14399182833921476,0.09607901236157537,0.18904184372762223,0.002862799754337809,43.17532319000142,0.680923153223988,0.6832291566311434,8558.6,0.07957551112818367,50.0
0.05,0.0015,2,0.14419751621385496,0.09535690850203092,0.1902143386815605,0.0028237870472141604,42.86022101077548,0.6798146012649708,0.6839362817504613,8558.5,0.0794367511059254,50.0
0.05,0.001,1,0.15286453972170805,0.09532625640009218,0.20672343596428103,0.003679390809858924,42.704609414910266,0.6879824155088208,0.6787470435454688,8540.45,0.07287032471071705,50.0
0.05,0.001,2,0.14762287437065474,0.09258812439029943,0.19904724926150658,0.0036103800035590947,42.96507976071191,0.6863222995181151,0.6797987840697568,8540.25,0.07187683160158863,50.0
0.05,0.003,1,0.13371582007387206,0.08377114657110149,0.18169214143656368,0.0019683492831034095,42.45255337006812,0.6822579283088673,0.6823798044038903,8596.3,0.10079729547224547,50.0
0.05,0.003,2,0.12950304136265828,0.08328371108508496,0.17382121411912843,0.0019011551404634214,42.881108453125954,0.678692428318889,0.6846450043331582,8601.95,0.09724922529630006,50.0
0.05,0.005,1,0.11774812308811891,0.07669844661408019,0.1576425714760637,0.0011552278373808812,42.49834303909569,0.6730198684666517,0.6882599719001663,8634.4,0.12114991790467618,50.0
0.05,0.005,2,0.1194081565142284,0.07490665917868691,0.162758270101757,0.0011513828481713533,42.554553215626,0.6721345747832453,0.6888240929926939,8634.45,0.12105309666568795,50.0
0.05,0.008,1,0.11371208004026707,0.07474480178141882,0.1518668294387306,0.0008125295327397457,42.45065233068356,0.6725036915290056,0.6885861264217944,8656.4,0.14722971754964229,50.0
0.05,0.008,2,0.10825248182606598,0.07098727736990926,0.1447780087919293,0.000739679979206195,42.7143942025747,0.6713184879866143,0.6893438025201919,8647.05,0.14659503472179317,50.0
0.05,0.013,1,0.10701931569276135,0.07186784865337224,0.14171292760292356,0.00045785643622007073,42.484365102315046,0.6694202141291745,0.6905562553244886,8639.75,0.18094155658564615,50.0
0.05,0.013,2,0.10868940667046609,0.07513797548970119,0.14167831536392525,0.0005625179585449808,42.47649488238069,0.668552066853559,0.691108139402856,8648.3,0.17942609621757868,50.0
0.05,0.02,1,0.10077765573863244,0.0679738226698808,0.13321749048261705,0.0003639971425250851,42.53951545921096,0.6676641646020236,0.6916742049711854,8628.9,0.21449927284133344,50.0
0.05,0.02,2,0.09926028112571958,0.06957504731255112,0.12868500523398746,0.0002605085030743289,42.57617032849891,0.6656841836247919,0.6929431812392685,8616.55,0.21362631980940777,50.0
0.05,0.03,1,0.09457978890315613,0.06522180900934182,0.12356602012843643,0.00037174909861279035,42.53962438850776,0.6659133273948211,0.6927946627019304,8563.85,0.24718867397441519,50.0
0.05,0.03,2,0.09713079854129943,0.07202392860050781,0.12206310707034973,0.00017456298390617316,43.07525701460363,0.6646112599895635,0.6936294270759722,8577.7,0.2464298667988966,50.0
0.15,0.0005,1,0.22894725257790122,0.147397956696809,0.2858722255897191,0.02462432625902429,47.00749884340656,0.7261777680990505,0.6547492394274907,7986.65,0.043192110806981675,50.0
0.15,0.0005,2,0.2293326542714139,0.1490939033711273,0.28448966066561565,0.02508174379027982,46.84940386492371,0.7213033670438482,0.657782066177109,8012.9,0.04436147316321284,50.0
0.15,0.0015,1,0.21952719365366163,0.14440035637374135,0.2749848485186904,0.01966918296896788,45.798721641174694,0.7221133999069884,0.6572746521388455,8068.9,0.0375754235898503,50.0
0.15,0.0015,2,0.22207816354566737,0.14426299553480582,0.2805791378372309,0.019314188752145783,46.44233431248199,0.7181691425724467,0.6597397398259616,8074.0,0.03781952371178119,50.0
0.15,0.001,1,0.2282345795308438,0.14624221670290719,0.2877059709535308,0.02252097325306556,46.27465671360924,0.7284266622205582,0.6533506537981186,8026.15,0.03689769779074542,50.0
0.15,0.001,2,0.2244602773691621,0.1446491821293086,0.28154383933767974,0.02272753156693248,46.086803004713865,0.7264202442386375,0.6545917648765716,8046.7,0.03800228573179803,50.0
0.15,0.003,1,0.20644350672961967,0.13306366352182897,0.2628446360320926,0.016978715321329295,45.911389206453926,0.7173136493501349,0.660281147473875,8145.45,0.03880238222403175,50.0
0.15,0.003,2,0.2087143323510156,0.1337755781886178,0.2673305543937524,0.01632253348101933,45.34246427810576,0.714574681597256,0.6619915918321828,8130.15,0.039234744015057804,50.0
0.15,0.005,1,0.19365698697749378,0.12425012256099828,0.2499739830048288,0.013089869546365476,45.32266916063675,0.7104922526873645,0.6645506286328435,8214.75,0.04373242831475145,50.0
0.15,0.005,2,0.19547165674912415,0.1303853085161084,0.24754770589298922,0.013010300103053101,45.216712940361326,0.7149042067789438,0.6617878072538685,8218.25,0.04279218166501165,50.0
0.15,0.008,1,0.18272235016086133,0.11505759804651683,0.2410564570922263,0.009330645559172629,44.60970619572701,0.7069749376387267,0.666757115655515,8273.95,0.052644009924644505,50.0
0.15,0.008,2,0.17898608406802227,0.1150476268174789,0.23277477762246632,0.010149763558800744,44.67297000877103,0.7013485030461944,0.6702986385919096,8291.6,0.050818337951056856,50.0
0.15,0.013,1,0.16104815363649147,0.1082740908351459,0.20733698865355485,0.006485226202916558,44.261853524448156,0.6887016848057634,0.6782960854957475,8362.75,0.061719967499601444,50.0
0.15,0.013,2,0.1648695839731914,0.10654155582134146,0.21623835423653165,0.006959258547708018,44.08345778981729,0.6901291253365361,0.6773853504657817,8347.6,0.062249730897017484,50.0
0.15,0.02,1,0.1440063727739223,0.0939968655315034,0.189871778363858,0.00414409905872579,43.62845554922416,0.6839005410688114,0.6813343075751706,8419.75,0.07760244818013495,50.0
0.15,0.02,2,0.14633552796010038,0.09887682290626638,0.1897565449222274,0.0040376881968563205,43.98089307898839,0.6870938305858664,0.6793162570603382,8413.45,0.07669744302467092,50.0
0.15,0.03,1,0.1317069345185537,0.08904392626887861,0.17165824341999275,0.002711700146974104,43.71173401919345,0.680631841356979,0.6834111814427832,8454.35,0.09302181736143039,50.0
0.15,0.03,2,0.1303313238039445,0.08606817543488995,0.17195445474471888,0.0026400222391639028,43.62694931079714,0.6789267663512163,0.6844997541474374,8466.6,0.09243687588122533,50.0
0.1,0.0005,1,0.2016888447124406,0.13590918065895954,0.25368562205572615,0.01378288574884661,44.18800860248005,0.7066655149024835,0.6669589678054637,8246.1,0.05131081023217414,50.0
0.1,0.0005,2,0.20359840025750126,0.1329005879560527,0.2607740425309684,0.013522169900437076,44.90016534799876,0.7039381556731755,0.6686774872761372,8233.6,0.0513608228368219,50.0
0.1,0.0015,1,0.1850313594647795,0.12012786381461409,0.23935384486679845,0.010581012919071502,44.23904313057554,0.7056243883638412,0.6676153563772981,8301.35,0.047451062983833545,50.0
0.1,0.0015,2,0.19211720016011247,0.12338180323550021,0.2498494541027349,0.011003139981867064,44.445513867414626,0.7053408743167553,0.6678026288587591,8306.7,0.04615550588125032,50.0
0.1,0.001,1,0.19621751387025074,0.12952858157078523,0.25073804887609114,0.01216839787288899,44.53696142196283,0.7024797024375382,0.6695954154620177,8268.35,0.046070486139298185,50.0
0.1,0.001,2,0.1931179374596878,0.12605560437592936,0.24788019450273518,0.012300070881195124,44.774043341854615,0.7036062377267236,0.6688846858052475,8282.65,0.045633557895213214,50.0
0.1,0.003,1,0.17572239091348066,0.11370949476453891,0.22984992417577232,0.007885360014512543,44.33401028976778,0.6968002212716375,0.673174043002269,8367.3,0.052447732986928786,50.0
0.1,0.003,2,0.1741503030296739,0.10733306918901589,0.23322029443822223,0.0077472420319754974,44.090614950334185,0.7000647136410352,0.6711149573631472,8363.1,0.05253438038334467,50.0
0.1,0.005,1,0.16304373245670872,0.10597429610515904,0.21450649916825287,0.0056066780012456125,43.300794432254165,0.6954849407375553,0.6739938481761101,8434.5,0.06325778109340763,50.0
0.1,0.005,2,0.16774211912813283,0.10869737778541436,0.22063662215614355,0.006150240897398426,43.950751323302136,0.6885669433922231,0.6783777548863162,8406.65,0.06348112176099435,50.0
0.1,0.008,1,0.1480647826629618,0.09485934197253353,0.19707425438532616,0.004195971342729283,43.35691275272305,0.6862762262511959,0.6798264652753956,8490.55,0.07635565000801238,50.0
0.1,0.008,2,0.14470399928464975,0.09163494915177849,0.1937115789126111,0.0040614702521922005,43.28605889002815,0.6866760150495999,0.6795712677885429,8481.7,0.07587490323145532,50.0
0.1,0.013,1,0.1333065671017739,0.09101966608607609,0.1733275504292407,0.002265917675195974,42.93485033220907,0.6763352924087297,0.6861446424596668,8519.0,0.09445558375766755,50.0
0.1,0.013,2,0.1349327269455831,0.08395587923973052,0.18350519764832532,0.0024043780281428504,42.95466111098737,0.6799331947394825,0.68385920350233,8532.15,0.09409308939503401,50.0
0.1,0.02,1,0.12124061771892243,0.07961736979305985,0.16153250045329365,0.0013313617233058574,42.80594230953952,0.6757852181676361,0.6864947636397307,8556.3,0.11679589526688691,50.0
0.1,0.02,2,0.12188116849554653,0.08328237212003975,0.1585422568713373,0.001937706257685276,43.16337350138685,0.6754793470742911,0.6866973028835224,8546.4,0.11565496871056258,50.0
0.1,0.03,1,0.11572431665466061,0.07704838755782172,0.1532009102820208,0.001199331052265573,42.99145924934359,0.671696195285042,0.6891001387356963,8541.1,0.1396771276672538,50.0
0.1,0.03,2,0.11067514758254707,0.0773108499917794,0.14300303995749358,0.0010364037510705681,43.14424123821852,0.6743979128574973,0.6873854739950295,8532.6,0.13989742548146994,50.0
0.2,0.0005,1,0.25226599113644155,0.16378158561502856,0.30655366473053913,0.034196731617097506,48.068424506817294,0.7437247268549332,0.6438739603097928,7785.85,0.038643880651865595,50.0
0.2,0.0005,2,0.24733632503352182,0.16081496689529115,0.2998954675862575,0.03396221419617719,47.65287406466593,0.7420609664208603,0.6449008778745525,7774.3,0.04220265889422221,50.0
0.2,0.0015,1,0.24295989070722604,0.15745550868569497,0.29723398320832095,0.031230282428497964,46.7840741053257,0.7440907106723659,0.643673255917195,7866.0,0.03204997279933411,50.0
0.2,0.0015,2,0.24100464071341046,0.15777029159967726,0.2923747862729513,0.03186420471407986,47.18723698345864,0.7334256957306328,0.6502636817533264,7861.5,0.03215479758722253,50.0
0.2,0.001,1,0.24516433567522083,0.1616594319026399,0.2955549989789371,0.033114239855404966,47.134307148450695,0.7369732502527329,0.648057313588367,7825.35,0.033202548394229994,50.0
0.2,0.001,2,0.2431901617747554,0.15744966877112002,0.29655750940161985,0.03237314381518584,47.43006661319392,0.7384926019044447,0.6471040351129135,7824.85,0.03536669241531914,50.0
0.2,0.003,1,0.23161961200046005,0.14793547924476255,0.28958590029026,0.02571784666908608,46.790885241990296,0.737301833318815,0.6478481478149385,7927.15,0.033959113314880815,50.0
0.2,0.003,2,0.22758377204938068,0.14421568273814325,0.2845273879790563,0.026424474874672654,46.307776356462504,0.7307090415427689,0.6519237861044311,7928.9,0.032422646968622446,50.0
0.2,0.005,1,0.21717841167514362,0.13950534005547943,0.27331329504079277,0.021538182195791494,46.46450124991565,0.7268816116749341,0.6543059613799046,8015.2,0.034730418219811154,50.0
0.2,0.005,2,0.2221248400028414,0.14374165731116217,0.278241979707457,0.022266047735331963,46.477739017599575,0.7267787885357222,0.6543680239850412,8014.1,0.035002142254885335,50.0
0.2,0.008,1,0.20846185712207616,0.136075138264241,0.26409442810607353,0.016754147766027037,45.58419441630544,0.7236758659079475,0.6563202984573181,8074.85,0.04073629808074843,50.0
0.2,0.008,2,0.20220872564573047,0.13185397181825007,0.2550771619777298,0.017486316605148898,46.024436814054056,0.7232340577527828,0.6565786332274495,8069.5,0.04045965822859346,50.0
0.2,0.013,1,0.19273081891633867,0.12852847578070653,0.24415414120241233,0.01277902052568802,45.50004612531196,0.7133652516319542,0.6627535699254868,8177.45,0.04795924108611372,50.0
0.2,0.013,2,0.19150447959510902,0.12526295580149843,0.24476610489623968,0.012979901736936226,45.369862308597575,0.7062789595569205,0.6671961687433481,8174.8,0.0482849114288238,50.0
0.2,0.02,1,0.17555774942741625,0.11637946256075689,0.2258287767635565,0.008907265095523238,45.00089056528056,0.6967239092301314,0.6732119166002386,8262.45,0.05664522876101887,50.0
0.2,0.02,2,0.1758911650680666,0.12000892344594613,0.22283025743059368,0.008943148906639067,44.756350547925706,0.6997066246323798,0.6713353833763349,8250.25,0.058152705767755955,50.0
0.2,0.03,1,0.15301872240580353,0.10131927186291878,0.19893022232763327,0.005787958194677386,44.36725250841791,0.6916454076488809,0.6764266231511022,8333.65,0.0702286764789562,50.0
0.2,0.03,2,0.15558351133561774,0.10361417543711735,0.2021973951959676,0.005355456901073715,44.21334860356454,0.6933227028171627,0.6753682568977815,8324.6,0.06972064155982664,50.0
0.3,0.0005,1,0.26676391079471384,0.17600853955357326,0.3047006653930584,0.05281861620091525,49.83416207711217,0.7508476314311381,0.6394893780401149,7436.25,0.03371263287274557,50.0
0.3,0.0005,2,0.27024162449357697,0.17633726366977595,0.3120331258606481,0.05211286128253393,50.43708526773372,0.752732122423865,0.6383479471740038,7446.05,0.033819177534715736,50.0
0.3,0.0015,1,0.2603704339205298,0.17256650442363275,0.3008178543058907,0.047356509900147024,49.10963329314355,0.7489647901644085,0.6406425596927346,7543.4,0.025707672805723954,50.0
0.3,0.0015,2,0.2583674220647229,0.16832330119805305,0.3008170795343374,0.047594462463207185,49.682533757536106,0.7562864817175102,0.6361639591493199,7535.45,0.025613820033600177,50.0
0.3,0.001,1,0.26470859616296616,0.1780454452295239,0.3040898150116045,0.04728193853776737,49.826600352627864,0.7545901989928858,0.6371966630758952,7461.8,0.02881493156958182,50.0
0.3,0.001,2,0.26855969469905944,0.17715976454261756,0.31248213334386066,0.04747748778589858,49.794822683429516,0.7572185188199072,0.6355954989686267,7475.2,0.028190398098772974,50.0
0.3,0.003,1,0.25576886954651507,0.1681978445927737,0.29966326944605326,0.043676626368016086,49.840920605346334,0.7502400359101291,0.6398654746252179,7599.65,0.025528800056866564,50.0
0.3,0.003,2,0.2563703533984024,0.16787127852679506,0.2999778391064707,0.04489159124889617,49.74720233851164,0.7483393196521122,0.6410280425621184,7574.3,0.025387712504484523,50.0
0.3,0.005,1,0.2508437718666237,0.16824255807110292,0.29481536547469306,0.038629623865666554,48.98672975992618,0.7486112319805092,0.6408761741183879,7664.1,0.026340221103514815,50.0
0.3,0.005,2,0.25231780391354086,0.1687764444884324,0.2987501601950807,0.037109000870483896,49.111591265078935,0.7469575086909817,0.6418895913308609,7641.05,0.026724435587377405,50.0
0.3,0.008,1,0.23670540811063182,0.1567349048640887,0.2838893271946684,0.03278657844637688,47.71645745938015,0.7475024802957727,0.6415468993867542,7740.55,0.02959020810351015,50.0
0.3,0.008,2,0.2384981504011907,0.14885686800896533,0.2937643462947023,0.03437508825367733,48.04849105678685,0.7474697158761938,0.6415655994885989,7723.6,0.030078769777651858,50.0
0.3,0.013,1,0.22516850459140136,0.14801688015717002,0.27400617723493503,0.028313956382945028,47.314166930245214,0.7369200956054348,0.6480831515677372,7854.2,0.03398729311635908,50.0
0.3,0.013,2,0.22302711830666455,0.14908124841561288,0.26776949139919287,0.029203490629964184,47.928025357441406,0.7350615844480418,0.6492373917164929,7834.7,0.03484440149628983,50.0
0.3,0.02,1,0.20887498844106633,0.1378001366714155,0.25816161550547634,0.021788220593490622,46.82920329552243,0.7254723815187725,0.6551840874288146,7947.1,0.03983097304604995,50.0
0.3,0.02,2,0.21275427816841916,0.13732123836794702,0.2679078308181111,0.020279491025764936,46.385683739608446,0.7281524934976898,0.6535139498843429,7950.3,0.039808347179522884,50.0
0.3,0.03,1,0.19568368822482454,0.13358168651527222,0.24332702538722403,0.014458667091563798,46.08663165505068,0.7180803523454498,0.6598028544819945,8059.45,0.046186600007033576,50.0
0.3,0.03,2,0.19847110332333293,0.12964140799164844,0.2513385917595009,0.015962208497446943,46.43706130746655,0.715755893264698,0.6612518426111254,8048.5,0.04668399032348868,50.0
0.5,0.0005,1,0.2887608061988736,0.19021950787200242,0.3079104284285583,0.07939167415135764,54.83315911409058,0.7553693930044787,0.6367233445288982,6970.1,0.023056058670203137,50.0
0.5,0.0005,2,0.2845756773155411,0.20128788517131482,0.2884382776156976,0.07942518822090668,53.88879476334428,0.7539440913973313,0.6375985454532095,6977.55,0.024702917231835812,50.0
0.5,0.0015,1,0.28218914191366495,0.19020374872409093,0.3010054597744328,0.07316908126153776,53.76546734797894,0.7569786888418285,0.635736143487164,7003.4,0.019384196285949944,50.0
0.5,0.0015,2,0.27788543495659146,0.18692384206611362,0.2916334303390883,0.07721359791908372,53.54943377327665,0.7606205588349745,0.6335075660274684,7033.15,0.018189553972413293,50.0
0.5,0.001,1,0.27564089134113084,0.19171485812999592,0.28514863578429916,0.07441829101170687,54.91499763889142,0.747891055675914,0.641320917571533,6983.65,0.020062431385027214,50.0
0.5,0.001,2,0.27579763574493327,0.19029980625117277,0.2886602461064176,0.07263522467643355,53.847821425085,0.7562287341325609,0.6361965275600394,6995.35,0.018976433104503886,50.0
0.5,0.003,1,0.2714462817711943,0.18612770229716505,0.2876392254560648,0.0691256334874463,53.47626929194223,0.7611723322396678,0.6331755000246434,7137.4,0.017450504967877978,50.0
0.5,0.003,2,0.27351006311061876,0.18725094939160478,0.2909343941079294,0.06883478240110104,53.01903451065117,0.7576739728797157,0.6353118523130069,7071.8,0.017910054127377333,50.0
0.5,0.005,1,0.2649841109022817,0.1783450278821731,0.2874573581224703,0.0641658412486191,52.644659404372874,0.7657779089033119,0.630364736228954,7148.35,0.018813950203590845,50.0
0.5,0.005,2,0.27440991782230123,0.18972029482504016,0.29338207730584676,0.06571745494287491,52.57106661196974,0.7678712559249633,0.6291050596035689,7162.5,0.018203894183166747,50.0
0.5,0.008,1,0.26823757844279694,0.17992350520999162,0.2947262667895295,0.06182538228664698,52.0319455189041,0.7591595499886559,0.6344028746170889,7237.05,0.02051291695506061,50.0
0.5,0.008,2,0.26816325994849166,0.17904182046612122,0.29439737571563224,0.06288731709239428,51.96840153157207,0.7608319972591795,0.6333828180780381,7265.25,0.020254893394204027,50.0
0.5,0.013,1,0.26325100758437203,0.17803597550536365,0.2973059268045094,0.051160117015112805,51.31662679069548,0.757892599931734,0.6352042096566467,7329.55,0.022494024519536148,50.0
0.5,0.013,2,0.2550640533975853,0.17149191233851352,0.2878778238936745,0.05075836833535814,51.38585847277034,0.7654520782965304,0.6305626107492173,7334.05,0.023427735896616668,50.0
0.5,0.02,1,0.2440551150958036,0.15635887532770307,0.2878521306728803,0.0438992246194256,49.569920215691724,0.7632661155214022,0.6318894903677835,7474.95,0.026192692031695823,50.0
0.5,0.02,2,0.2469886807591637,0.16966295012672458,0.2795984408283928,0.044715972276503986,50.32648484135458,0.7568424359521225,0.6358242857342666,7444.8,0.026487786797980695,50.0
0.5,0.03,1,0.23097769199933835,0.15506927632464898,0.2722298367779306,0.03465626648417995,49.20255996581923,0.7572665814968831,0.6355763332786447,7571.65,0.031180937453655,50.0
0.5,0.03,2,0.23750388335144756,0.16026987807227808,0.27843985685281786,0.03629803145809721,49.593891412192534,0.7527739959696423,0.6383126300272155,7583.1,0.030428163717141743,50.0
