mu_g,Tgran,seed,mu,a_c,a_n,a_t,f_mean,cv_f,pr_f,ncon,chi
0.02,0.0005,1,0.1936903975232293,0.10845494863243296,0.28034852183745107,-0.0014226643427652024,12.9271346333192,0.6888209232734872,0.6786150802318122,8028.368421052632,0.1622960503078669
0.02,0.0005,2,0.5017656261331884,0.6596319130596447,0.3423307089404603,0.0015686339959562455,7.9580088168606,0.82441157420572,0.5970862019440106,5738.476190476191,0.2840468029290906
0.02,0.0005,3,0.5222028268307718,0.6678273169368547,0.37431439022602825,0.0022639460575435756,7.564419340734484,0.8434917481128869,0.5855527541146734,5637.809523809524,0.2958101942764452
0.02,0.0015,1,0.11819858071885588,0.09182126189043191,0.1440507270832813,0.0005251715916857261,9.053773411608953,0.6867052224609472,0.6795559949258207,8177.6,0.2385360931989145
0.02,0.0015,2,0.11781576444978921,0.09392728000006775,0.14123966811570793,0.00046458022506765654,9.015661021104705,0.685485481049292,0.6803332603477543,8176.25,0.23665527299450062
0.02,0.0015,3,0.12178365042348589,0.09470174131730928,0.1484229390389838,0.00044262606247309576,9.049080372041209,0.6886557849924643,0.6783241693829655,8165.05,0.2375945814150761
0.02,0.001,1,0.1162500090055846,0.09086154350307586,0.1409605586202831,0.0006779153306219158,9.084721482133535,0.6870712380420769,0.6793239327235755,8163.95,0.21096860558846195
0.02,0.001,2,0.12291769255412617,0.09706636263384363,0.14816441158324362,0.0006046171290109809,9.062340383299418,0.6844079882249564,0.6810203165302671,8175.25,0.2093594293750413
0.02,0.001,3,0.11757835791137036,0.0908424231153311,0.1437062870888141,0.0006080083972019726,9.040359892916992,0.6883797925671684,0.6784951380456944,8169.35,0.21034611675811
0.02,0.003,1,0.10984766468725049,0.08474522275594058,0.13461158176141505,0.00033852467922067806,9.052491793973097,0.6829341325566146,0.6819508708159537,8172.55,0.2884032965191264
0.02,0.003,2,0.11205539641751303,0.08403763222273615,0.13977278045274147,0.00030038415146412944,9.093196299556464,0.6890688403054855,0.6780629469615762,8172.1,0.29008761162275964
0.02,0.003,3,0.10654996615676426,0.08672394263145586,0.12612302925936394,0.00025296491095533753,9.115301085733858,0.6836375822579424,0.681507172315608,8158.0,0.29204494771121536
0.02,0.005,1,0.10513764476212666,0.08351087010057343,0.1265584014748043,0.0002060146088673146,9.099783434374022,0.6811610539456024,0.6830742142441352,8136.8,0.3382697396188663
0.02,0.005,2,0.11046308831108768,0.08894817296551924,0.1317773084151157,0.0002006958320402695,9.059784879424098,0.6830558910768995,0.6818752017295562,8144.05,0.3370237278085704
0.02,0.005,3,0.11123187041156357,0.09125597373324576,0.13102262704419748,0.00018514208966233976,9.076666376936602,0.6781845263538246,0.6849683826973397,8139.45,0.33748940457657284
0.02,0.008,1,0.10127961752805652,0.08513039633010999,0.11735702402826013,7.181778160134341e-05,9.110526005417224,0.6769396868517573,0.685759600425347,8105.75,0.38224491102802627
0.02,0.008,2,0.11061064212118861,0.08858783640393367,0.1324026358257022,0.00023081850916369085,9.131066185382236,0.6805867883233397,0.6834402333198742,8089.7,0.3827077145327418
0.02,0.008,3,0.10433908283248358,0.08500013041137994,0.12350795899713947,0.00017007904056282503,9.146448559065501,0.6795529388973651,0.6840972508302299,8093.0,0.38221154791666684
0.02,0.013,1,0.10615094949864601,0.09205837508992054,0.12014269056048255,0.00010083287822982523,9.245657795996085,0.6766390428790116,0.6859516948967787,8027.05,0.430841904922927
0.02,0.013,2,0.099637120133615,0.08264540668425567,0.11643522028652767,0.00019361030611332448,9.295080518313746,0.6772758824811254,0.6855489448371865,8016.85,0.42570032580129186
0.02,0.013,3,0.10943548389554099,0.0884057731445403,0.1302803222346145,0.0001848717864893585,9.233988522874457,0.678868778925166,0.6845327533632269,8014.6,0.43286397978664415
0.02,0.02,1,0.10122940494952162,0.0889706944848419,0.11343599691381438,5.212288884014455e-05,9.324856507359756,0.6787032182622841,0.6846383373885487,7927.3,0.47285547566274266
0.02,0.02,2,0.09769369769953987,0.08307957615917301,0.11209864684958444,0.00020917679471208161,9.322624734421428,0.6747172636682435,0.6871752473022678,7925.65,0.4714339594216056
0.02,0.02,3,0.1011722875299822,0.0855481417445629,0.11667083399890257,0.00012559657454649567,9.352540645159007,0.6787327426297028,0.6846223335377546,7923.8,0.4725965233534419
0.02,0.03,1,0.10124629127571697,0.09004015010448142,0.11246650492809336,-1.4075607230001533e-05,9.485487389826826,0.6810180659021732,0.6831707895694584,7817.6,0.516136876426841
0.02,0.03,2,0.10148381303268013,0.09077945701704895,0.11214850981028301,3.966290588519435e-05,9.42984534435018,0.6761557594882099,0.6862630616602854,7812.35,0.5136691077174232
0.02,0.03,3,0.09778863760720165,0.0848918328071194,0.11057082212608933,0.00011462151471448578,9.472661552267807,0.6756988569636312,0.6865472548718052,7798.8,0.5140196729739592
0.02,0.05,1,0.0973845793375963,0.0913655214999297,0.10325885917121372,0.00014477804028180022,9.772683467428694,0.6880476687937398,0.6787047856051646,7606.1,0.56616704852534
0.02,0.05,2,0.09482486182117225,0.08957384132838857,0.09996164598565889,0.00011423826213549059,9.738324080704512,0.6889741155362948,0.6781162286918602,7594.2,0.5688326331999121
0.02,0.05,3,0.09451707818347423,0.09094007062724335,0.09798021865700177,0.00011387362996955216,9.713537932399623,0.6911245253098663,0.6767562648520637,7600.8,0.567502065985615
0.02,0.08,1,0.09226984757032428,0.09458292444581165,0.08985734692269556,9.94257643306443e-05,10.049565943554693,0.7017222542698704,0.6700607923721522,7346.5,0.6170132609808954
0.02,0.08,2,0.0926985241813142,0.09394266607991478,0.09136661899632215,8.776207148540644e-05,10.07717527704846,0.701257625526162,0.6703551350657827,7334.45,0.6159647114963004
0.02,0.08,3,0.09229847745033394,0.09228355033670611,0.0921842263027255,0.00012917423860188577,10.061281489058034,0.6994062002438837,0.6715233603437625,7349.35,0.6161114255184421
0.02,0.12,1,0.08856479804516974,0.0937298560081804,0.08334075468809153,5.8986859316989386e-05,10.43234023477347,0.7240820595060736,0.6560548784543037,7026.65,0.6542978465443958
0.02,0.12,2,0.0897994871989122,0.0945563504830452,0.08504136782617142,1.2552551849421828e-06,10.465487376065543,0.7257636702253851,0.6550059104854266,7035.05,0.6525237165278699
0.02,0.12,3,0.08043093451631886,0.08501606326971647,0.0758167220753664,2.9082998205648673e-05,10.47619475252912,0.7252175799771797,0.6553411126004203,7016.4,0.6559641495764084
0.02,0.2,1,0.08013474550952975,0.09737121561889833,0.06286208878721058,3.618611523155822e-05,11.209151898254925,0.7588481214528164,0.6345927374679794,6563.8,0.7015466008386858
0.02,0.2,2,0.075481854401064,0.08979904184290419,0.06112907580944167,3.5594472688558764e-05,11.249059953400204,0.7582656262732658,0.6349530222669207,6559.0,0.7000561026189468
0.02,0.2,3,0.07289073764561263,0.08766665967287247,0.058092071329825266,2.274687884269808e-05,11.254294925544784,0.756521349064521,0.6360165994712873,6551.6,0.6980602028278041
0.02,0.3,1,0.06583501443546139,0.08553200899798655,0.046017512920667365,0.00012050760877617261,12.12528110375499,0.7882382140207654,0.6167963432534522,6094.3,0.7279774144767515
0.02,0.3,2,0.07372194352990487,0.09430140648934549,0.05305308387552471,8.939462810739615e-05,12.113470766219379,0.7901871274288587,0.6156243130114618,6116.9,0.7295923884621678
0.02,0.3,3,0.06630650441825643,0.0837172729037827,0.04872540072406922,0.0001703389663138939,12.120402692434997,0.7929095204142455,0.6140023866072865,6105.75,0.728460198232774
0.05,0.0005,1,0.5351601697682549,0.7134588161006494,0.35269398270922525,0.004167534014086706,6.99863757049663,0.8518428520995481,0.5805722825685067,5420.428571428572,0.18169740896532635
0.05,0.0005,2,0.27706759997318614,0.22489130113509734,0.3291590571712043,8.483941884463704e-05,12.032643913025149,0.7249034498806373,0.6567031420085391,7502.3,0.08745458894650497
0.05,0.0015,1,0.14536721538095987,0.10664761468687071,0.18154631943784644,0.002540490999038293,9.243237479825059,0.7002548759433773,0.6709984621346201,8025.65,0.11558438821022562
0.05,0.0015,2,0.1472294777004493,0.11249212676804943,0.1793574981546103,0.002609334496777198,9.229983550193644,0.6983773069484032,0.6721753668718818,8031.7,0.1144344932767325
0.05,0.001,1,0.15885848660530014,0.11609311490480168,0.19896669946564885,0.002657153832243661,9.51774106766857,0.695147092718385,0.6742435874138033,8011.5,0.10578379947001286
0.05,0.001,2,0.15399130675182363,0.11621427873194583,0.1886896026032165,0.0030787338070405543,9.297883516278478,0.696521997290418,0.6733513362678967,8013.45,0.10689270829156106
0.05,0.003,1,0.13258966984685494,0.10114242925131081,0.1623719130903844,0.0016649921678890216,9.170373544215009,0.6872991033876927,0.6791881333519405,8078.8,0.1420333136285871
0.05,0.003,2,0.13687470154928055,0.10531742734964515,0.16685086267944313,0.0015811126956077482,9.226994893301317,0.6912823779103971,0.6766649619106543,8055.6,0.14125531391835844
0.05,0.005,1,0.12607957240763087,0.10078838568197326,0.15009344400642777,0.001277320656111514,9.236267076333665,0.6870467726636681,0.6793429997358215,8079.15,0.17264642720612955
0.05,0.005,2,0.12947415695169912,0.1013199832774487,0.15635426874286212,0.001274060751317326,9.205617404485153,0.6884195076457322,0.6784699421907987,8074.15,0.1727417662709424
0.05,0.008,1,0.12005865886847407,0.09467098740148605,0.14475556253155428,0.0006907675052369122,9.164034505365098,0.6798054631407529,0.6839382237163447,8072.6,0.20658649422424857
0.05,0.008,2,0.12400494487959106,0.0960589979002197,0.1513059215630994,0.0006449736255253496,9.195961718467652,0.6823058020580971,0.6823482417228519,8062.1,0.2048183142716625
0.05,0.013,1,0.11174069594050136,0.09014913933135224,0.13280690322112704,0.0005253532546557774,9.111666262871356,0.6812152766195776,0.6830485188400683,8025.5,0.25195756112334394
0.05,0.013,2,0.1143337796180633,0.0930835501599792,0.13516805261838713,0.0004159603339364471,9.209168418517098,0.6810612435433593,0.68313887504584,8028.65,0.24844194234859812
0.05,0.02,1,0.11590681710955134,0.0967883043900859,0.13469263217809468,0.00033269623892867746,9.212231294990172,0.6785778254857078,0.6847208168252317,7961.55,0.28669512765790184
0.05,0.02,2,0.1103367950385014,0.09601768966566686,0.12427907307584596,0.0003768257145436352,9.29142482737692,0.6815667606925936,0.6828194575891231,7949.2,0.28642383211266065
0.05,0.03,1,0.10392157789316545,0.08893693851378236,0.11853209055269534,0.0003741281176322804,9.422717936518513,0.6801071551645533,0.6837480181687062,7855.7,0.32558572524443496
0.05,0.03,2,0.1040431070075479,0.09070018163103033,0.11695626901003395,0.0004297614921230557,9.423997951489486,0.6782705669082635,0.6849137349631327,7872.15,0.3252453993455376
0.0,0.0005,1,0.5047428135047028,0.6730233958514837,0.33646223409126236,0.0,7.30325143832722,0.832151602873019,0.5921541934808632,5665.6,0.0
0.0,0.0005,2,0.42141487066384575,0.5271072847545738,0.3157224618473177,0.0,8.936053160282533,0.7905385444433989,0.6172754695311237,6293.65,0.0
0.0,0.0005,3,0.2852943489345655,0.25052323932617865,0.32006546249606427,0.0,10.573017263208829,0.7444087397636798,0.644763908694906,7346.75,0.0
0.0,0.0015,1,0.10127615931890624,0.07942191469288884,0.12313040347623476,0.0,8.962700985562815,0.6839601078042897,0.6813049240614174,8199.45,0.0
0.0,0.0015,2,0.10087066358440955,0.07922512770281187,0.12251620159275182,0.0,9.08467690463598,0.6775618470257916,0.6853654118210166,8197.3,0.0
0.0,0.0015,3,0.10325316411505743,0.07884342604937229,0.12766290302845626,0.0,9.035460384610435,0.6821446602084387,0.6824533402536775,8220.3,0.0
0.0,0.001,1,0.10472048558084898,0.0818741770414286,0.12756679799670448,0.0,8.99522280483497,0.685170977604041,0.6805303430705543,8205.1,0.0
0.0,0.001,2,0.10079649897401106,0.07980852167680745,0.12178447568112734,0.0,9.043148974725147,0.6849228803713785,0.6806893646816388,8226.5,0.0
0.0,0.001,3,0.10314427555297274,0.08124874772035322,0.1250398032685835,0.0,8.969311058249735,0.6850765112397312,0.6805874856643677,8206.3,0.0
0.0,0.003,1,0.10119138121666742,0.08189694540826101,0.1204858124391139,0.0,9.097619368421984,0.6790699349623861,0.6844082435975798,8155.3,0.0
0.0,0.003,2,0.10315674945044362,0.0825343860407306,0.12377911442039147,0.0,9.09776718875031,0.6795092715796869,0.6841316978176301,8157.35,0.0
0.0,0.003,3,0.10028374154387092,0.08277124061053318,0.11779624043243164,0.0,9.041316967444176,0.6799717091028402,0.683834725967009,8130.95,0.0
0.0,0.005,1,0.09841381124907525,0.07703898080271802,0.1197886422551985,0.0,9.112786729169532,0.6769384224636388,0.6857643161263647,8105.15,0.0
0.0,0.005,2,0.10017250296418274,0.08135378930304901,0.11899121763356582,0.0,9.149783949448299,0.6727668331011689,0.6884226269894771,8108.3,0.0
0.0,0.005,3,0.10350725281365272,0.08331419205080783,0.1237003146522121,0.0,9.108560343536016,0.6803692971830494,0.6835820921058262,8114.55,0.0
0.0,0.008,1,0.09708537916206186,0.08099194790065024,0.11317880940297631,0.0,9.250877950273937,0.6763746825152684,0.6861258341098745,8032.05,0.0
0.0,0.008,2,0.10060504992614956,0.08364913900615109,0.11756095798115321,0.0,9.20531409593861,0.6762926607578612,0.6861726327927299,8038.2,0.0
0.0,0.008,3,0.09679810940242131,0.07504301125487714,0.1185532094905404,0.0,9.19935454670597,0.6738649129190882,0.687719374276299,8052.05,0.0
0.0,0.013,1,0.10219707984525184,0.09040863746450245,0.11398552236787436,0.0,9.301965161099613,0.6797576129283671,0.6839689139741391,7952.2,0.0
0.0,0.013,2,0.09838743201771283,0.08274785981990228,0.1140270026895969,0.0,9.304031728590088,0.6771237508491914,0.685644959684047,7959.85,0.0
0.0,0.013,3,0.0976413882789928,0.08457628352895218,0.11070649124108382,0.0,9.32028105289147,0.6764538010315959,0.6860681052916655,7935.8,0.0
0.0,0.02,1,0.0982318268830051,0.08925945301243374,0.1072041999418637,0.0,9.381371127209299,0.6796848331963867,0.6840125797879117,7851.0,0.0
0.0,0.02,2,0.09419191836916102,0.08198853364889658,0.10639529642838294,0.0,9.461547136048283,0.6719297439336096,0.6889542648322065,7854.6,0.0
0.0,0.02,3,0.09508093077348309,0.08201300677042166,0.10814884760426416,0.0,9.424329849858015,0.6762265671125276,0.6862191675640613,7857.05,0.0
0.0,0.03,1,0.09347110845391353,0.0862892926194934,0.10065292714035759,0.0,9.603070633441973,0.6831979748254333,0.6817835118736857,7723.25,0.0
0.0,0.03,2,0.09201026234279464,0.08675925580067866,0.09726126999492973,0.0,9.533589753816962,0.6813238135779491,0.6829760746127947,7745.15,0.0
0.0,0.03,3,0.096521750445314,0.09025665252719475,0.10278684981557185,0.0,9.620557807874679,0.6799107339215921,0.6838706829207157,7742.05,0.0
0.0,0.05,1,0.09266005458300434,0.09147579342199137,0.09384431661056523,0.0,9.84161186505872,0.690705136652474,0.6770253615755134,7530.5,0.0
0.0,0.05,2,0.0879727970953579,0.08354828905226078,0.09239730760132309,0.0,9.79746686470031,0.6914885005455778,0.6765273915213579,7502.0,0.0
0.0,0.05,3,0.08993403827239481,0.08752873494044154,0.0923393410016584,0.0,9.833396510150225,0.6943254232724099,0.6747311371298162,7504.25,0.0
0.0,0.08,1,0.08542183785412424,0.09014469409255363,0.08069898124495069,0.0,10.163127196891313,0.7062981863162452,0.66718616708502,7241.15,0.0
0.0,0.08,2,0.08776000134197201,0.08488838903613485,0.09063161501924587,0.0,10.163743796281159,0.7096318550637585,0.6650881389212683,7258.4,0.0
0.0,0.08,3,0.08706935479455438,0.09422249074695076,0.07991621577438957,0.0,10.215057822368786,0.7074978904174875,0.6664250434090051,7252.45,0.0
0.0,0.12,1,0.08474257275773711,0.09379178954747096,0.07569335201412622,0.0,10.642326136052958,0.7273126772449753,0.6540406510720285,6964.15,0.0
0.0,0.12,2,0.08483212305775108,0.09286729305145944,0.07679694406185215,0.0,10.627012499534548,0.7298296155101847,0.6524788799316711,6941.85,0.0
0.0,0.12,3,0.07934860796954235,0.0919421147842647,0.06675510152035648,0.0,10.609231113148768,0.7319215927919293,0.6511707478625415,6952.05,0.0
0.0,0.2,1,0.07406814487843297,0.09031698381273248,0.057819305669437326,0.0,11.407294690315116,0.7643501511276913,0.6312328683321038,6472.6,0.0
0.0,0.2,2,0.07519010720289779,0.08885067431099303,0.061529542423533014,0.0,11.44637805799196,0.7648072283014082,0.6309541965658997,6480.7,0.0
0.0,0.2,3,0.07016029867627357,0.08960561457016121,0.05071498435556193,0.0,11.379990411071407,0.7656316940806343,0.6304516868694566,6449.65,0.0
0.0,0.3,1,0.06851746678925749,0.08884797449640344,0.04818695427963345,0.0,12.284573390488678,0.7966838859404578,0.6117507480526314,5999.85,0.0
0.0,0.3,2,0.06791165803138274,0.08643016783099979,0.04939315070179884,0.0,12.30411968524091,0.8002173645302063,0.6096529708310413,6001.75,0.0
0.0,0.3,3,0.0642101202721963,0.08421545925369471,0.04420478065328827,0.0,12.256953348164409,0.7992163882526497,0.6102466658772836,5988.55,0.0
0.12,0.0005,1,0.5576732617862854,0.7288772444263827,0.37983975350353905,0.006629528169514685,6.737218702044087,0.8687021860082481,0.5703786686482484,5276.2,0.0973553669302801
0.12,0.0005,2,0.5352908166037244,0.7075970796234886,0.359611179733469,0.003373373898064077,8.60245030028205,0.8298776966294764,0.5942077359094972,5535.571428571428,0.08580613400447772
0.12,0.0015,1,0.19684567174199524,0.14950249909542707,0.23203395727875656,0.01215488548003741,9.631669573178076,0.7214559366059887,0.6576979417105273,7689.55,0.061108034820491784
0.12,0.0015,2,0.19704725701631526,0.15259978481069023,0.22893825985697475,0.01255646931777755,9.69975654591752,0.7214572986170371,0.6576910876531554,7688.55,0.0609427057164907
0.12,0.001,1,0.21533179749658532,0.16672385626997202,0.2505352807885148,0.01340445427737153,9.681193640619245,0.7285786449404592,0.6532617957442953,7641.05,0.059092931254784965
0.12,0.001,2,0.21075118338026705,0.15575151438514118,0.2516633698284409,0.01408748183026346,9.726126415104876,0.7302934410318258,0.6522012731399098,7653.1,0.05862965440820918
0.12,0.003,1,0.19054385690769843,0.14221667843703342,0.2292158145022539,0.009655225351984625,9.629797708687894,0.7158693272520902,0.661192633108268,7762.7,0.06804820618015182
0.12,0.003,2,0.18668687689325925,0.14193116864474192,0.22262466161743094,0.008817924377887684,9.624078841308584,0.7153440155016451,0.661509294666524,7757.25,0.06671200647650313
0.12,0.005,1,0.1786721670534935,0.1383912883628787,0.21226466115592252,0.006688385883362617,9.539440502057232,0.7090530927169859,0.6654529676893605,7826.8,0.07745587501316506
0.12,0.005,2,0.1783024127612617,0.13882271792923712,0.21107115171138946,0.006710958737508425,9.577076933166461,0.7060921867959925,0.6673136904737201,7823.55,0.07730954151321665
0.12,0.008,1,0.1633555383820611,0.12441153728078018,0.19736814806692923,0.004931390956783858,9.467529442678678,0.7046536842879165,0.6682185292740255,7857.95,0.09405757981121698
0.12,0.008,2,0.16285964159848915,0.12843901843493424,0.19286472386027817,0.004415536069986935,9.442419840703456,0.6967354906007236,0.6732142884960681,7862.1,0.09262167349242548
0.12,0.013,1,0.14409459845417763,0.11833340577036519,0.16678104394258475,0.0030747472521373003,9.391355822320666,0.6901873311047554,0.677351684862017,7900.4,0.11570421639495017
0.12,0.013,2,0.14252521403926308,0.1132612532236903,0.1687503790864209,0.0030387933154571176,9.435345559522137,0.6892789225210412,0.6779244336665811,7904.0,0.11422519356704923
0.12,0.02,1,0.13744810090089107,0.1125191453738813,0.1603582360870744,0.002018820919878201,9.379572731066748,0.6879107973590668,0.6787984959316811,7903.15,0.13941200491754674
0.12,0.02,2,0.13368674183324572,0.10291722710341326,0.16238181525044326,0.0020744417339102978,9.376368824485288,0.6845619899523782,0.6809165850148925,7897.2,0.1398085994564116
0.12,0.03,1,0.12166323513114281,0.10180434806872687,0.1400922238541922,0.0014298937700071928,9.385704486170352,0.6848215125901561,0.6807553135824838,7865.35,0.16869938669385953
0.12,0.03,2,0.1281062438703875,0.1072840115574838,0.14738438054082798,0.001544092402332394,9.430089655012514,0.6800456721562338,0.6837824148161948,7865.55,0.16612678748816628
0.15,0.0005,1,0.5696370668426913,0.7479299908574736,0.38386235318381745,0.007481785773307119,6.891974016511212,0.8655340255385597,0.5721654043757743,5230.761904761905,0.08008925050572328
0.15,0.0005,2,0.3300899348793159,0.3376557125494895,0.3219246246792135,0.0005995316109506363,12.165077156133853,0.7398036007682472,0.6480467378169011,7084.5,0.03649397446326191
0.15,0.0015,1,0.22297383622929243,0.16892542111138514,0.2589967961180075,0.018025455568558908,10.00198329889448,0.7385755038644161,0.6470482336834649,7546.4,0.05213660105011346
0.15,0.0015,2,0.21593331960325113,0.1582069639380627,0.256791900670137,0.016867773772507207,9.822436739567419,0.7380974382117488,0.6473471324361324,7546.85,0.05081610320680541
0.15,0.001,1,0.2267902448747893,0.16737522097542207,0.26704723216763443,0.019158032325803508,9.866280590723305,0.7411005112372366,0.6454913345199466,7501.75,0.05269359562493692
0.15,0.001,2,0.22874998698044266,0.16795713136498658,0.2699747746578743,0.019568073237621896,9.977839073199796,0.7351848931537612,0.6491560016605024,7506.3,0.051402355970820636
0.15,0.003,1,0.2047385132117765,0.14907131945690696,0.24619039396435852,0.01421531804892919,9.82248188089848,0.7302115790290934,0.652234552065818,7606.35,0.05676802715215725
0.15,0.003,2,0.2054193302616704,0.15293999040141054,0.24434794417516142,0.013550723699928782,9.881130303793586,0.7257068617060678,0.65504859309562,7619.2,0.0561513428761191
0.15,0.005,1,0.18699361964735867,0.1424439564871373,0.22043771695793377,0.011105567318519863,9.715368553005026,0.7133696244837767,0.6627507392720886,7697.8,0.06280880769333348
0.15,0.005,2,0.19500262519703643,0.14684611925077506,0.23264757356623728,0.010511557848474946,9.73503784164716,0.7203058226326842,0.6584108175816208,7686.8,0.06453209213401474
0.15,0.008,1,0.180075384950929,0.13946678558022557,0.21251159137196957,0.008172393966424298,9.618027836439046,0.7100359865593827,0.6648462947388925,7766.9,0.07556354467686682
0.15,0.008,2,0.17626277315619387,0.14027129783357312,0.2046609006195279,0.007593347435887197,9.651791142491277,0.7147100511066886,0.6619157226350326,7756.35,0.07639575893664066
0.15,0.013,1,0.15826017822181188,0.12175033213969795,0.18933793069024907,0.005432094080595446,9.541566710230846,0.6962117961666396,0.6735440813132527,7803.2,0.09145347186318178
0.15,0.013,2,0.15808881635983196,0.1212318248141258,0.18981617360810688,0.005129634045282107,9.49425166161262,0.7023831087735993,0.6696467265638752,7802.35,0.09421616210149289
0.15,0.02,1,0.14820276763333223,0.1176080997855848,0.17561567342502477,0.0031817582676985203,9.474227783289122,0.6945774774048716,0.6745841253995503,7850.95,0.11359037979362743
0.15,0.02,2,0.14173543888531737,0.11445265738723143,0.16616694916189928,0.0028512702602457693,9.467579002978773,0.6980988869395743,0.6723552871030738,7842.45,0.11290254185253926
0.15,0.03,1,0.1312644296221053,0.10938539125509342,0.1504738589609086,0.0026696040536520874,9.398200538546822,0.6872197164595729,0.6792269284469882,7818.3,0.13543235847977547
0.15,0.03,2,0.1298799369021455,0.10572482182693399,0.15146347797180132,0.002571577527970726,9.513501962182946,0.6876003922420365,0.6789897972639263,7816.4,0.13693039559545775
0.17,0.0005,1,0.20037654997648713,0.09308937406414035,0.30887739057971214,-0.001213658767427273,13.640562336895707,0.6868968981002999,0.6796664896461722,7969.368421052632,0.015505893847830637
0.17,0.0005,2,0.19753158663301865,0.07298953542410745,0.3234796035186459,-0.0014059702904332019,14.43944731418471,0.6826476865267034,0.6821560061622496,8089.05,0.013135282213615979
0.17,0.0015,1,0.2252256836369161,0.1728570795080378,0.2559784652173457,0.021615816703236472,10.02602060395063,0.7405537104509141,0.6458509992484827,7458.55,0.046883179933359886
0.17,0.0015,2,0.22420937625505205,0.1748772399457106,0.2519683110619121,0.021573200493630266,10.091155915872353,0.7412189381156533,0.6454216348194922,7454.1,0.047882361614111836
0.17,0.001,1,0.23395555809928775,0.176371174636673,0.2681830970870013,0.023356836100792942,10.124453571767187,0.7480853218729895,0.6411845780113965,7427.55,0.04858816403003098
0.17,0.001,2,0.2363996758471545,0.18241584223542337,0.2668935508258013,0.023489962262724866,10.11731501344185,0.7371696701804101,0.6479342478748212,7429.7,0.04836771567887259
0.17,0.003,1,0.21055617770676144,0.16068153551640224,0.2423722194936297,0.018058601265711377,9.972677039034894,0.7279772680986165,0.6536459780446473,7535.35,0.0499320397509047
0.17,0.003,2,0.21789556345307023,0.1664745959381842,0.25253175397214306,0.016784776890871857,9.932072690044818,0.7293081602746694,0.6528122994278303,7535.45,0.05219674252158735
0.17,0.005,1,0.20165415472791043,0.15626334496409866,0.2336012773415374,0.013443692630969114,9.809250106252644,0.7267437898833682,0.6543957750342975,7618.95,0.0582249167524714
0.17,0.005,2,0.20277144125544191,0.15239813844047354,0.2401043667744826,0.013040377730582059,9.811074307248727,0.7211526720847677,0.6578844313833777,7629.35,0.05722070789507251
0.17,0.008,1,0.18963727128933733,0.14652110227322607,0.22217804599048585,0.010575400365676686,9.701105163459069,0.7182653215358451,0.659689865147414,7678.2,0.0668272757524663
0.17,0.008,2,0.1891720516726671,0.14455753870227292,0.22348141763461965,0.010305143726475386,9.812519087767429,0.7189446342043535,0.6592589278517944,7684.9,0.06754602342215542
0.17,0.013,1,0.16964861809752838,0.13398454822208702,0.19885696264811834,0.006455724858244599,9.584305314860732,0.7090484972196791,0.6654543548213383,7764.2,0.08297743476244243
0.17,0.013,2,0.17162667155086023,0.13422792912105594,0.20214448897279214,0.0068809234214461295,9.63899281417346,0.7071287114031116,0.6666620422080886,7745.75,0.08213847380499185
0.17,0.02,1,0.15901944314791316,0.12444752541095147,0.18889942183008976,0.004691937496126422,9.552418711908029,0.6961770568785278,0.6735689737655292,7804.55,0.09942139198325528
0.17,0.02,2,0.15535647792518234,0.12513368512801443,0.18119100594303608,0.0043882683381031694,9.564922376448804,0.6957768213120216,0.6738245089269992,7788.65,0.09952176849273764
0.17,0.03,1,0.13769361957493123,0.11509089250387775,0.15711374019978563,0.0031826070131290816,9.588710777696296,0.687110706804798,0.6792976960977446,7802.6,0.12011291133311856
0.17,0.03,2,0.13898598783525523,0.11563745316894283,0.15889688816931222,0.003437629328207026,9.595251823572571,0.6890268169664014,0.6780832489878985,7791.9,0.11980844170271514
0.1,0.0005,1,0.19220010615722502,0.08118772157789386,0.3042913179708648,-0.00107883101125235,13.55472598772582,0.6833560694315672,0.681762834816825,8091.4,0.023940318137279773
0.1,0.0005,2,0.4963265475697015,0.6308283072451689,0.3562350113950907,0.0055897761507063895,7.547279023709619,0.8373959979730511,0.5888168274690663,5697.333333333333,0.09933198749382752
0.1,0.0015,1,0.1896332129088689,0.14232354794517782,0.2276680664065162,0.009274810396655548,9.524874334316076,0.7172335271525928,0.6603279304410263,7781.6,0.06820416233192114
0.1,0.0015,2,0.18992096591993193,0.14227591962340544,0.22821129810066948,0.009354709815305482,9.547074245153798,0.7134633966606381,0.6626955520826154,7770.45,0.06673839315993765
0.1,0.001,1,0.19805791760974373,0.15191299116865756,0.23379613560244436,0.010406708486505992,9.584694758055688,0.7151362606613177,0.6616404059992045,7734.2,0.0660846683913723
0.1,0.001,2,0.19647041225842005,0.1546114470941167,0.2279780953465357,0.010351281002936263,9.629266785235131,0.718260539007552,0.6596830582192141,7756.0,0.06518212020589276
0.1,0.003,1,0.17284067896517635,0.13775258759319708,0.20141476074479897,0.006514017809873066,9.459422511858293,0.7054597017026365,0.6677102229956317,7843.25,0.07796462952676557
0.1,0.003,2,0.17083365938551404,0.13221490106861317,0.20269638177274846,0.006756032598999565,9.539445087876128,0.7085388044447309,0.6657728538831484,7850.15,0.0772757196030461
0.1,0.005,1,0.16005331743583037,0.1202703471424933,0.19567411661663542,0.004162171783435788,9.4679556837047,0.7042861897056502,0.6684656016565517,7906.0,0.09238769512175121
0.1,0.005,2,0.15739929790952273,0.12309288149882842,0.18716289142067366,0.004542822934638984,9.36369224477276,0.698723547504294,0.6719564793108245,7891.0,0.09242678220272157
0.1,0.008,1,0.1451516502432847,0.11005710046481335,0.1771858593604646,0.003060336967997441,9.335580994225356,0.6930036164066509,0.675568747291907,7925.8,0.10997656842735512
0.1,0.008,2,0.14381102641930893,0.1088441989317916,0.1753202749375111,0.0034575813156506674,9.437409515663688,0.6890756165450382,0.6780568992469089,7942.5,0.10789225342920686
0.1,0.013,1,0.13598108394242764,0.10667564670962677,0.1630706787165426,0.0022158425136340042,9.310932735665299,0.6865906667243198,0.6796305953902878,7943.1,0.13768384542133597
0.1,0.013,2,0.1319877594146584,0.10188345655851265,0.16000115161196152,0.0020909143774943085,9.34575406615646,0.6937999164434132,0.6750677993595497,7936.4,0.13651740755714645
0.1,0.02,1,0.12784579975343668,0.10462757708980122,0.14998228023515048,0.0010817435663286149,9.348512403442811,0.6865552250549377,0.6796531603247807,7942.85,0.1654796475367061
0.1,0.02,2,0.1270795679303584,0.09981283914568875,0.15306920020830114,0.001277101959723335,9.360264666883449,0.6853343519545194,0.6804246164189875,7928.95,0.16544998491896531
0.1,0.03,1,0.12064951937045557,0.10299076143432584,0.13685091777466427,0.0014573554241637259,9.418894986484808,0.6807115396290719,0.6833634946208726,7882.45,0.1962069998288508
0.1,0.03,2,0.11614267073265874,0.09518041066803089,0.13570136337230496,0.0014035631513866114,9.401139157142312,0.6817839051326665,0.6826806335308271,7869.4,0.19526226652028317
0.2,0.0005,1,0.49680475581468286,0.6145954081490665,0.37088519744500964,0.008128903919541205,7.1911565878346435,0.8434667669944078,0.5848477041725335,5674.3,0.05317605985090827
0.2,0.0005,2,0.5732633531414166,0.7631002933756049,0.3757200840714515,0.007706319753151907,6.913699479126862,0.8660968152497792,0.5718088129636064,5193.85,0.06383292057241335
0.2,0.0015,1,0.2350598644203968,0.1754190598930769,0.26828193352995544,0.026418738888185467,10.23515113311279,0.7466522396886031,0.6420815807925673,7327.3,0.0431260034040839
0.2,0.0015,2,0.23822717383051611,0.18951754181179856,0.26040837305886705,0.026528433956077402,10.211993174374143,0.7480492757629544,0.6412244444200172,7337.5,0.042415559297993274
0.2,0.001,1,0.24538786458204886,0.18673592636561284,0.2751911707085143,0.028848632481668905,10.288609965022488,0.7469483930070698,0.6418911223124568,7305.25,0.043545080714616546
0.2,0.001,2,0.24758742730396927,0.1889206958832697,0.2779438602759565,0.028310295199504447,10.282305440275762,0.7472569434907774,0.6416970200480685,7300.3,0.04384981307681733
0.2,0.003,1,0.23498114514914592,0.1756395082393546,0.2715831225764521,0.022739667214453013,10.154334131913979,0.7429580641497397,0.6443466454699458,7394.3,0.04633631896993839
0.2,0.003,2,0.22090670542817797,0.1687364879782996,0.25069962131184415,0.022377306541808,10.115457681632488,0.7422353342801092,0.6447925372914262,7414.1,0.04572434949729426
0.2,0.005,1,0.21770225494527798,0.16506733481144628,0.2529625658755852,0.01737461572970821,9.984576920648987,0.735466658543052,0.6489805546424974,7512.5,0.05150874870648331
0.2,0.005,2,0.22072018376352892,0.1706735172255564,0.2529920013349066,0.01777485209777172,9.952382781402061,0.7386569870762114,0.647010605061084,7490.65,0.05168805407108503
0.2,0.008,1,0.20278282593719626,0.15208804727092387,0.2396168543905087,0.013860748393224523,9.866766640998847,0.7264317576982465,0.6545941881746173,7565.4,0.05880817868497754
0.2,0.008,2,0.19987218578701366,0.15315711801815785,0.23262914014713698,0.013958109711699931,9.783388774912302,0.7273746791932278,0.6540025461591493,7580.1,0.059018013542637957
0.2,0.013,1,0.18583611354079616,0.14336978521227,0.2187479147117358,0.009554524830096611,9.762032186588415,0.7185237158319618,0.6595255010531456,7651.55,0.07248259450535184
0.2,0.013,2,0.18465015265209644,0.14052895403767332,0.21926581210448556,0.009505540582164101,9.7387782613427,0.720595029556877,0.658229697388241,7662.35,0.07072351871945994
0.2,0.02,1,0.1713730742296238,0.13746585245767212,0.19842887630180228,0.006851417788852822,9.603675950035418,0.7003489427248459,0.6709320678606752,7711.85,0.08541510455168597
0.2,0.02,2,0.16578207193185943,0.12943342859435203,0.19493059429093512,0.007200113297864093,9.653647944799605,0.7063770593935199,0.6671360908900128,7709.9,0.084201352436184
0.2,0.03,1,0.15454178377236433,0.1269510520575287,0.17802835751573037,0.004104158339574132,9.562283611176749,0.6986760910311505,0.6719865031332277,7732.2,0.10437648007383753
0.2,0.03,2,0.15471442802417712,0.12703789755062928,0.17785568847205396,0.004535269671418191,9.610755929737328,0.6999839164398258,0.6711660331386813,7748.85,0.10370390029635038
0.3,0.0005,1,0.19816627030976228,0.08038151456436392,0.31766280504048583,-0.0017117738706836402,14.66572276811921,0.6763741419930743,0.6861406508986011,8003.65,0.007195924349796798
0.3,0.0005,2,0.2458582579209324,0.14798502136321873,0.34414006416132575,-0.00040856374023666073,13.776545800290627,0.7020947043861613,0.6704728476142627,7739.526315789473,0.010278377398413065
0.3,0.0015,1,0.26255327451168453,0.19722874990345718,0.2881905112012752,0.0396872836486869,10.797033016827596,0.76918310735453,0.6283055991465215,6953.5,0.0356565626795606
0.3,0.0015,2,0.25982816419957194,0.20420602155058648,0.2761566629490334,0.03929364316002669,10.917696990683828,0.7581401586654509,0.6350344576230808,6974.35,0.03420706394812588
0.3,0.001,1,0.271638849775296,0.20910453146913363,0.2898349591115911,0.04433820641770982,10.936533233807076,0.7611107104818926,0.6332143144025236,6922.4,0.03635082344382755
0.3,0.001,2,0.2657871054160049,0.20413824714581943,0.28215622756855907,0.04527973980399407,10.947215417795082,0.7550273841124278,0.6369372484004178,6937.4,0.035017210840551996
0.3,0.003,1,0.25465940749220584,0.18943336271657216,0.2822116732026021,0.03767377305746969,10.68901947927006,0.7626630606794426,0.6322602020752309,7060.15,0.03556898237192535
0.3,0.003,2,0.2555369337043637,0.19577481823740375,0.2788018089621949,0.03649724094034607,10.705087188325551,0.7560592203722208,0.6363156304473945,7052.2,0.03442778179384313
0.3,0.005,1,0.24230589438074412,0.1835718212969774,0.2684823585378634,0.03255760268394058,10.540040619869545,0.7578487629929677,0.6352230272342537,7134.3,0.0378496255996217
0.3,0.005,2,0.2469387553787628,0.1915673853249405,0.2699483647436361,0.032361758851418586,10.55592743650989,0.7551450050905701,0.6368607839072588,7132.95,0.037858042932657036
0.3,0.008,1,0.23268326304727865,0.18027047753154363,0.25863832171752094,0.02645773065798699,10.48327258919137,0.7452194676908085,0.6429479882390076,7209.45,0.042347840882632916
0.3,0.008,2,0.23471947305019464,0.17966999439736042,0.2623515109368991,0.02741744166405554,10.33387973547487,0.7510998546614907,0.6393489178643692,7219.75,0.042665919948044105
0.3,0.013,1,0.22531682119881896,0.17504899490019868,0.2539339736133897,0.02165067091160121,10.158748963425376,0.7370844681038295,0.6479751883111928,7362.55,0.049226494170570366
0.3,0.013,2,0.22104781065929355,0.1698119408225293,0.25048062952865374,0.021803051655526116,10.230983066016867,0.7493297373958356,0.6404273886860943,7346.75,0.05030650675908421
0.3,0.02,1,0.20373559090210805,0.16094528619205903,0.23033465732096897,0.01619123564828817,10.076226891524028,0.7315392999880218,0.6514247064558625,7450.15,0.0574367785805438
0.3,0.02,2,0.205722044675414,0.15810424858073335,0.23647080282191854,0.016869033907578126,10.088110010358685,0.7323011501112723,0.6509432349629038,7433.55,0.05874055153559021
0.3,0.03,1,0.18575559826596338,0.1444910328547509,0.21578131835685882,0.011238846379108465,9.898532109235912,0.7172935763902026,0.6602973330775211,7507.3,0.07053340514558448
0.3,0.03,2,0.1848990319241251,0.14698009141390983,0.2121251265721519,0.01069284331920018,9.93121240976497,0.7158351792862891,0.6612039160326015,7511.75,0.06840184483461745
0.5,0.0005,1,0.48352748151042363,0.5652369188749673,0.387550852054857,0.014267198326785028,7.52705566398331,0.8504609053868841,0.5806027404351904,5745.809523809524,0.021616445596686462
0.5,0.0005,2,0.2037979980290953,0.07881749623341439,0.3299209247986203,-0.0011424261494890754,14.807715224995857,0.6871882568094951,0.6792786884767966,7936.8,0.00477320277904506
0.5,0.0015,1,0.2792781281682418,0.22358355900424,0.27221030429444737,0.06276239973610628,11.780143848291473,0.7644227034770172,0.6312264831259127,6435.55,0.02374858721499041
0.5,0.0015,2,0.27741561096270206,0.2147214457943542,0.2750655132575072,0.06504426168871916,11.908167782479593,0.7618379098629957,0.6327697157941894,6475.95,0.02350221952343026
0.5,0.001,1,0.2774962527201973,0.21869779060405747,0.2732241909987125,0.0630705222795028,11.94756750300573,0.7522701206188216,0.6386217261652917,6402.75,0.02371163394885344
0.5,0.001,2,0.27672716948536624,0.21779774923110357,0.26806932262567873,0.06758727072862533,11.757398567192828,0.7557983101071264,0.6364661934987206,6429.35,0.024008637820982264
0.5,0.003,1,0.2736343273448019,0.2108230763406255,0.2786561994617603,0.05778938113488068,11.56107895636821,0.7715438479749372,0.6268692539543157,6543.65,0.02437515346845883
0.5,0.003,2,0.27214089096188554,0.2056856581829191,0.28108135397183087,0.057514773893176566,11.687719340364653,0.7683331681121195,0.6288073843269434,6538.2,0.024556260725639108
0.5,0.005,1,0.26588686389423477,0.20324828327655536,0.27481741448247343,0.0537080284349196,11.433664322491248,0.7669554806497378,0.6296533236274977,6622.8,0.025285932780839876
0.5,0.005,2,0.26955617727789855,0.2157876274440491,0.2700930953349886,0.05323162802282354,11.55167069335005,0.7666544838462164,0.6298356603235936,6595.95,0.025205080624384552
0.5,0.008,1,0.2588214021004213,0.21023777428223517,0.25903359756116007,0.04837143008124568,11.270300213308769,0.7632150248153441,0.6319487283479581,6698.85,0.028916825502836762
0.5,0.008,2,0.2736321542374739,0.21387194820289,0.2836757263382619,0.04971663347292253,11.51467155874884,0.7727840103209014,0.6261347220910702,6733.0,0.028514165336646868
0.5,0.013,1,0.25728895632832155,0.1969027837865189,0.27420849423304705,0.04346662808381628,11.246309941340597,0.7663210257772292,0.6300420046844919,6837.5,0.03237890663176574
0.5,0.013,2,0.2460393552584074,0.19037642515400116,0.2589377189984745,0.042764565250460275,11.190936463700485,0.7671455576154556,0.6295362733136384,6828.85,0.03155422870393409
0.5,0.02,1,0.2374502042647003,0.18458947164661915,0.2565452123137459,0.03376572719600051,10.836117966363968,0.7593326676406058,0.6343033654237953,6963.6,0.037687103854546364
0.5,0.02,2,0.23771278393677217,0.18964654249313154,0.25013555319980907,0.03564347259111819,10.778486470705214,0.7673240836819126,0.6294338977134455,6957.05,0.037247246947786736
0.5,0.03,1,0.2259070171962335,0.17764630374721807,0.24608114678685616,0.02808658098812325,10.613812118686102,0.7499718114458657,0.6400466866180088,7087.65,0.04337037513143616
0.5,0.03,2,0.22550306195544684,0.17939262251213564,0.24399731880780004,0.027616185770575303,10.580001533227664,0.753580385332086,0.6378349480135844,7066.45,0.04473878885785297
1.0,0.0005,1,0.5378832083830167,0.6747909154440065,0.3814681705646126,0.01950733242610044,7.719139466336674,0.8645357976045156,0.5726952194333031,5369.857142857143,0.01151383109141801
1.0,0.0005,2,0.20128246031154556,0.09390579372042711,0.3091144669921398,-0.0004553375285669633,14.681914734382454,0.6894720097657859,0.6778189671266488,7811.35,0.0023346764487240873
1.0,0.0015,1,0.2849053513442602,0.2279654134376096,0.24929098817721465,0.09255429917045795,12.984976079836798,0.7451399958342805,0.6430171420289263,5941.5,0.010651023834582458
1.0,0.0015,2,0.2855085522175567,0.23111379431217838,0.2417764600613849,0.09812685315515998,13.154546585991735,0.7370025297385123,0.6480411768518561,5963.65,0.010733816253895825
1.0,0.001,1,0.28490886878548294,0.23175699215414589,0.2397729882469069,0.09828775863010678,12.98960260305031,0.735960543239527,0.6486859781237222,5944.15,0.010830518454084483
1.0,0.001,2,0.2710074278077935,0.21746845330119502,0.23636134843668302,0.08818505489735638,12.962710135770985,0.7346662164153182,0.6495007583687289,5929.6,0.011051339744185646
1.0,0.003,1,0.27540504938051724,0.2179746468584966,0.24563007838646705,0.08720537936859227,12.577846357933748,0.7600076484267039,0.6338938178937986,5998.05,0.011821429579335335
1.0,0.003,2,0.2863123924347673,0.22885197151140796,0.25301342052809134,0.09075939484901521,12.84458434209677,0.7456357670857473,0.6427033090245493,6004.8,0.011023921318321741
1.0,0.005,1,0.2762834824424624,0.22335108332487447,0.2481110414528517,0.08110484201415664,12.861065290197905,0.7494207519086753,0.6403835840304433,6056.35,0.012796761556162994
1.0,0.005,2,0.2827937425826957,0.22660488386994831,0.25296414574299514,0.0860184602712332,12.714499593053443,0.7495233171879696,0.6403058108803756,6060.9,0.01244959053639419
1.0,0.008,1,0.2741293981765589,0.22040847707023792,0.2560270522610132,0.07182326266668113,12.627233504586242,0.7611593360213189,0.6331970517141684,6127.25,0.014148621593421123
1.0,0.008,2,0.2772665148008556,0.2172495031283353,0.2583642770893424,0.07891924814125875,12.346071106433287,0.7563039746707287,0.6361621988227179,6104.2,0.014077757811039395
1.0,0.013,1,0.2701515821604465,0.21952417551490258,0.251502983856699,0.06927599657615664,12.181559957214796,0.7634665789118942,0.6317820507985235,6245.4,0.016765242860772
1.0,0.013,2,0.2681041685256419,0.21828043436976716,0.24568616988600409,0.07224173391612931,12.143682796554232,0.7632136100954849,0.6319600890507011,6226.3,0.017332583639969115
1.0,0.02,1,0.26226948627665514,0.20915145294032125,0.2556536662536518,0.059733855555917204,12.006502754905222,0.7699693294645951,0.6278266048019107,6365.0,0.019111581561667874
1.0,0.02,2,0.26795735882550853,0.21272112677549462,0.261679414673932,0.061514180017626575,12.0124558119536,0.7726492399682805,0.6261968987330835,6361.8,0.019928955883003797
1.0,0.03,1,0.2589380351248919,0.21518472064807725,0.24894952929085262,0.05374181819404724,11.702456094012343,0.7655740699509093,0.6304962035261592,6481.2,0.02306104942100971
1.0,0.03,2,0.2529468297154741,0.20453702016899272,0.24682763972574823,0.05452899566598411,11.778706607306258,0.7763641266555541,0.6239705724577406,6484.85,0.023864666616769913
