mu_g,Tgran,seed,Theta,mu,mu_t,A_c,A_n,chi,f_mean,cv_f,pr_f,ncon,E
0.1,0.0005,1,5.3437758738805966e-05,0.43930866513274086,0.001414757034449903,0.09193053595476282,0.054034100245091796,0.09104298055403234,7.512975035063544,0.7926007114243627,0.6150683441798185,12220.5,10000.0
0.1,0.0005,2,5.401241913432836e-05,0.5282842995834494,0.0009065061946294122,0.1164322486840765,0.059360349365363246,0.10336617743929973,7.192030637511715,0.8159592025153231,0.6015614719215934,11581.0,10000.0
0.1,0.0015,1,7.014503964925372e-05,0.32826445168901935,0.015199199551401893,0.034654128291605316,0.06970095890083365,0.06999366307663606,7.330650784469203,0.7985589676826423,0.610625820375715,13301.0,10000.0
0.1,0.0015,2,6.893908715671641e-05,0.33234626910981196,0.01555324295469647,0.035276031104019286,0.07032164555546731,0.06899905286257138,7.411859431952874,0.7881993764964991,0.6168099845488705,13309.0,10000.0
0.1,0.001,1,4.776402543283582e-05,0.35216514547077526,0.016563220705808825,0.03693626133714593,0.07493104591402644,0.06507891627138339,7.338879463789336,0.7967791277018909,0.6116803148211007,13183.5,10000.0
0.1,0.001,2,4.784503203731344e-05,0.3459893327026844,0.017191674904363425,0.036895755616140516,0.07270346437572225,0.0666211591771554,7.411540679953127,0.7988688357145926,0.6104353025316704,13141.0,10000.0
0.1,0.003,1,0.00013369712835820894,0.3115914391345021,0.010365205272464265,0.03305546865786317,0.0673532761838661,0.08628351119559326,7.121838956635715,0.782083262435548,0.6204903978172822,13455.5,10000.0
0.1,0.003,2,0.0001310539378358209,0.306099184206757,0.01019938972214664,0.03205778453339497,0.06657548200138691,0.08547006604916707,7.216347497688424,0.7838198012137076,0.6194355835478577,13469.5,10000.0
0.1,0.005,1,0.00021938490694029854,0.278527795673901,0.007252843002550042,0.02996825006848696,0.0604567355621756,0.1053967156211281,7.102075130526911,0.7760773598285902,0.6241077416602145,13662.5,10000.0
0.1,0.005,2,0.00021606405716417912,0.2836826087783576,0.007396837403700372,0.02951622495516406,0.06257902993605971,0.10632981562062162,7.112754146854932,0.7833405306642984,0.6197444179959437,13681.25,10000.0
0.1,0.008,1,0.0003400155893283582,0.2554466618184518,0.004375381063517203,0.027831133440486894,0.05585929323666698,0.1319871669505041,7.0336738073604925,0.7681163260597462,0.6289306779479394,13852.25,10000.0
0.1,0.008,2,0.0003442177937313433,0.254645459538289,0.0049454344023081446,0.029003298564995325,0.05423004365347478,0.1303488105973061,7.022601887407341,0.7646661854466251,0.6310311007265285,13851.5,10000.0
0.1,0.013,1,0.000551367892761194,0.22334096055712047,0.0024026366011834868,0.025550893941915318,0.04809521286523297,0.16940742954329302,6.820587312499326,0.7609563269410184,0.6332920785737886,14035.5,10000.0
0.1,0.013,2,0.0005547396476865672,0.22602460717319647,0.0024549212374188317,0.026553363120020775,0.04796986526620594,0.16548956912959284,6.862219159226396,0.7578453991718521,0.635199853601033,14044.5,10000.0
0.1,0.02,1,0.0008707784949253731,0.20556481584559239,0.0010839644990965625,0.024077193284401277,0.044083089697611294,0.2086317964134625,6.808342301968897,0.746646345540463,0.6420662389564445,14202.333333333334,10000.0
0.1,0.02,2,0.0008788670896268657,0.1987962652432456,0.001181793235277974,0.02309409485687085,0.04277739791711979,0.20736370363554127,6.837590818812145,0.749723737341426,0.6401737818695658,14159.0,10000.0
0.1,0.03,1,0.0013747091828358207,0.18585500053219048,0.0009533524067348154,0.023197335668657393,0.03843654610234451,0.24898059393328756,6.8138260415374035,0.7346838381299734,0.6494524886821089,14297.0,10000.0
0.1,0.03,2,0.0013899241208955226,0.18496517493845746,0.0007331612153788199,0.022041217975789517,0.03936945277053325,0.2492041490811355,6.78856057232199,0.7394835015085617,0.6464834584918926,14232.0,10000.0
0.1,0.05,1,0.0026154660604477613,0.1572872979993658,4.853510596256841e-05,0.01926658536030373,0.033146337731355745,0.3191172411338181,6.760921705739896,0.7437308772818124,0.6438604870303294,14202.666666666666,10000.0
0.1,0.05,2,0.0025776019104477616,0.16294566064656332,0.0005991116450916651,0.020796813584287675,0.03331870040033025,0.31721101479516656,6.77067320699486,0.7287650654200348,0.6531297592364324,14214.666666666666,10000.0
0.1,0.08,1,0.0047400608619402994,0.1568836775903169,-4.410436362316861e-05,0.019808267561596687,0.03250099278089136,0.3821615227056128,6.796688491210797,0.7339949588169804,0.6498802359291393,14060.333333333334,10000.0
0.1,0.08,2,0.004781282041791045,0.16068589204695147,4.764974601126945e-06,0.021663750876583926,0.03189662631060299,0.385686116742271,6.786564213221762,0.7392060727641353,0.6466551159028356,13971.333333333334,10000.0
0.1,0.12,1,0.008016761141791043,0.13965892030996566,0.00014446490129091928,0.019359515079333988,0.027145303626975346,0.44175524366143754,6.897162162547393,0.7364746486588061,0.6483474977859132,13866.0,10000.0
0.1,0.12,2,0.008067670371641791,0.1522834821842877,0.000767371432656768,0.019773758629333726,0.030731614529639652,0.44026144601549755,6.965139656264033,0.7395181692288273,0.646464364738816,13807.25,10000.0
0.3,0.0005,1,5.495023914925374e-05,0.675486306533778,0.00474539075927235,0.16523331761114068,0.058346990023978834,0.05514913266662999,6.078889253240339,0.8569990148826405,0.5769982685541357,9960.0,10000.0
0.3,0.0005,2,6.263364480597014e-05,0.5376948206088605,0.0018585341200368507,0.1026213958181148,0.07599070177289532,0.03815829788658015,8.112922913815803,0.8183841897737433,0.5996901729270984,11727.5,10000.0
0.3,0.0015,1,9.861972716417912e-05,0.5254918613347518,0.06669794280304447,0.051886543925706796,0.1010447648490714,0.03936083664944288,8.515537496598114,0.8836949110922597,0.5615142639211508,11408.0,10000.0
0.3,0.0015,2,9.993144571641792e-05,0.5068043682790617,0.07075425774669361,0.04810593824670042,0.09724409660651104,0.03929276631464815,8.751592376581243,0.880017953753334,0.5635652055439382,11428.25,10000.0
0.3,0.001,1,6.841391988059703e-05,0.5194366246540526,0.07069604327188625,0.05100005563596212,0.09858013837449926,0.04461176148446804,8.682908502148285,0.8812435416367785,0.56287909744974,11321.25,10000.0
0.3,0.001,2,6.781175236567165e-05,0.5271895270044235,0.07280809717611487,0.05216836964903701,0.09929210504447261,0.04302707302954138,8.644735766333302,0.8839706091033823,0.5613954485911463,11330.5,10000.0
0.3,0.003,1,0.00018542958835820897,0.5061560015503992,0.0625377303102573,0.04894603945408484,0.09892671939245544,0.04509506995919321,8.35381513201219,0.8782073844895879,0.5645810387213313,11573.75,10000.0
0.3,0.003,2,0.00018234171164179105,0.4969326921671382,0.061474477752586146,0.04833036760659694,0.09682237169065123,0.041838107182281314,8.41733618970395,0.8870862103408966,0.5596813630956461,11621.75,10000.0
0.3,0.005,1,0.00029591006865671647,0.48728170223594997,0.053207374026353046,0.04776934732491482,0.09692209188331935,0.04666555036755019,8.336616118119355,0.8827948376831076,0.5620119494707968,11705.5,10000.0
0.3,0.005,2,0.0002883175096268657,0.4757000935630118,0.05292647271974549,0.047218212277975465,0.09370632854655685,0.04632016424533964,8.377724079669715,0.8765265413310778,0.5655893561377239,11777.0,10000.0
0.3,0.008,1,0.0004382444004477611,0.4614552575553115,0.04929182940307037,0.044002104693574816,0.09338570261071834,0.052735234013805664,7.99506425031111,0.874534841396172,0.5666361984770298,12008.666666666666,10000.0
0.3,0.008,2,0.0004477255313432836,0.45783869824487694,0.04995953852418736,0.04448249527478468,0.09147722567365635,0.05456300287577968,8.192114085748903,0.878820409399672,0.564243111030933,11998.666666666666,10000.0
0.3,0.013,1,0.0006776695216417911,0.42948040325198816,0.03920200349447202,0.04276717419731937,0.08732562661513041,0.06438993418553907,7.977883041831861,0.8680863658121802,0.5702661675937977,12229.5,10000.0
0.3,0.013,2,0.0006785786917910448,0.4311138962617316,0.04077940078400459,0.04173588153988579,0.08837561587258082,0.06328139998356674,7.952945956444053,0.8652567586527605,0.5718659041373935,12199.5,10000.0
0.3,0.02,1,0.0009734646778358208,0.4041356926363663,0.031086816437793353,0.03957787491779757,0.08477174826126689,0.07298613355303504,7.780803527108193,0.8508132328807995,0.5800885723453024,12536.75,10000.0
0.3,0.02,2,0.0009955924165671642,0.40477183324323723,0.029880528171353067,0.041035498504303505,0.08392827095854147,0.07154384074963638,7.855792981083751,0.8490939508179887,0.5810952708802923,12482.0,10000.0
0.3,0.03,1,0.0014085844067164175,0.3655109770994261,0.022694271725362487,0.0372759056486164,0.07699632754442723,0.0869559829099129,7.573010938623655,0.8301099272468139,0.5920550222665701,12755.75,10000.0
0.3,0.03,2,0.0013798629708955223,0.366692613652761,0.02307907784873104,0.037947435914639185,0.07659040762545742,0.08173912581164999,7.620534437420847,0.828550769127806,0.592958490645523,12840.0,10000.0
0.3,0.05,1,0.002159613297761194,0.31914527564819745,0.013105259521328318,0.034055216272468464,0.06795812242840811,0.10488793105849491,7.301516211372218,0.8006819160141918,0.6093544674512107,13242.25,10000.0
0.3,0.05,2,0.002175043854477612,0.3082524143049416,0.01150787787714246,0.03257424917125435,0.06634059703612545,0.10484630799161546,7.2802925484676395,0.7995561248222571,0.610052497221482,13217.25,10000.0
0.3,0.08,1,0.003363239201492537,0.24553932096994543,0.006470297127540698,0.028210873632845704,0.05147879777990432,0.13201377761687733,7.131371033092213,0.767420807513257,0.629364122376084,13546.0,10000.0
0.3,0.08,2,0.0033852511940298505,0.26391471697525054,0.0059374705005784045,0.030868172858449314,0.05512424242620481,0.13094829589181717,7.194072206289626,0.7702082776613377,0.6276673532564806,13505.25,10000.0
0.3,0.12,1,0.005091874820895522,0.21608892017109405,0.004067415724894155,0.02692426892530246,0.043749567265092715,0.16435734416763112,7.057022777225334,0.7547070737624474,0.6371164513725243,13620.0,10000.0
0.3,0.12,2,0.005127111302238805,0.2256776153973342,0.0023535383302516564,0.028611010677987506,0.04583034693122366,0.16434971936857243,7.0154153396525585,0.7537890895312414,0.6376810040421382,13689.75,10000.0
1.0,0.0005,1,4.7639129492537314e-05,0.7948702854824955,0.007217517312218384,0.19954651737484802,0.06300440284631499,0.018425540273899546,6.211057240710051,0.90185699088347,0.5515463784586683,8770.0,10000.0
1.0,0.0005,2,5.460364333582089e-05,0.5157826791437184,0.01053291594248876,0.07871051644740623,0.08970607428642469,0.007815948839213946,8.080360050459808,0.8385272191803382,0.587941560004485,11871.0,10000.0
1.0,0.0015,1,0.0001723813144776119,0.5878049272022611,0.14525408233576953,0.057079512487036105,0.09043743418726163,0.016051433032447465,11.099432100057799,0.8684003786067986,0.5700901773592763,9313.0,10000.0
1.0,0.0015,2,0.0001770759410447761,0.5909396279168588,0.1355206506829601,0.05809565887294246,0.09371066612767107,0.015867304357107287,10.963317938408235,0.8746368084202417,0.5666102885106066,9388.0,10000.0
1.0,0.001,1,0.00012164631776119405,0.5951526331091498,0.14812698597534785,0.05916892398136817,0.08983962810741425,0.01712719179762187,10.99110052380406,0.8687994239551737,0.5698694190596737,9282.75,10000.0
1.0,0.001,2,0.00012262714097014925,0.6107768024292186,0.14678038291620238,0.0620905451077456,0.09257492932541359,0.0165703300566239,11.056490177523855,0.8537539026016017,0.5784087975694067,9275.0,10000.0
1.0,0.003,1,0.00030924692858208953,0.5723831477546911,0.13556560100026163,0.05687714989300594,0.08872870166407514,0.018158393165307884,11.070688806856216,0.8757009044501903,0.5659795576309539,9444.75,10000.0
1.0,0.003,2,0.0003074886364925373,0.5914604565638365,0.13535458869100253,0.06107187683590445,0.09096341375068005,0.016739890645978472,10.93916457509301,0.8697355451984393,0.5693445576328665,9438.75,10000.0
1.0,0.005,1,0.000488968216641791,0.561811420996677,0.12899907549619638,0.05419630114418486,0.09007448005391383,0.02043429479594539,10.593049295979174,0.874828792295079,0.5664686819511735,9554.75,10000.0
1.0,0.005,2,0.000503046656716418,0.5669665410026865,0.12537984558923693,0.05556343995735733,0.09163212744933655,0.021638772031529984,10.721318013857518,0.8859772362997447,0.5602465575619722,9474.25,10000.0
1.0,0.008,1,0.0007145368239552238,0.5732218152817169,0.13240123848611546,0.055196665798309466,0.09174352281667994,0.02352363290040821,10.477347714614423,0.8919460603735159,0.5569600704918957,9725.5,10000.0
1.0,0.008,2,0.0007261121026865672,0.5554050112730209,0.12240141368782878,0.05167044541622943,0.09266408690568097,0.024232747777236774,10.545593187176856,0.9003109228807377,0.5523225624105047,9686.75,10000.0
1.0,0.013,1,0.0010685698059701495,0.5621033295302384,0.12188886845833351,0.05441859540932121,0.09231956001167632,0.027738484920335586,10.181288398167075,0.9149879036374992,0.5443640184975471,9876.5,10000.0
1.0,0.013,2,0.0011109647343283582,0.5718117565129321,0.12100861008896004,0.055404652466964646,0.09486306057688815,0.027036449110047097,10.284833317988006,0.9080315544579409,0.5481439278863238,9819.25,10000.0
1.0,0.02,1,0.001555349860447761,0.553960801935385,0.1081824070529333,0.05372442751139056,0.09486836952583791,0.03162773499789215,9.934732149042757,0.9187789604301234,0.5422728960067302,10077.25,10000.0
1.0,0.02,2,0.001547822580597015,0.5549720529510774,0.1130947803161323,0.053098297125803946,0.09419412937177025,0.030596948480196236,9.860789738469748,0.9184803865480518,0.5424307089545508,10152.0,10000.0
1.0,0.03,1,0.002094863947761194,0.5544851200909835,0.10479509051729685,0.05363272223854804,0.09626395191208612,0.03628358382095821,9.615706073207937,0.9171035900700837,0.5432025490686714,10363.0,10000.0
1.0,0.03,2,0.002143905124626866,0.5524006687928449,0.10473423356966323,0.052937611900737126,0.09628453576884055,0.03372969887680861,9.772072382444755,0.9263847901712028,0.5382155652619205,10314.5,10000.0
1.0,0.05,1,0.003100876426119403,0.5144113880062043,0.08672395216052514,0.04961685812802953,0.09294562167859068,0.039981593429541884,9.154764615120934,0.915980678109503,0.5438104736165081,10786.5,10000.0
1.0,0.05,2,0.0031215907731343283,0.5158304098874839,0.0883656424479972,0.04922084991866411,0.09326740858472475,0.04208425617098982,9.074774860439604,0.9194786499862937,0.5418890120888725,10787.25,10000.0
1.0,0.08,1,0.004509865780597014,0.45851178538637444,0.06416227776624238,0.04519343088270501,0.08625640586365863,0.04807878941164086,8.777476309751034,0.9124655697116334,0.5457437046053639,11194.0,10000.0
1.0,0.08,2,0.004522933167164179,0.4837201948190145,0.07116599399064465,0.04667392374881499,0.09084414269931713,0.04908510353662433,8.752201197416479,0.9116937322993144,0.5461246950334019,11179.5,10000.0
1.0,0.12,1,0.006189779964179105,0.4322767565501976,0.04789504396830515,0.043390127896788644,0.0847371107363431,0.05584056702834548,8.262734146732411,0.8858903094041726,0.5602945712682174,11635.5,10000.0
1.0,0.12,2,0.006100109068656716,0.435578095674026,0.05103130871276001,0.04342936025223705,0.08475290391808099,0.05521101188436997,8.36430939136988,0.8994318088494495,0.552814660069132,11643.5,10000.0
0.1,0.0005,1,0.00028514689488023953,0.39544740707552706,0.005431415799245347,0.050690903182190314,0.07931442820706794,0.21366900885834778,6.607587205262975,0.8286499892339959,0.5938195456745934,11455.6,100000.0
0.1,0.0005,2,0.00016718557702095812,0.45930710094383836,0.005395189979825779,0.06920234975079943,0.08210161951256348,0.2112556065678842,5.738512252386556,0.8788687188854031,0.5642452281233996,10833.5,100000.0
0.1,0.0015,1,6.248387744011975e-05,0.3426523365733483,0.010988384472989735,0.0472950960011513,0.06325955427943247,0.09891461592746513,8.59457111357526,0.8091833394116644,0.6043307724644096,11627.9,100000.0
0.1,0.0015,2,5.997963718862275e-05,0.34605400942925046,0.01102467394970376,0.04589915794469675,0.06577728624923188,0.09878032219709496,8.580293778517916,0.8158495852188489,0.6004018538768663,11669.5,100000.0
0.1,0.001,1,4.1974123113772454e-05,0.35015248348534206,0.012102941001516676,0.047142389516425305,0.06554079129249457,0.09720910656334206,8.622865708624524,0.8116379850849904,0.6028772216250491,11552.9,100000.0
0.1,0.001,2,4.3408896116766466e-05,0.3508209489197296,0.012814072275401397,0.044236676223227404,0.06843228263582321,0.09765486189616154,8.674612156001135,0.8294547003024991,0.5924304334912389,11543.8,100000.0
0.1,0.003,1,0.00011303789440419161,0.31974426165804165,0.007085655932769519,0.04290215989397088,0.061317375703866264,0.12334056394320558,8.477647558326293,0.8053181038340613,0.606610191336133,11830.7,100000.0
0.1,0.003,2,0.00011266307669461077,0.30762964528053605,0.007291117058438465,0.04130994782658082,0.05880289568023191,0.12052699572054186,8.457783417805363,0.7979427681116688,0.6109996704721573,11841.2,100000.0
0.1,0.005,1,0.00017777013017964072,0.2873725551763092,0.004760724890375542,0.03903338055752066,0.05517055966237403,0.14989318041789945,8.325112321168584,0.791874588962702,0.6146094874976421,11956.5,100000.0
0.1,0.005,2,0.00017903880332335327,0.283330330646717,0.0048009233275339664,0.03876171986401025,0.054081416881234134,0.1476575249955415,8.28897729131021,0.7894091069992977,0.6160839582170226,11968.7,100000.0
0.1,0.008,1,0.000275814266257485,0.2561625083863452,0.00252124768145296,0.035379862126174895,0.04916722336980723,0.18222763917186388,8.153555406882642,0.7755622888647272,0.624422221162353,12092.4,100000.0
0.1,0.008,2,0.0002750864691916168,0.25460631399659206,0.0029561130615482025,0.036922632881586995,0.046960769802757735,0.17809564533060704,8.294742542416573,0.7761247781086023,0.6240917951415946,12119.7,100000.0
0.1,0.013,1,0.0004406431907784432,0.23233601139315266,0.0018863952940870042,0.03298901515550079,0.043827523274629396,0.22558483374143642,8.092311179393132,0.7680759896027418,0.6289619521947544,12229.9,100000.0
0.1,0.013,2,0.00044759057931137734,0.2306174343556986,0.0016630671559608138,0.03397084908229099,0.042347272427689854,0.22163880447340797,8.208264259412385,0.7688504005043452,0.6285096668940576,12193.1,100000.0
0.1,0.02,1,0.0007124552591616767,0.2194636580631666,0.0012574565262505556,0.03295272034524167,0.03978268031400734,0.26863927265047705,8.103864568173222,0.7555200151922843,0.636623368238401,12193.1,100000.0
0.1,0.02,2,0.0007182978114371257,0.2156878102512901,0.0009544870464488516,0.031534304686930074,0.04004347250284468,0.2706716223485769,8.135793706683009,0.760114017133961,0.6338168037568012,12185.8,100000.0
0.1,0.03,1,0.0011560090062874252,0.19363280490360094,0.0008107224488422074,0.029706580479884375,0.03456744595846854,0.3231393551796146,8.125109357523533,0.7528060245347886,0.6382871485358044,12117.0,100000.0
0.1,0.03,2,0.001156208655988024,0.19606708434417772,0.0004600317254125251,0.029564736378527762,0.03563761420031927,0.32295573679960166,8.1793369935282,0.7548423817072827,0.637036807652494,12124.6,100000.0
0.1,0.05,1,0.0021736989008982036,0.18750230806193036,0.0005324132805720342,0.029978750837058855,0.03234454952135475,0.39006082272452147,8.279736180510971,0.7494146819046288,0.6403669442510749,11900.3,100000.0
0.1,0.05,2,0.0021543380386227543,0.17519096517157345,0.00035638139293431813,0.02871589204332038,0.029562302625815273,0.3876929539028641,8.289715524035474,0.7464744540224945,0.6421729165080732,11948.1,100000.0
0.1,0.08,1,0.004017440397305389,0.1674441355583092,0.00025591240409386304,0.028424043968526824,0.02730536327835494,0.4499338478936621,8.480461156199121,0.7510478165292465,0.6393618792367977,11530.8,100000.0
0.1,0.08,2,0.003997348501497007,0.1766654792294838,0.00037352363559276923,0.029866823041492307,0.02889716146284525,0.44883722805142307,8.55322731287546,0.7511630091283038,0.6392935051168048,11533.2,100000.0
0.1,0.12,1,0.006766835840419162,0.1653526507642436,0.0004998585424440478,0.029827555448715633,0.025123374773943018,0.4999312312900878,8.901542218810647,0.7554554310846027,0.6366573055606878,11102.9,100000.0
0.1,0.12,2,0.006825958865568862,0.16521578905217021,0.0005266579679551641,0.030182808258522386,0.02471356867116965,0.49915933449992567,8.90068420391038,0.755095299828924,0.6368795110641238,11059.5,100000.0
0.3,0.0005,1,0.00010019622325748504,0.5358941807650199,0.0474455342770131,0.06835046071706469,0.09446575531211732,0.08472823655918829,8.529989957438577,0.9168014621269434,0.5435203860149878,9748.3,100000.0
0.3,0.0005,2,7.565337294910179e-05,0.5048510897612163,0.036012695897371466,0.05808760163684466,0.09819186197441734,0.035386898018683055,10.0581775087547,0.8570418170000578,0.5768348649332189,10237.4,100000.0
0.3,0.0015,1,9.329342985029941e-05,0.5143700286078263,0.051038907252002254,0.06488740156020181,0.0895563061575331,0.05314526308392601,10.187979722951999,0.8912625240069071,0.557322231249782,9851.1,100000.0
0.3,0.0015,2,9.218607135628742e-05,0.5076781765316204,0.051090393898653885,0.06269963701875432,0.08949629248627886,0.05315561066484901,10.343687887433626,0.9002792621695359,0.5523679679370982,9892.2,100000.0
0.3,0.001,1,6.754900794011977e-05,0.5242223195433747,0.053079202835311354,0.06514806444680782,0.09189964085285778,0.054617877609470344,10.346708538095854,0.8856073018742171,0.5604658509802849,9807.7,100000.0
0.3,0.001,2,7.198735069760479e-05,0.5075503400298595,0.053047344206371375,0.06345589579134313,0.08804510432606297,0.05539865617755478,10.433365563086301,0.8901100997759828,0.5579868451106988,9683.1,100000.0
0.3,0.003,1,0.00016767661449101795,0.4890833697717924,0.0471154382578846,0.05972590575085039,0.08759673792247127,0.05646861630786652,10.016827486151334,0.8901163830008999,0.5580161656021716,10079.6,100000.0
0.3,0.003,2,0.00017396984215568866,0.49534818614177584,0.045118039233719,0.06026386291416469,0.08981285314087646,0.05923665893484774,10.033943976709459,0.8987262007044178,0.5531962363869368,10039.5,100000.0
0.3,0.005,1,0.00024758245889221556,0.47112280024022707,0.039416886643670906,0.057678697986059346,0.0862232721750923,0.06317328962338561,9.741304695655272,0.8884113663077379,0.5589108780860763,10270.6,100000.0
0.3,0.005,2,0.00024365174511976046,0.46666140009472157,0.03973474675048129,0.05681028887048016,0.08549859402480227,0.06270609991722144,9.710404586593933,0.8923477259901109,0.5567505179254536,10288.1,100000.0
0.3,0.008,1,0.0003626934544011976,0.44270449516094246,0.03414802359170005,0.05403094192702128,0.08215454675420872,0.07033939446948204,9.432866128497825,0.8759345801874622,0.5658823164758469,10519.6,100000.0
0.3,0.008,2,0.0003756238039820359,0.4449499568007259,0.033028566175502226,0.05494303220233905,0.08236409884032543,0.07344389008135756,9.583144978494516,0.888509210118411,0.5588585280373678,10473.8,100000.0
0.3,0.013,1,0.0005276291430838323,0.4131255876689324,0.024885599638481096,0.05221490044388263,0.07719842823296957,0.0827787108701391,9.280808017897945,0.8692146520949542,0.5696486354966913,10794.7,100000.0
0.3,0.013,2,0.0005198430899700599,0.41493283457439023,0.025478912961172263,0.05344052939814732,0.07637744519958108,0.08297808312462038,9.277465909508834,0.8686919038334977,0.5699455014152036,10788.1,100000.0
0.3,0.02,1,0.00073449495751497,0.3866585806786363,0.018367942976568085,0.05050453077765613,0.07225901523527355,0.09674473549699136,9.009315522151152,0.8458386781500515,0.582963584623674,11044.6,100000.0
0.3,0.02,2,0.0007370109808982037,0.3750616888182649,0.019375660516655235,0.049239725391470736,0.06932228531146079,0.09754885818060222,9.079312791464758,0.8420101426604191,0.5851751826967647,11042.1,100000.0
0.3,0.03,1,0.0010100710326946107,0.3351019350925498,0.011608583932134145,0.04573817585835541,0.06209293965188132,0.1151067284239361,8.845608555706264,0.8214347940467139,0.59711235076323,11297.6,100000.0
0.3,0.03,2,0.0010252188981736527,0.33779496287882504,0.011264176888037374,0.04676389316256936,0.062079701538445956,0.11511586068744246,8.847144814146892,0.8208911530283782,0.5974470175666318,11247.7,100000.0
0.3,0.05,1,0.001617126144011976,0.2789815132057405,0.006113744830858438,0.04078016636003785,0.050175756724010666,0.14434152657826252,8.67809640784704,0.7872841415336803,0.6173596892163965,11481.3,100000.0
0.3,0.05,2,0.0015879897059880238,0.28708683857731965,0.005118925252009348,0.04144432555078695,0.052544980589618664,0.14558040651910845,8.661490724314982,0.7838905999918799,0.6194094692354998,11497.2,100000.0
0.3,0.08,1,0.002497010274550898,0.234675705878649,0.0031339857600103703,0.03716046426336859,0.04002010837062263,0.18156460696072876,8.538703992577119,0.766989001106202,0.6296239235868761,11516.3,100000.0
0.3,0.08,2,0.0025240373311377247,0.25162098628454765,0.0027236589007372304,0.039849292558495376,0.043116484736048635,0.1778106599742902,8.664643423603453,0.7659849734621409,0.6302303823109588,11530.3,100000.0
0.3,0.12,1,0.003922098186826347,0.22022172654219468,0.0023087618177763678,0.037249468546931605,0.03538818643827483,0.21712764829005882,8.73242960207152,0.7614428983076078,0.6330017981475867,11348.1,100000.0
0.3,0.12,2,0.004009953077245509,0.2208243493289464,0.001596731084291917,0.0357568318715618,0.03731903897770657,0.2182537740207336,8.77797682517714,0.7629291271066696,0.6321002459264891,11314.0,100000.0
1.0,0.0005,1,8.496855866766468e-05,0.5923747482402315,0.10821672587374942,0.07541634416496783,0.08596966335888558,0.022932634781072346,13.193973023560272,0.8656998452377829,0.571631977572971,7779.0,100000.0
1.0,0.0005,2,8.696558218562874e-05,0.5562252771622839,0.09724929629649628,0.0723504361281719,0.08064155778268625,0.02081781202877286,13.297596199815667,0.8544589439146577,0.5780105246831969,7774.7,100000.0
1.0,0.0015,1,0.0001940766889221557,0.5790999912715444,0.09947210162149675,0.07191712379785486,0.0879588384416696,0.018852951370081337,13.031610999306528,0.87164122001978,0.5682969545125929,7839.0,100000.0
1.0,0.0015,2,0.00018708557886227544,0.5728279191701601,0.09991897535544156,0.07256560321438467,0.08507071134381414,0.021739355250182092,12.962284499796578,0.8693603088333214,0.5695751889532759,7898.1,100000.0
1.0,0.001,1,0.00014025971461077843,0.5705880644187997,0.10206549384478239,0.07347937723863364,0.08269481595567216,0.021295603160647675,13.154420473403055,0.8671519345586571,0.5708349283158667,7832.2,100000.0
1.0,0.001,2,0.0001426778469760479,0.5768600631452615,0.10171453463034756,0.07288609152878414,0.0854957527691762,0.022647464244096978,13.239931452184218,0.8794989361650712,0.5638921390563885,7802.0,100000.0
1.0,0.003,1,0.0003198690899101797,0.5953844280749905,0.09482317742664038,0.07589532799546087,0.09095842578775792,0.02267262012967407,12.638987191727017,0.8841526450296596,0.561314709163645,8010.2,100000.0
1.0,0.003,2,0.00032515373520958083,0.5647372052418163,0.08970734691556452,0.07452283913183823,0.08382044654530722,0.022996045240574702,12.811006143460892,0.8822194150117099,0.5623921944286459,7958.7,100000.0
1.0,0.005,1,0.0004717179768562874,0.5695186241768098,0.09629692141416694,0.07033267764080468,0.08740789017027922,0.02556102805632013,12.567295030200324,0.9037183264857802,0.5505122697513609,8102.7,100000.0
1.0,0.005,2,0.0004776469739820359,0.5666648596157564,0.08773639794121052,0.07085374906379066,0.08878907228960684,0.025662772411955782,12.572410132661293,0.8997827917596577,0.5526716985756431,8075.0,100000.0
1.0,0.008,1,0.0006620765089520958,0.5589966068422434,0.08833113350596292,0.06856967234012415,0.08831881921857465,0.02859232202776298,12.354192371782958,0.9047603540745113,0.5499074909021465,8278.1,100000.0
1.0,0.008,2,0.0006776818131137725,0.5602424312536476,0.08507510197159143,0.06927679340103836,0.08911231510878233,0.029842950751587816,12.191446822978858,0.925681058325895,0.5385942133693871,8277.1,100000.0
1.0,0.013,1,0.000911290034041916,0.5568578839417782,0.0826009765159135,0.06843336537128455,0.08965227083513343,0.03241132063490364,11.713240952328494,0.9181420965899129,0.5426431151496037,8569.4,100000.0
1.0,0.013,2,0.0009316749227844312,0.5532487020538545,0.08439509410126192,0.06764522084669453,0.08863931584571183,0.03403352618290385,11.860543598827629,0.9321894421016861,0.5351056656740514,8508.3,100000.0
1.0,0.02,1,0.0012068446335329341,0.5253037021357854,0.07182925542432035,0.06477913783514985,0.08637901101460806,0.03782841303508302,11.398042083402576,0.9288344176041774,0.536862330851496,8810.2,100000.0
1.0,0.02,2,0.0012505418155688624,0.5159628959786665,0.07475612771776416,0.06286258028467323,0.08420634319328131,0.03884525968549822,11.416464111874513,0.9351184964814976,0.5335045110940014,8760.7,100000.0
1.0,0.03,1,0.0016325985691616766,0.516476697987444,0.061375426768691496,0.06289771061107992,0.08880271295732942,0.043913963678318076,11.098100843873379,0.9490255694692499,0.5261743992392318,9086.1,100000.0
1.0,0.03,2,0.0016151247053892218,0.5086172883620911,0.06615106076878939,0.06219620456369936,0.08529253812325663,0.04375354363680449,11.20047528495397,0.9357810997079923,0.5331659680787987,9071.4,100000.0
1.0,0.05,1,0.002310796083233533,0.47820469452082826,0.05265594505109071,0.06040318896955791,0.0814463936447418,0.05105480287257776,10.538345965704435,0.9116783540001162,0.5461132306834499,9495.5,100000.0
1.0,0.05,2,0.0022660449233532936,0.48760657219233705,0.05229438021749526,0.061477399793898255,0.08362666260175995,0.04943994161969609,10.599313771034865,0.9101905061270221,0.5469286605347696,9518.3,100000.0
1.0,0.08,1,0.0031107232703592815,0.4343647717233122,0.03408093448751377,0.05691048294548454,0.07651746170494239,0.05901602248016512,10.087370993322462,0.8790569619017733,0.5641498115583509,9931.4,100000.0
1.0,0.08,2,0.003103389447305389,0.42574948435853066,0.03696510008489611,0.05538131099607232,0.07421348446301722,0.06014308025991878,10.063232776401387,0.882985317527052,0.5619304433286166,9912.3,100000.0
1.0,0.12,1,0.004100889028143712,0.3712572199861844,0.02193125639714707,0.051724742148984745,0.0647172448715777,0.06672756620130561,9.701389451365191,0.8358130466422349,0.588748814210569,10292.1,100000.0
1.0,0.12,2,0.004141854673952096,0.37814184470276757,0.02235837206791238,0.05405735855820082,0.06453713307840808,0.06705829907404862,9.832260910571264,0.8408055509620803,0.5858649048455997,10229.4,100000.0
0.1,0.0005,1,2.2675295327771155e-05,0.37019339891264147,0.013394325686460467,0.054407422446989935,0.06452560213298977,0.12483492622515552,9.525508656785252,0.8216034159475483,0.5970414743301873,10602.68,1000000.0
0.1,0.0005,2,2.1446949682955903e-05,0.37405172574475626,0.013380785412127423,0.053796676124164874,0.06642697027999019,0.12809499990917383,9.54938443444467,0.8289497845168345,0.5927396424497755,10631.12,1000000.0
0.1,0.0015,1,5.386826622646007e-05,0.3350789208698704,0.00839639061221458,0.04903897749906613,0.05985519942219738,0.14020960533774196,9.13607222782318,0.812817611976458,0.6021907911778877,10824.88,1000000.0
0.1,0.0015,2,5.4405246879618594e-05,0.33212082948175103,0.008887034290980712,0.0491312942111962,0.05861330464678166,0.13634034953159122,9.312318759834795,0.8105729470572477,0.6035074370347648,10817.08,1000000.0
0.1,0.001,1,3.8968833207389745e-05,0.3525624179583196,0.01082926821050232,0.051428834255782076,0.062482215956810035,0.1270128320072163,9.370856410860961,0.8155103536539748,0.6006022575362543,10724.04,1000000.0
0.1,0.001,2,3.956078355780691e-05,0.34452299299333666,0.010486754223869528,0.0500646827781396,0.06128072956923767,0.12659896476589275,9.558198111960063,0.8161166830168457,0.6002536317112883,10730.84,1000000.0
0.1,0.003,1,9.473658861501789e-05,0.30932886004755217,0.005522599410633967,0.047143035969022945,0.05412571707714519,0.1680365410779448,9.02665431058578,0.7904757754627759,0.6154491196833036,10988.04,1000000.0
0.1,0.003,2,9.113279999404053e-05,0.3102114815166606,0.0053363745633275075,0.04608257001517626,0.0555424650125821,0.16648947335851147,9.151929514585584,0.7948561727617134,0.6128371126681873,11018.24,1000000.0
0.1,0.005,1,0.0001475811677830751,0.28536895101245696,0.0032341201443950016,0.04491276160990498,0.04913218170260905,0.20029657046553567,9.073349824319665,0.7826335204439597,0.6201779336774558,11085.56,1000000.0
0.1,0.005,2,0.00015138606122765195,0.27755927414138215,0.003247971384518703,0.04280117159149479,0.04863592844067468,0.20228868939756434,9.002767764748492,0.780150400149077,0.6216604601915069,11062.88,1000000.0
0.1,0.008,1,0.00022726757746126342,0.2519789268317274,0.002246197373395327,0.03929602547670339,0.04394821804738278,0.24398840528719906,9.024916157621497,0.7702633863228712,0.627637323529021,11147.2,1000000.0
0.1,0.008,2,0.00023017240384982124,0.25372766480386927,0.0022845881487423263,0.04084496886508576,0.042969389964311676,0.24371782688829557,8.987820225616026,0.765395994309591,0.6305945644976424,11122.56,1000000.0
0.1,0.013,1,0.0003703162228843862,0.2342058773112559,0.0012184219686537856,0.0385040838835035,0.03915840183498964,0.29542837738605665,8.98822872397278,0.7570614663086894,0.6356888135716274,11087.64,1000000.0
0.1,0.013,2,0.0003717704753754469,0.24216403769397743,0.001471176740136334,0.04013201606130187,0.04009893802643839,0.29274732277176063,9.092247480893638,0.755951507660155,0.6363608500059268,11090.76,1000000.0
0.1,0.02,1,0.0006070490106078665,0.21880348119287304,0.0007212695803133679,0.036718177761946545,0.03597589356747239,0.3460003551491585,9.123264888001144,0.7511689168079458,0.6392933645811086,10902.0,1000000.0
0.1,0.02,2,0.0006040953487127532,0.22011900758464997,0.0007292647548246742,0.03718539599171101,0.03594451979284324,0.34769637558373157,9.119151405519396,0.752397471316137,0.6385349799762675,10919.84,1000000.0
0.1,0.03,1,0.0009817878114302741,0.20102134812553754,0.000777588147558326,0.03648395630454912,0.030263963651841908,0.3965069956145206,9.375413120723373,0.7455290310143685,0.642762593128282,10649.2,1000000.0
0.1,0.03,2,0.0009716876616686532,0.20947552698993321,0.0007596528524082428,0.036634919385494194,0.03293703950064323,0.39767888856134653,9.333738085984782,0.7471933409870869,0.6417376650067852,10693.0,1000000.0
0.1,0.05,1,0.0018728389352800953,0.19569611674796886,0.0004993003997412921,0.03655875307353133,0.028506853225633955,0.4588403155356883,9.786247954641853,0.7491776251091276,0.6405155855108201,10162.64,1000000.0
0.1,0.05,2,0.0018459168071513709,0.1968119830597087,0.0005211478431559235,0.0381781810265702,0.027252098476358372,0.4604171932167806,9.79543760410264,0.7515106820378272,0.6390823529106777,10165.2,1000000.0
0.1,0.08,1,0.0034023181719904654,0.19062010314905117,0.0007268477773264281,0.038027640539764866,0.025270111927894322,0.5140157906272318,10.458401582687609,0.76145345966646,0.6329939280276695,9527.48,1000000.0
0.1,0.08,2,0.003392994412395709,0.1774181913976005,0.000655814308986167,0.035835760422744695,0.023085032117055947,0.5119818454345362,10.486494313442382,0.7598215106139944,0.6339895772819015,9532.52,1000000.0
0.1,0.12,1,0.005806047419070321,0.1754699010989457,0.0005508834615319577,0.03756310549822787,0.02074323522903335,0.5530741836792469,11.29598045649454,0.7814438288879606,0.6208777093479878,8798.84,1000000.0
0.1,0.12,2,0.005909153154946364,0.17269642545269304,0.0005570943162578182,0.03725589176142275,0.020123884253489564,0.5562522527896491,11.254388513557387,0.7850273917997518,0.618716302219081,8776.84,1000000.0
0.3,0.0005,1,3.740723853396901e-05,0.5074081397285873,0.046661626176113205,0.06911096255901508,0.08447120804442491,0.07741734210355983,11.641870402160702,0.8826025917582507,0.5621439404611989,8788.48,1000000.0
0.3,0.0005,2,3.887949927890346e-05,0.521572257829403,0.04784390956030066,0.0730888059610347,0.0848206433954015,0.07714954157429206,11.74656105692054,0.8809485424960463,0.5630675169791575,8749.72,1000000.0
0.3,0.0015,1,8.74510464410012e-05,0.49837255840632205,0.04161446018557156,0.06900707124409085,0.08324562766347066,0.06762214808220227,11.233870335292435,0.8850056139572344,0.5608237460328248,9046.92,1000000.0
0.3,0.0015,2,8.824743358045292e-05,0.5080940628562275,0.04366766240573387,0.06935979778618089,0.08544900164431406,0.06970777326414072,11.223785944498163,0.898620416926819,0.5532965957419215,9007.48,1000000.0
0.3,0.001,1,6.628904574612634e-05,0.5110724458867968,0.044279014389510644,0.0709128373577464,0.08468497273930409,0.06977791690308778,11.408768752255215,0.8921040200807099,0.5568968152781977,8898.44,1000000.0
0.3,0.001,2,6.51123158545888e-05,0.5059250211664442,0.04552187549818055,0.06965305977876284,0.08381465665919384,0.06837107079359879,11.291725509543932,0.8826039784890743,0.5621489798385882,8923.4,1000000.0
0.3,0.003,1,0.00015366192203814067,0.47606104671301624,0.0368644365397148,0.0652993539461675,0.0810995158842214,0.07156655895721613,10.897570702208936,0.8838735814237323,0.5614649911848527,9255.12,1000000.0
0.3,0.003,2,0.00015116630965435042,0.48642936095019546,0.03685926654303641,0.06768775345953573,0.0821689440463539,0.07234247293928274,10.970854918682491,0.8836355927797989,0.5615959925456687,9262.12,1000000.0
0.3,0.005,1,0.00020704275487485102,0.45184994674243123,0.029710461445207403,0.06327391040551836,0.07743925144410063,0.07998975551269272,10.581568916683718,0.8665997603580804,0.5711476335099247,9522.48,1000000.0
0.3,0.005,2,0.00020764172132300355,0.45416405849656405,0.031086764747871875,0.06198237509616243,0.07904338968790761,0.080792578764095,10.637024479236047,0.8737041201012323,0.5671621955567859,9558.8,1000000.0
0.3,0.008,1,0.0003019466865315853,0.4272809213648658,0.02480988229748273,0.06027559769635919,0.07388141623155561,0.09096954649389508,10.35069274558636,0.8553598204560973,0.5775157197243247,9740.48,1000000.0
0.3,0.008,2,0.0002811416814421931,0.42805705253081855,0.02393969642761245,0.05883260322197863,0.07587318167014034,0.09199990700079623,10.252115153124993,0.8677122874662118,0.5705156946006772,9808.36,1000000.0
0.3,0.013,1,0.0004030248367222884,0.38774244706102295,0.0167336445269466,0.05517136689506298,0.0684982337932355,0.10821911744048561,10.023749244541397,0.8376504286846981,0.5876831908368172,10057.88,1000000.0
0.3,0.013,2,0.0003975331301311084,0.37795652341118596,0.01686294002417661,0.05560093768213701,0.06476359031990792,0.10657798297841264,10.00001184920165,0.8289663914412247,0.5927287281930576,10038.0,1000000.0
0.3,0.02,1,0.0005395464706436234,0.3368349738384044,0.011173850680770307,0.05117337804412722,0.05738033019511813,0.12770040290811432,9.788241057136476,0.8011889123902168,0.6090650726574821,10262.96,1000000.0
0.3,0.02,2,0.0005342214030393326,0.3424889778858568,0.010889679621960304,0.05290059268896823,0.057632507709602224,0.12556317831254968,9.926217311531838,0.8028205345883983,0.6080993844301059,10239.12,1000000.0
0.3,0.03,1,0.0007692937287008344,0.31040123369557393,0.006425495038202908,0.04892676913727465,0.05239847681655925,0.15373718562773753,9.700066325200543,0.7840352276066109,0.6193260387106905,10328.64,1000000.0
0.3,0.03,2,0.0007618740259594756,0.3088916462397642,0.007487621420291789,0.049717798377472214,0.050750209850653906,0.1552795169636868,9.625697059702858,0.7821955053253424,0.6204261508747577,10333.16,1000000.0
0.3,0.05,1,0.0012078324715137068,0.2694507632049883,0.004224535341328683,0.046060183731151866,0.0423485580690811,0.1930270565236363,9.829252361895938,0.7633428734327943,0.6318477243215441,10269.44,1000000.0
0.3,0.05,2,0.0011998433520858164,0.26980905495220303,0.003309988797568274,0.046635224029515185,0.04219779721878467,0.19580614950882222,9.736611259739345,0.760573216230799,0.6335329421498898,10223.6,1000000.0
0.3,0.08,1,0.002032284975804529,0.23689226173325803,0.003386373217111829,0.04425161350400164,0.03358368279996922,0.23767455631086418,10.099082190924179,0.7606426576863973,0.6334923067066285,9878.88,1000000.0
0.3,0.08,2,0.0020334597215733016,0.23588874879244007,0.0028207575355277165,0.04383856318733832,0.033850767439858195,0.2397763148834553,10.061237753175275,0.7597761484790619,0.6340222496504506,9869.24,1000000.0
0.3,0.12,1,0.003402970313945173,0.21782782399774292,0.0018833483444457772,0.04453145219454651,0.02745004029458231,0.2809031329674462,10.655795279324225,0.7709375984875416,0.6272234972314904,9288.48,1000000.0
0.3,0.12,2,0.0033874651448152562,0.22065366086778787,0.0014733201789867939,0.04389675855393431,0.029163355947783538,0.2784627468519583,10.772423021525732,0.7718162400114327,0.6266908714815117,9292.52,1000000.0
1.0,0.0005,1,8.560160071275327e-05,0.5694255157088214,0.08514337368943391,0.08307935195057599,0.07834802883791511,0.025434112767007144,14.366590525971834,0.8557510231745744,0.5773055042753552,7024.4,1000000.0
1.0,0.0005,2,8.656280155065554e-05,0.5696434045898094,0.08362703799421546,0.08329332124965601,0.07871213275445631,0.024736454272891745,14.551567379439362,0.8509880038469282,0.5800301299802492,7042.88,1000000.0
1.0,0.0015,1,0.00017717109812872466,0.5492358378115472,0.07811934971283226,0.08004484894439585,0.07699397903902272,0.024672882990009783,14.424532446482836,0.8706864031731585,0.5688332927519564,7067.6,1000000.0
1.0,0.0015,2,0.00017134720311084625,0.5539234184044841,0.07632702663627604,0.07940881043658983,0.07978998731775307,0.024710456534583772,14.342449701131555,0.8805036492004288,0.5633345584797204,7134.08,1000000.0
1.0,0.001,1,0.00013401200896305125,0.5577518340573028,0.0795258286896137,0.08127259135635852,0.07813607701655233,0.024390410019352177,14.364117842780196,0.8568906854432063,0.5766802456898099,7031.24,1000000.0
1.0,0.001,2,0.00013553065756853396,0.5702928483785993,0.08174348303522455,0.08380985295644292,0.07903993555276335,0.023362559488510418,14.654886898112268,0.8539469509601659,0.5783531798399139,7062.56,1000000.0
1.0,0.003,1,0.00027160526678188316,0.5572717841330974,0.0764672659216333,0.07952520789327959,0.08074296416410785,0.027408340388216445,14.087357853810628,0.877397409145479,0.5651354107036739,7256.36,1000000.0
1.0,0.003,2,0.00027789744238379023,0.5561745574786914,0.07459304775093885,0.08035894206454434,0.08016822913826402,0.026665252322171304,14.132131958536814,0.8865657120154854,0.5599742018536337,7209.2,1000000.0
1.0,0.005,1,0.00038530636655542314,0.5446617497397808,0.07305868692540606,0.07926734799718675,0.07793367243886332,0.031340498493362866,13.759251479708755,0.8922913088465129,0.5568171943368931,7391.72,1000000.0
1.0,0.005,2,0.00038992570364719905,0.5537571544901378,0.06984263326101842,0.07758241887158729,0.08372242073274667,0.029736319693147596,13.76912928973261,0.8966954544193142,0.5543449852574576,7400.92,1000000.0
1.0,0.008,1,0.0005341918622526818,0.5378083752447524,0.06812437267123612,0.07783967795222947,0.07872165520763151,0.03476492374789992,13.48047198519783,0.897199708806011,0.5540839855314866,7592.0,1000000.0
1.0,0.008,2,0.0005153856376638856,0.5397601157860411,0.06617158151402956,0.07748121587839181,0.08038162990115687,0.034493966344394,13.502826707086763,0.8961538063426093,0.5546466574494655,7614.64,1000000.0
1.0,0.013,1,0.000720998739010727,0.5306730866070407,0.06274696701100774,0.07424966728139226,0.08172570573916824,0.04024031623844718,12.803275695957863,0.9110947046023266,0.5464621209579543,7826.64,1000000.0
1.0,0.013,2,0.000696252580977354,0.5209738670117828,0.06025780233378974,0.07408260259737216,0.07948941762676391,0.03956342560370383,12.963651174965392,0.9174072590244866,0.5430499398222622,7855.96,1000000.0
1.0,0.02,1,0.0008868139967342074,0.5093029647554563,0.05402874760646055,0.07206865518507098,0.0796894174068772,0.04546279518458404,12.16689665186221,0.9043335855097441,0.5501587714455528,8192.48,1000000.0
1.0,0.02,2,0.0009122985388676996,0.5049843256195756,0.05369283853562576,0.07095104239796264,0.07947945349149355,0.04505341849188661,12.529209548200795,0.9088956727312264,0.5476785452963118,8170.08,1000000.0
1.0,0.03,1,0.00110247628363528,0.47928132268722534,0.04282754154340534,0.06890134645618431,0.07658324807768732,0.05155108310685359,11.730197532344803,0.8953082630928317,0.5551120279955511,8486.2,1000000.0
1.0,0.03,2,0.0011324522715017878,0.4849222391405303,0.044030276600674954,0.07054329294308488,0.07642069357698998,0.05111916407358754,11.985051018303619,0.8912735748702483,0.5573578439161183,8463.44,1000000.0
1.0,0.05,1,0.001533685094636472,0.4332758683186443,0.02983772880440058,0.06644227971987936,0.06803710126632073,0.061638264309865375,11.340526070377855,0.8534235533517457,0.5786232834104242,8866.24,1000000.0
1.0,0.05,2,0.0015598864195470797,0.4234962215387092,0.028537090803239545,0.06496640213376785,0.0666866431690558,0.06062174760145813,11.496009652750883,0.8498331868356216,0.5806649298626971,8841.08,1000000.0
1.0,0.08,1,0.0020870903715137067,0.35627618745052364,0.015926611233998487,0.05933374464198944,0.054116114045473986,0.07282375121561963,11.05008293512102,0.8059181775624338,0.6062583937798105,9101.88,1000000.0
1.0,0.08,2,0.0020705138972586415,0.36739819766392295,0.01688427616643681,0.060928771502369215,0.05590920107076489,0.07330070501543759,11.093122864759017,0.8107022421697585,0.6034289593377405,9121.6,1000000.0
1.0,0.12,1,0.002951691615494636,0.31591249803084165,0.011131696930709428,0.05808576418579268,0.04350783520369955,0.08947675835695999,11.077105384155944,0.793989450338601,0.6133484843538585,9012.04,1000000.0
1.0,0.12,2,0.002967206540762813,0.3138852511182468,0.010367849506882784,0.05799570137685425,0.04317676642300449,0.08894572399230309,11.295744359333794,0.7972127860082326,0.6114304624666399,8993.92,1000000.0
