label,mu_g,Tgran,seed,Emod,tau_frames,tau_median,s_slip,s_slip_lw,n_episodes,R_E
E1.0e4_mu0.1_T0.001_s1,0.1,0.001,1,10000.0,59.12902645312219,81.0,0.24602045690861424,0.07127031468744294,11114,0.0021611721405164195
E1.0e4_mu0.1_T0.001_s2,0.1,0.001,2,10000.0,57.569396589804754,81.0,0.25858648713170157,0.07755191612392347,11319,0.0020742251262120415
E1.0e4_mu0.1_T0.001_s3,0.1,0.001,3,10000.0,65.93221122722649,81.0,0.13219169840951692,0.03248308026791037,10813,0.0012761752331384043
E1.0e4_mu0.1_T0.003_s1,0.1,0.003,1,10000.0,59.759514239288464,81.0,0.18806871572663705,0.05188989764843267,11693,0.0018740322216145812
E1.0e4_mu0.1_T0.003_s2,0.1,0.003,2,10000.0,59.72498928418346,81.0,0.1855127513292193,0.05363919780907488,11665,0.0018658312355373313
E1.0e4_mu0.1_T0.003_s3,0.1,0.003,3,10000.0,61.08463212886374,81.0,0.17821894219650344,0.052503217842598676,11485,0.001993217611163493
E1.0e4_mu0.1_T0.008_s1,0.1,0.008,1,10000.0,53.430388371564845,81.0,0.23880037419892627,0.07906773104814371,13209,0.0016006316039793025
E1.0e4_mu0.1_T0.008_s2,0.1,0.008,2,10000.0,50.58437746115845,81.0,0.25351812144712954,0.08100782435400955,13967,0.0015854364163687005
E1.0e4_mu0.1_T0.008_s3,0.1,0.008,3,10000.0,55.4765970659008,81.0,0.22848009172022912,0.07501276750547428,12883,0.0015183959078316843
E1.0e4_mu0.3_T0.001_s1,0.3,0.001,1,10000.0,53.39012559549589,81.0,0.17054459899301222,0.038904003802793366,11545,0.017311076259356645
E1.0e4_mu0.3_T0.001_s2,0.3,0.001,2,10000.0,55.5027539503386,81.0,0.1567978097492326,0.0366508159357598,11075,0.01725629930970984
E1.0e4_mu0.3_T0.001_s3,0.3,0.001,3,10000.0,61.941083247879185,81.0,0.0947400022151522,0.01571544243139356,10727,0.009272309858997846
E1.0e4_mu0.3_T0.003_s1,0.3,0.003,1,10000.0,52.06816688567674,81.0,0.13858153761086678,0.02461899549198558,12176,0.015575163082090254
E1.0e4_mu0.3_T0.003_s2,0.3,0.003,2,10000.0,52.72398414271556,81.0,0.13082250032344847,0.02406239524297364,12108,0.01636275464758464
E1.0e4_mu0.3_T0.003_s3,0.3,0.003,3,10000.0,51.79514563106796,81.0,0.1396607823299766,0.024958293501283996,12360,0.014882804990684638
E1.0e4_mu0.3_T0.008_s1,0.3,0.008,1,10000.0,44.75332778702163,81.0,0.1681730230107255,0.029977289697330222,14424,0.013752062311530025
E1.0e4_mu0.3_T0.008_s2,0.3,0.008,2,10000.0,44.696850393700785,81.0,0.17510562072150349,0.030821129278759303,14478,0.013151664801724562
E1.0e4_mu0.3_T0.008_s3,0.3,0.008,3,10000.0,45.89148876007352,81.0,0.16645535514921936,0.030598554178264615,14146,0.012685482262559446
E1.0e4_mu1.0_T0.001_s1,1.0,0.001,1,10000.0,48.190074659639876,81.0,0.06189343330005525,0.008260365555806679,11385,0.05705451267290728
E1.0e4_mu1.0_T0.001_s2,1.0,0.001,2,10000.0,47.74389926183239,81.0,0.059360032164919155,0.008629047366994621,11515,0.052287756932231394
E1.0e4_mu1.0_T0.001_s3,1.0,0.001,3,10000.0,47.12919651333391,81.0,0.0631511688002197,0.008266097281380589,11587,0.05376973911906313
E1.0e4_mu1.0_T0.003_s1,1.0,0.003,1,10000.0,40.016504994932674,13.0,0.07476838081369976,0.008804460299427629,13814,0.05388299276386222
E1.0e4_mu1.0_T0.003_s2,1.0,0.003,2,10000.0,39.39170408381441,12.0,0.07721935435979255,0.009793651224432563,14031,0.04949360028442168
E1.0e4_mu1.0_T0.003_s3,1.0,0.003,3,10000.0,39.688632619439865,12.0,0.07340189617646105,0.009016536935135438,13961,0.052169260133364766
E1.0e4_mu1.0_T0.008_s1,1.0,0.008,1,10000.0,32.35642877780988,5.0,0.08916538237115837,0.011517552256718721,17305,0.050925924492422586
E1.0e4_mu1.0_T0.008_s2,1.0,0.008,2,10000.0,33.34891635321512,5.0,0.08883291703188953,0.011153660925127247,16749,0.04517722218571918
E1.0e4_mu1.0_T0.008_s3,1.0,0.008,3,10000.0,31.864337101747175,5.0,0.0929838837228499,0.01239266617927436,17514,0.047869135402502476
E1.0e5_mu0.1_T0.001_s1,0.1,0.001,1,100000.0,60.29041887337506,81.0,0.17206351023437058,0.06409355454899732,10385,0.0024158107541724892
E1.0e5_mu0.1_T0.001_s2,0.1,0.001,2,100000.0,59.31549833094898,81.0,0.17793714046252374,0.06728646472312488,10485,0.0024677170296871975
E1.0e5_mu0.1_T0.001_s3,0.1,0.001,3,100000.0,58.83206322325713,81.0,0.17686255889620917,0.06357483936378786,10629,0.002409502007641605
E1.0e5_mu0.1_T0.003_s1,0.1,0.003,1,100000.0,51.81578515111695,81.0,0.23028266397543548,0.08107666874303585,12176,0.0020282618532849375
E1.0e5_mu0.1_T0.003_s2,0.1,0.003,2,100000.0,54.97154225413026,81.0,0.2141746787966333,0.07683871312896719,11561,0.0020228358925311924
E1.0e5_mu0.1_T0.003_s3,0.1,0.003,3,100000.0,54.741194751381215,81.0,0.21352998912031232,0.07574409971582756,11584,0.0019411314603976504
E1.0e5_mu0.1_T0.008_s1,0.1,0.008,1,100000.0,44.94729434944761,72.0,0.28324545041621174,0.11649231462897615,14211,0.001997738392988439
E1.0e5_mu0.1_T0.008_s2,0.1,0.008,2,100000.0,42.99303959994594,43.5,0.28857965541639613,0.11471194305034021,14798,0.0018728385413290208
E1.0e5_mu0.1_T0.008_s3,0.1,0.008,3,100000.0,43.255399823955585,49.0,0.2913282488114784,0.11461573260242408,14769,0.0018447517210997523
E1.0e5_mu0.3_T0.001_s1,0.3,0.001,1,100000.0,48.87173585907763,81.0,0.1352347920230716,0.03535022387086491,11297,0.016091048756387633
E1.0e5_mu0.3_T0.001_s2,0.3,0.001,2,100000.0,50.4038356662425,81.0,0.1320821619864732,0.035299336570834,11002,0.01582144223001626
E1.0e5_mu0.3_T0.001_s3,0.3,0.001,3,100000.0,49.667972227167525,81.0,0.1343997883029702,0.035152427549868276,11234,0.01551497249480961
E1.0e5_mu0.3_T0.003_s1,0.3,0.003,1,100000.0,44.167891198999534,81.0,0.15196470139167556,0.035102745786467146,12794,0.01382653503917041
E1.0e5_mu0.3_T0.003_s2,0.3,0.003,2,100000.0,45.670761078998076,81.0,0.1506920177493955,0.034736980883322346,12456,0.014163632257365796
E1.0e5_mu0.3_T0.003_s3,0.3,0.003,3,100000.0,42.037614066325396,33.0,0.16115695625272788,0.03643679682329583,13479,0.014205920299222354
E1.0e5_mu0.3_T0.008_s1,0.3,0.008,1,100000.0,36.43970736629667,10.0,0.18283171274173782,0.04489362880502883,15856,0.011645010600867074
E1.0e5_mu0.3_T0.008_s2,0.3,0.008,2,100000.0,38.58871448440294,13.0,0.17506182012262123,0.044067546438605616,15099,0.011990993953439708
E1.0e5_mu0.3_T0.008_s3,0.3,0.008,3,100000.0,36.96940847930947,10.0,0.1882050877648973,0.04515098971656166,15756,0.011721904486691503
E1.0e5_mu1.0_T0.001_s1,1.0,0.001,1,100000.0,44.55999627352338,75.5,0.056115156599238644,0.010976214021538469,10734,0.05396535170746259
E1.0e5_mu1.0_T0.001_s2,1.0,0.001,2,100000.0,44.55405278482201,81.0,0.056658097326680534,0.00891714642881988,10647,0.04897126590210167
E1.0e5_mu1.0_T0.001_s3,1.0,0.001,3,100000.0,40.376495726495726,18.0,0.06311560146293951,0.010704797790031858,11700,0.05111161827910098
E1.0e5_mu1.0_T0.003_s1,1.0,0.003,1,100000.0,35.49429824561403,8.0,0.07440668362134963,0.012579238078762342,13680,0.0484393487207452
E1.0e5_mu1.0_T0.003_s2,1.0,0.003,2,100000.0,34.97671372434871,7.0,0.07381784041867966,0.011800686570269427,13742,0.047114174668224325
E1.0e5_mu1.0_T0.003_s3,1.0,0.003,3,100000.0,35.28091201403099,7.0,0.07417540230633678,0.010932425266785974,13684,0.04604456044510847
E1.0e5_mu1.0_T0.008_s1,1.0,0.008,1,100000.0,28.353794578348072,5.0,0.0835983877793549,0.014948557636444065,17301,0.044932097110683494
E1.0e5_mu1.0_T0.008_s2,1.0,0.008,2,100000.0,29.228860402210984,5.0,0.08377376658436017,0.015138834681913469,17006,0.04227742296754484
E1.0e5_mu1.0_T0.008_s3,1.0,0.008,3,100000.0,27.937712152070603,5.0,0.08432294061102129,0.014426104688484024,17676,0.0428634284745098
E1.0e6_mu0.1_T0.001_s1,0.1,0.001,1,1000000.0,57.104745201208225,81.0,0.20398838727049362,0.09114161203686957,10263,0.002419038145132485
E1.0e6_mu0.1_T0.001_s2,0.1,0.001,2,1000000.0,57.029922027290446,81.0,0.20271399402907772,0.09316097189157226,10260,0.0024631936255557433
E1.0e6_mu0.1_T0.001_s3,0.1,0.001,3,1000000.0,57.53703160160454,81.0,0.19715370644133443,0.0861166564073962,10221,0.002414399937802199
E1.0e6_mu0.1_T0.003_s1,0.1,0.003,1,1000000.0,48.51241701499877,81.0,0.2597169534125662,0.11630680858253083,12201,0.0020862534394263444
E1.0e6_mu0.1_T0.003_s2,0.1,0.003,2,1000000.0,48.5814887686506,81.0,0.25264182003849894,0.10907750123608456,12198,0.0021315181832345254
E1.0e6_mu0.1_T0.003_s3,0.1,0.003,3,1000000.0,50.02284518828452,81.0,0.24346627183714548,0.10960515111923758,11950,0.0021412918252843166
E1.0e6_mu0.1_T0.008_s1,0.1,0.008,1,1000000.0,37.579711975745326,15.0,0.3209202483022737,0.15913117140254335,15832,0.002346998548733479
E1.0e6_mu0.1_T0.008_s2,0.1,0.008,2,1000000.0,39.60743229887329,20.0,0.3092246832953293,0.1536243890591261,15177,0.002303125867790044
E1.0e6_mu0.1_T0.008_s3,0.1,0.008,3,1000000.0,38.444839627521986,17.0,0.3170257216797444,0.1591072326668472,15464,0.0023669415768900414
E1.0e6_mu0.3_T0.001_s1,0.3,0.001,1,1000000.0,48.86820613911574,81.0,0.1372392363417243,0.045820823560823905,10653,0.015577581582268546
E1.0e6_mu0.3_T0.001_s2,0.3,0.001,2,1000000.0,47.86546501904673,81.0,0.1433717044165333,0.04701500069879032,10763,0.015668951539494512
E1.0e6_mu0.3_T0.001_s3,0.3,0.001,3,1000000.0,48.52659473783835,81.0,0.1348412038536143,0.045801705374347614,10566,0.014903317256122272
E1.0e6_mu0.3_T0.003_s1,0.3,0.003,1,1000000.0,40.84048370946623,21.0,0.16200655414639004,0.048005401409194466,12983,0.012960266827181264
E1.0e6_mu0.3_T0.003_s2,0.3,0.003,2,1000000.0,42.0970460811343,30.0,0.16225752555580464,0.04828394040664494,12695,0.013498910032918976
E1.0e6_mu0.3_T0.003_s3,0.3,0.003,3,1000000.0,42.035660030382985,30.0,0.15862363983878028,0.04595807813748241,12507,0.012662622867189222
E1.0e6_mu0.3_T0.008_s1,0.3,0.008,1,1000000.0,34.743821656050955,10.0,0.18884691462841957,0.06044606748576478,15700,0.011880195215022121
E1.0e6_mu0.3_T0.008_s2,0.3,0.008,2,1000000.0,32.923774181773936,8.0,0.19067862677224245,0.06039530599536956,16438,0.011223341646805001
E1.0e6_mu0.3_T0.008_s3,0.3,0.008,3,1000000.0,33.34213104715248,9.0,0.19320815641764075,0.062237707010580796,16330,0.01107765728896752
E1.0e6_mu1.0_T0.001_s1,1.0,0.001,1,1000000.0,40.6183077499064,24.0,0.06585712334500003,0.014332920090514003,10684,0.0427792793998816
E1.0e6_mu1.0_T0.001_s2,1.0,0.001,2,1000000.0,42.91364353312303,44.0,0.05957690689068098,0.012910161813487213,10144,0.04710006946647493
E1.0e6_mu1.0_T0.001_s3,1.0,0.001,3,1000000.0,42.610774276910846,37.0,0.05717431405594366,0.010741602073210841,10061,0.045727052390115736
E1.0e6_mu1.0_T0.003_s1,1.0,0.003,1,1000000.0,35.64929407018959,9.0,0.06958329295335791,0.013286623079482114,12395,0.043242631677992825
E1.0e6_mu1.0_T0.003_s2,1.0,0.003,2,1000000.0,33.03407542026352,8.0,0.07167095024464984,0.014961673176725166,13206,0.04517490788803679
E1.0e6_mu1.0_T0.003_s3,1.0,0.003,3,1000000.0,34.860842188114916,9.0,0.06903446444427978,0.013790705497993936,12705,0.04476784440126563
E1.0e6_mu1.0_T0.008_s1,1.0,0.008,1,1000000.0,25.31657085449573,5.0,0.08452649016428017,0.018659735403893766,17917,0.03668466652180945
E1.0e6_mu1.0_T0.008_s2,1.0,0.008,2,1000000.0,26.71577822628517,5.0,0.0802777306032746,0.017915627902429485,16846,0.036723764914260756
E1.0e6_mu1.0_T0.008_s3,1.0,0.008,3,1000000.0,26.42877184778161,5.0,0.08265243144587672,0.018287301738266863,17107,0.03957969648669442
