I,P,Tgran,Theta,e_rest,kt,kt_is_default,label,mu,mu_g,n_samples,seed,tau
0.0007146951812280702,1.958110614035088,0.0005,0.00012297339157894737,0.5,1000.0,False,e0.5_k1.0e3_mu0.03_T0.0005_s1,0.10865233561403508,0.03,57,1,-0.2125912507017544
0.0007062649854385965,2.0050397614035087,0.0005,0.00011961646980701755,0.5,1000.0,False,e0.5_k1.0e3_mu0.03_T0.0005_s2,0.11117495078947369,0.03,57,2,-0.22292459859649125
0.0007124440428070175,1.970692847368421,0.0005,0.00011870846166666668,0.5,1000.0,False,e0.5_k1.0e3_mu0.03_T0.0005_s3,0.1296536861403509,0.03,57,3,-0.2553274898245614
0.0007036913464912281,2.019611201754386,0.002,0.00038338414649122807,0.5,1000.0,False,e0.5_k1.0e3_mu0.03_T0.002_s1,0.11102168345614036,0.03,57,1,-0.22426377228070174
0.0007085956447368421,1.9916734438596493,0.002,0.00039029396473684217,0.5,1000.0,False,e0.5_k1.0e3_mu0.03_T0.002_s2,0.10285866805263158,0.03,57,2,-0.20482949280701754
0.0007138964638596493,1.9622736421052631,0.002,0.00038790190385964914,0.5,1000.0,False,e0.5_k1.0e3_mu0.03_T0.002_s3,0.10969089022807017,0.03,57,3,-0.21533031754385965
0.0007089516357894737,1.989699605263158,0.006,0.0011433882947368419,0.5,1000.0,False,e0.5_k1.0e3_mu0.03_T0.006_s1,0.10475064603508771,0.03,57,1,-0.20843176228070173
0.0007108381715789474,1.9792619245614036,0.006,0.0011470519228070177,0.5,1000.0,False,e0.5_k1.0e3_mu0.03_T0.006_s2,0.10763215585964912,0.03,57,2,-0.2130374250877193
0.0007130467852631579,1.966922894736842,0.006,0.0011570073070175438,0.5,1000.0,False,e0.5_k1.0e3_mu0.03_T0.006_s3,0.09246226901754387,0.03,57,3,-0.18182654877192983
0.0007112325694736843,1.9771009333333331,0.015,0.003055183989473684,0.5,1000.0,False,e0.5_k1.0e3_mu0.03_T0.015_s1,0.08951377561403509,0.03,57,1,-0.1769278984210526
0.0007062879263157895,2.0047673473684213,0.015,0.0030280592403508773,0.5,1000.0,False,e0.5_k1.0e3_mu0.03_T0.015_s2,0.0914757150877193,0.03,57,2,-0.18341470473684213
0.0007119431077192983,1.9731930105263158,0.015,0.0030273986578947367,0.5,1000.0,False,e0.5_k1.0e3_mu0.03_T0.015_s3,0.08540502649122807,0.03,57,3,-0.1687200392982456
0.0007143630692982456,1.9597208719298245,0.0005,0.0001417252252631579,0.5,1000.0,False,e0.5_k1.0e3_mu0.0_T0.0005_s1,0.11415579947368422,0.0,57,1,-0.22373105771929824
0.0007054664470175439,2.009544692982456,0.0005,0.00013459028456140352,0.5,1000.0,False,e0.5_k1.0e3_mu0.0_T0.0005_s2,0.1047900012982456,0.0,57,2,-0.21067090508771927
0.000711232118245614,1.9769519245614036,0.0005,0.00014278820824561406,0.5,1000.0,False,e0.5_k1.0e3_mu0.0_T0.0005_s3,0.11381786563157895,0.0,57,3,-0.22508950210526313
0.0007104557980701754,1.981261836842105,0.002,0.00041450022614035085,0.5,1000.0,False,e0.5_k1.0e3_mu0.0_T0.002_s1,0.10286638078947369,0.0,57,1,-0.20377678368421054
0.0007064671285964912,2.0038387228070174,0.002,0.0004079389482456141,0.5,1000.0,False,e0.5_k1.0e3_mu0.0_T0.002_s2,0.10169982542105263,0.0,57,2,-0.2038133040350877
0.000708004458245614,1.9950052385964911,0.002,0.0003994642629824562,0.5,1000.0,False,e0.5_k1.0e3_mu0.0_T0.002_s3,0.10796443342105264,0.0,57,3,-0.21541123929824557
0.0007076881554385965,1.9968637982456139,0.006,0.0011744942578947367,0.5,1000.0,False,e0.5_k1.0e3_mu0.0_T0.006_s1,0.0901161223508772,0.0,57,1,-0.17999064807017545
0.0007068203415789475,2.0018062350877193,0.006,0.0011684121649122806,0.5,1000.0,False,e0.5_k1.0e3_mu0.0_T0.006_s2,0.09590351478947366,0.0,57,2,-0.19198246561403512
0.0007081604805263158,1.994210692982456,0.006,0.0011791986421052633,0.5,1000.0,False,e0.5_k1.0e3_mu0.0_T0.006_s3,0.10537939871929825,0.0,57,3,-0.2102089040350877
0.0007071015426315791,2.000209543859649,0.015,0.003060196998245614,0.5,1000.0,False,e0.5_k1.0e3_mu0.0_T0.015_s1,0.08245282500000001,0.0,57,1,-0.16495967175438594
0.0007080029547368422,1.9950762754385964,0.015,0.003053625501754386,0.5,1000.0,False,e0.5_k1.0e3_mu0.0_T0.015_s2,0.0984262271754386,0.0,57,2,-0.19644094175438595
0.0007130814538596493,1.9668230649122806,0.015,0.0030637239157894737,0.5,1000.0,False,e0.5_k1.0e3_mu0.0_T0.015_s3,0.09208316877192983,0.0,57,3,-0.18109584912280702
0.0007071955543859649,1.9997203017543859,0.0005,6.684314496491228e-05,0.5,1000.0,False,e0.5_k1.0e3_mu0.1_T0.0005_s1,0.12029028450877192,0.1,57,1,-0.2405497084210526
0.0007972354361403509,2.002890717894737,0.0005,0.00017124364175438597,0.5,1000.0,False,e0.5_k1.0e3_mu0.1_T0.0005_s2,0.11012296224561402,0.1,57,2,-0.19685544912280706
0.0007049561689473684,2.012493303508772,0.0005,6.907851028070175e-05,0.5,1000.0,False,e0.5_k1.0e3_mu0.1_T0.0005_s3,0.12757258403508773,0.1,57,3,-0.25674521052631577
0.0007073613108771929,1.998622892982456,0.002,0.00029041522315789475,0.5,1000.0,False,e0.5_k1.0e3_mu0.1_T0.002_s1,0.11161189933333332,0.1,57,1,-0.22310022491228074
0.000709542471754386,1.9863791263157897,0.002,0.0003037385905263158,0.5,1000.0,False,e0.5_k1.0e3_mu0.1_T0.002_s2,0.11038660933333333,0.1,57,2,-0.21940828719298244
0.0007142511822807018,1.9602505175438596,0.002,0.00030381707771929824,0.5,1000.0,False,e0.5_k1.0e3_mu0.1_T0.002_s3,0.1097075017368421,0.1,57,3,-0.21506373824561403
0.0007115517071929824,1.9752511280701754,0.006,0.0010652966052631578,0.5,1000.0,False,e0.5_k1.0e3_mu0.1_T0.006_s1,0.10539749494736841,0.1,57,1,-0.20841350701754385
0.0007091487617543861,1.9886218140350875,0.006,0.0010601353510526314,0.5,1000.0,False,e0.5_k1.0e3_mu0.1_T0.006_s2,0.0909988124736842,0.1,57,2,-0.18102970105263158
0.0007107935468421054,1.9794413228070173,0.006,0.0010789506884210528,0.5,1000.0,False,e0.5_k1.0e3_mu0.1_T0.006_s3,0.09501117759649122,0.1,57,3,-0.18809492421052632
0.0007069229570175439,2.0015726333333337,0.015,0.0030654010368421055,0.5,1000.0,False,e0.5_k1.0e3_mu0.1_T0.015_s1,0.09377371726315789,0.1,57,1,-0.18775846280701755
0.000705636126491228,2.0085842807017547,0.015,0.003075467245614035,0.5,1000.0,False,e0.5_k1.0e3_mu0.1_T0.015_s2,0.08965731496491229,0.1,57,2,-0.18005594526315788
0.0007077490066666668,1.996541915789474,0.015,0.0030487922596491228,0.5,1000.0,False,e0.5_k1.0e3_mu0.1_T0.015_s3,0.09361862445614033,0.1,57,3,-0.18694806578947368
0.0007123024470175439,1.9712897456140352,0.0005,5.550643994736842e-05,0.5,1000.0,False,e0.5_k1.0e3_mu0.3_T0.0005_s1,0.24429549719298244,0.3,57,1,-0.4812978563157894
0.000708817497368421,1.9905190929824563,0.0005,5.4261810789473674e-05,0.5,1000.0,False,e0.5_k1.0e3_mu0.3_T0.0005_s2,0.2376557410526316,0.3,57,2,-0.4730662507017544
0.0007080211231578948,1.9950538842105263,0.0005,5.372756114035088e-05,0.5,1000.0,False,e0.5_k1.0e3_mu0.3_T0.0005_s3,0.24462613245614034,0.3,57,3,-0.4880252961403509
0.0007102099715789475,1.9828756842105264,0.002,0.00022592318982456142,0.5,1000.0,False,e0.5_k1.0e3_mu0.3_T0.002_s1,0.14593972315789475,0.3,57,1,-0.2896096417543859
0.0007124781903508771,1.9699943105263156,0.002,0.00022648046175438596,0.5,1000.0,False,e0.5_k1.0e3_mu0.3_T0.002_s2,0.13950467368421055,0.3,57,2,-0.27484785719298244
0.0007091627294736842,1.9885263771929824,0.002,0.00021928644385964916,0.5,1000.0,False,e0.5_k1.0e3_mu0.3_T0.002_s3,0.14510082771929822,0.3,57,3,-0.28860380807017544
0.0007108446798245615,1.9792164631578948,0.006,0.001615582898245614,0.5,1000.0,False,e0.5_k1.0e3_mu0.3_T0.006_s1,0.08385286187719299,0.3,57,1,-0.1659063105263158
0.0007107303392982457,1.9798597315789472,0.006,0.001622710240350877,0.5,1000.0,False,e0.5_k1.0e3_mu0.3_T0.006_s2,0.07971726492982457,0.3,57,2,-0.15793193731578944
0.0007045284736842106,2.014813929824561,0.006,0.001630313598245614,0.5,1000.0,False,e0.5_k1.0e3_mu0.3_T0.006_s3,0.09321613587719299,0.3,57,3,-0.18777797964912282
0.0007142292587719299,1.9605806315789474,0.015,0.003867132661403508,0.5,1000.0,False,e0.5_k1.0e3_mu0.3_T0.015_s1,0.08878023240350877,0.3,57,1,-0.17395383035087722
0.0007055951314035087,2.0088376263157897,0.015,0.003898575657894737,0.5,1000.0,False,e0.5_k1.0e3_mu0.3_T0.015_s2,0.08515464257894738,0.3,57,2,-0.17100610719298243
0.000708966944736842,1.9899027754385963,0.015,0.003909166480701754,0.5,1000.0,False,e0.5_k1.0e3_mu0.3_T0.015_s3,0.08164898757894737,0.3,57,3,-0.16247685070175438
0.0007089808194736843,1.9981739421052636,0.0005,0.17947814284210528,0.5,1000.0,False,e0.5_k1.0e3_mu1.0_T0.0005_s1,0.06281607688947369,1.0,57,1,0.016670049192982456
0.0007073783584210525,2.0115904280701753,0.0005,0.21121303859649126,0.5,1000.0,False,e0.5_k1.0e3_mu1.0_T0.0005_s2,0.06950387734228071,1.0,57,2,-0.0030786631192982463
0.0007083431596491228,2.0029163754385966,0.0005,0.18796626263157895,0.5,1000.0,False,e0.5_k1.0e3_mu1.0_T0.0005_s3,0.063009975722807,1.0,57,3,0.011354188491228065
0.0007120238099999999,2.0094388298245613,0.002,0.17880868642105263,0.5,1000.0,False,e0.5_k1.0e3_mu1.0_T0.002_s1,0.07334374567368421,1.0,57,1,0.0068656445964912285
0.0007207944068421052,1.9463134052631574,0.002,0.20425133175438598,0.5,1000.0,False,e0.5_k1.0e3_mu1.0_T0.002_s2,0.07068967177017543,1.0,57,2,-0.04213325984035088
0.0007034957763157895,2.074351654385965,0.002,0.2104332650877193,0.5,1000.0,False,e0.5_k1.0e3_mu1.0_T0.002_s3,0.09275563724561403,1.0,57,3,0.023747737877192983
0.0007097117298245614,1.9987556421052632,0.006,0.18039072271929824,0.5,1000.0,False,e0.5_k1.0e3_mu1.0_T0.006_s1,0.08259557841578949,1.0,57,1,-0.01702361028245614
0.0007099250828070176,1.9994457842105264,0.006,0.1868403050877193,0.5,1000.0,False,e0.5_k1.0e3_mu1.0_T0.006_s2,0.08605729868771929,1.0,57,2,-0.005510650245614041
0.0007117419526315789,1.9831496771929822,0.006,0.18413811414035086,0.5,1000.0,False,e0.5_k1.0e3_mu1.0_T0.006_s3,0.08804385018859649,1.0,57,3,0.044816750098596495
0.0007098694949122807,1.9994670719298246,0.015,0.17115893584210531,0.5,1000.0,False,e0.5_k1.0e3_mu1.0_T0.015_s1,0.05546125093508772,1.0,57,1,0.043631941345614045
0.0007020847431578948,2.053597545614035,0.015,0.20438262807017546,0.5,1000.0,False,e0.5_k1.0e3_mu1.0_T0.015_s2,0.060062187926315784,1.0,57,2,0.0030047222754385947
0.0007021073435087719,2.0463285736842107,0.015,0.19115543482456138,0.5,1000.0,False,e0.5_k1.0e3_mu1.0_T0.015_s3,0.0893628881368421,1.0,57,3,0.02445555215789474
0.0007229168947368421,1.9357368701754387,0.0005,1.5264269433157895,0.5,1000.0,False,e0.5_k1.0e3_mu5.0_T0.0005_s1,0.11083751898771929,5.0,57,1,-0.007307350035087714
0.0007184564950877193,1.9595224385964913,0.0005,2.3593236650877194,0.5,1000.0,False,e0.5_k1.0e3_mu5.0_T0.0005_s2,0.14007172909649124,5.0,57,2,-0.10278085180701753
0.0007184579584210525,1.9628549543859648,0.0005,2.6024084687719298,0.5,1000.0,False,e0.5_k1.0e3_mu5.0_T0.0005_s3,0.1218375100614035,5.0,57,3,-0.014571786428070175
0.0007258934778947369,1.9230961807017541,0.002,2.464566643859649,0.5,1000.0,False,e0.5_k1.0e3_mu5.0_T0.002_s1,0.11244405066842106,5.0,57,1,0.04256575841754387
0.0007066692684210526,2.0320795508771927,0.002,3.6558083843859652,0.5,1000.0,False,e0.5_k1.0e3_mu5.0_T0.002_s2,0.1801119188201754,5.0,57,2,0.028581522538596485
0.0007158775198245614,1.9771636631578948,0.002,2.5312001419298245,0.5,1000.0,False,e0.5_k1.0e3_mu5.0_T0.002_s3,0.12482147806350877,5.0,57,3,0.03594633905087719
0.0007073598147368422,2.068885264912281,0.006,2.474670649122807,0.5,1000.0,False,e0.5_k1.0e3_mu5.0_T0.006_s1,0.11333833856842106,5.0,57,1,-0.06331541767894737
0.0007116227729824561,2.0391909157894736,0.006,4.5708386333333335,0.5,1000.0,False,e0.5_k1.0e3_mu5.0_T0.006_s2,0.0967357084914035,5.0,57,2,0.017056840014035086
0.0007192820343859649,1.9553385122807019,0.006,2.5289572271929823,0.5,1000.0,False,e0.5_k1.0e3_mu5.0_T0.006_s3,0.11610105838421053,5.0,57,3,0.0826730571754386
0.0007041587208771929,2.063759368421053,0.015,2.6943114398245616,0.5,1000.0,False,e0.5_k1.0e3_mu5.0_T0.015_s1,0.12733578603684212,5.0,57,1,0.02183867733333333
0.00071793959,1.987471968421053,0.015,2.6999896259649123,0.5,1000.0,False,e0.5_k1.0e3_mu5.0_T0.015_s2,0.11902354235964913,5.0,57,2,0.11549042267543859
0.0007079840649122808,2.0413596192982455,0.015,3.025953367368421,0.5,1000.0,False,e0.5_k1.0e3_mu5.0_T0.015_s3,0.1083065676631579,5.0,57,3,-0.029570970017017542
0.000712812962105263,1.968370043859649,0.0005,0.00010134841308771928,0.5,10000.0,False,e0.5_k1.0e4_mu0.03_T0.0005_s1,0.11371214901754388,0.03,57,1,-0.22383273578947369
0.0007112712243859649,1.9773803491228068,0.0005,0.0001034584887368421,0.5,10000.0,False,e0.5_k1.0e4_mu0.03_T0.0005_s2,0.11664546210526315,0.03,57,2,-0.23075124982456144
0.0007104843019298246,1.9813221087719297,0.0005,0.00010140879075438596,0.5,10000.0,False,e0.5_k1.0e4_mu0.03_T0.0005_s3,0.11484254245614037,0.03,57,3,-0.22754482368421053
0.0007107441684210525,1.9796471807017546,0.002,0.0003487819005263159,0.5,10000.0,False,e0.5_k1.0e4_mu0.03_T0.002_s1,0.10767414514035088,0.03,57,1,-0.21313552070175437
0.0007103659803508772,1.9817324140350878,0.002,0.0003537469854385965,0.5,10000.0,False,e0.5_k1.0e4_mu0.03_T0.002_s2,0.09181116547368419,0.03,57,2,-0.18198402842105263
0.0007100489349122807,1.9837347421052631,0.002,0.00035346015385964914,0.5,10000.0,False,e0.5_k1.0e4_mu0.03_T0.002_s3,0.10815742771929823,0.03,57,3,-0.21489632350877197
0.0007143639615789474,1.959680156140351,0.006,0.0010913575771929825,0.5,10000.0,False,e0.5_k1.0e4_mu0.03_T0.006_s1,0.09483399459649124,0.03,57,1,-0.18585894368421052
0.0007084182847368422,1.9927248315789474,0.006,0.0010761513280701754,0.5,10000.0,False,e0.5_k1.0e4_mu0.03_T0.006_s2,0.1004495097368421,0.03,57,2,-0.20018002666666665
0.000708529446140351,1.9921255789473684,0.006,0.001098627594736842,0.5,10000.0,False,e0.5_k1.0e4_mu0.03_T0.006_s3,0.09871338457894736,0.03,57,3,-0.19673712157894738
0.0007093655485964911,1.9874100824561405,0.015,0.002931241085964912,0.5,10000.0,False,e0.5_k1.0e4_mu0.03_T0.015_s1,0.08264663873684211,0.03,57,1,-0.1642414649122807
0.0007079810498245615,1.995237798245614,0.015,0.0029206558421052634,0.5,10000.0,False,e0.5_k1.0e4_mu0.03_T0.015_s2,0.08799017766666668,0.03,57,2,-0.17557536456140352
0.0007107859177192981,1.979568115789474,0.015,0.002921271359649123,0.5,10000.0,False,e0.5_k1.0e4_mu0.03_T0.015_s3,0.08721777250877193,0.03,57,3,-0.17269623754385965
0.0007143630692982456,1.9597208719298245,0.0005,0.0001417252252631579,0.5,10000.0,False,e0.5_k1.0e4_mu0.0_T0.0005_s1,0.11415579947368422,0.0,57,1,-0.22373105771929824
0.0007054664470175439,2.009544692982456,0.0005,0.00013459028456140352,0.5,10000.0,False,e0.5_k1.0e4_mu0.0_T0.0005_s2,0.1047900012982456,0.0,57,2,-0.21067090508771927
0.000711232118245614,1.9769519245614036,0.0005,0.00014278820824561406,0.5,10000.0,False,e0.5_k1.0e4_mu0.0_T0.0005_s3,0.11381786563157895,0.0,57,3,-0.22508950210526313
0.0007104557980701754,1.981261836842105,0.002,0.00041450022614035085,0.5,10000.0,False,e0.5_k1.0e4_mu0.0_T0.002_s1,0.10286638078947369,0.0,57,1,-0.20377678368421054
0.0007064671285964912,2.0038387228070174,0.002,0.0004079389482456141,0.5,10000.0,False,e0.5_k1.0e4_mu0.0_T0.002_s2,0.10169982542105263,0.0,57,2,-0.2038133040350877
0.000708004458245614,1.9950052385964911,0.002,0.0003994642629824562,0.5,10000.0,False,e0.5_k1.0e4_mu0.0_T0.002_s3,0.10796443342105264,0.0,57,3,-0.21541123929824557
0.0007076881554385965,1.9968637982456139,0.006,0.0011744942578947367,0.5,10000.0,False,e0.5_k1.0e4_mu0.0_T0.006_s1,0.0901161223508772,0.0,57,1,-0.17999064807017545
0.0007068203415789475,2.0018062350877193,0.006,0.0011684121649122806,0.5,10000.0,False,e0.5_k1.0e4_mu0.0_T0.006_s2,0.09590351478947366,0.0,57,2,-0.19198246561403512
0.0007081604805263158,1.994210692982456,0.006,0.0011791986421052633,0.5,10000.0,False,e0.5_k1.0e4_mu0.0_T0.006_s3,0.10537939871929825,0.0,57,3,-0.2102089040350877
0.0007071015426315791,2.000209543859649,0.015,0.003060196998245614,0.5,10000.0,False,e0.5_k1.0e4_mu0.0_T0.015_s1,0.08245282500000001,0.0,57,1,-0.16495967175438594
0.0007080029547368422,1.9950762754385964,0.015,0.003053625501754386,0.5,10000.0,False,e0.5_k1.0e4_mu0.0_T0.015_s2,0.0984262271754386,0.0,57,2,-0.19644094175438595
0.0007130814538596493,1.9668230649122806,0.015,0.0030637239157894737,0.5,10000.0,False,e0.5_k1.0e4_mu0.0_T0.015_s3,0.09208316877192983,0.0,57,3,-0.18109584912280702
0.000710621913859649,1.980718845614035,0.0005,5.900682022807018e-05,0.5,10000.0,False,e0.5_k1.0e4_mu0.1_T0.0005_s1,0.14988642245614037,0.1,57,1,-0.29690679315789476
0.0007057604263157896,2.0079567280701753,0.0005,5.564025126315789e-05,0.5,10000.0,False,e0.5_k1.0e4_mu0.1_T0.0005_s2,0.16074117666666665,0.1,57,2,-0.3228127212280702
0.0007156073166666668,1.9531494210526315,0.0005,5.801797603508771e-05,0.5,10000.0,False,e0.5_k1.0e4_mu0.1_T0.0005_s3,0.14663252087719297,0.1,57,3,-0.28644151052631583
0.0007094174254385966,1.987038152631579,0.002,0.00024549714894736845,0.5,10000.0,False,e0.5_k1.0e4_mu0.1_T0.002_s1,0.12674047877192982,0.1,57,1,-0.2518625415789474
0.0007127248066666667,1.9687213614035088,0.002,0.000247805074385965,0.5,10000.0,False,e0.5_k1.0e4_mu0.1_T0.002_s2,0.12507434157894737,0.1,57,2,-0.24626344210526316
0.0007116492345614035,1.9745837578947367,0.002,0.0002387736407017544,0.5,10000.0,False,e0.5_k1.0e4_mu0.1_T0.002_s3,0.11372914170175438,0.1,57,3,-0.2245942549122807
0.0007102438129824561,1.982480742105263,0.006,0.000871834421754386,0.5,10000.0,False,e0.5_k1.0e4_mu0.1_T0.006_s1,0.10969235831578948,0.1,57,1,-0.2175152663157895
0.000707122748245614,2.0000774350877193,0.006,0.0008759322526315789,0.5,10000.0,False,e0.5_k1.0e4_mu0.1_T0.006_s2,0.11846168340350878,0.1,57,2,-0.23701295807017547
0.0007117672038596491,1.9739931087719298,0.006,0.0008699241249122807,0.5,10000.0,False,e0.5_k1.0e4_mu0.1_T0.006_s3,0.11196965185964913,0.1,57,3,-0.22109580631578948
0.0007073047782456141,1.999000405263158,0.015,0.002606088845614035,0.5,10000.0,False,e0.5_k1.0e4_mu0.1_T0.015_s1,0.09131297536842106,0.1,57,1,-0.1824696248245614
0.0007120472861403508,1.9725436438596493,0.015,0.0026246214157894733,0.5,10000.0,False,e0.5_k1.0e4_mu0.1_T0.015_s2,0.0950391236140351,0.1,57,2,-0.18744823543859648
0.0007109633803508771,1.9785319929824563,0.015,0.0026048945228070177,0.5,10000.0,False,e0.5_k1.0e4_mu0.1_T0.015_s3,0.09493046,0.1,57,3,-0.18787077122807014
0.0007065688589473684,2.0033099,0.0005,6.065265928070175e-05,0.5,10000.0,False,e0.5_k1.0e4_mu0.3_T0.0005_s1,0.2446498964912281,0.3,57,1,-0.4903264589473684
0.0007156032150877193,1.9531683298245615,0.0005,6.210273389473683e-05,0.5,10000.0,False,e0.5_k1.0e4_mu0.3_T0.0005_s2,0.2373818303508772,0.3,57,2,-0.4636698866666667
0.000715794758245614,1.9519710578947367,0.0005,5.729412005263159e-05,0.5,10000.0,False,e0.5_k1.0e4_mu0.3_T0.0005_s3,0.24608079350877193,0.3,57,3,-0.48034328526315784
0.0007176445085964913,1.9421637719298246,0.002,0.0001932787692982456,0.5,10000.0,False,e0.5_k1.0e4_mu0.3_T0.002_s1,0.16785568859649122,0.3,57,1,-0.3267046264912281
0.000712425521403509,1.970747205263158,0.002,0.00019628793,0.5,10000.0,False,e0.5_k1.0e4_mu0.3_T0.002_s2,0.17869732298245614,0.3,57,2,-0.3526060329824561
0.0007097279578947369,1.9853213122807019,0.002,0.0001941597447368421,0.5,10000.0,False,e0.5_k1.0e4_mu0.3_T0.002_s3,0.19244116105263157,0.3,57,3,-0.3820420222807018
0.0007097986284210526,1.9849410824561402,0.006,0.0006220086977192983,0.5,10000.0,False,e0.5_k1.0e4_mu0.3_T0.006_s1,0.12019466280701756,0.3,57,1,-0.23861908192982456
0.0007070987859649123,2.0001736350877195,0.006,0.0006080525163157895,0.5,10000.0,False,e0.5_k1.0e4_mu0.3_T0.006_s2,0.12652139614035088,0.3,57,2,-0.25305053456140353
0.000712782680877193,1.968467652631579,0.006,0.0006289724984210527,0.5,10000.0,False,e0.5_k1.0e4_mu0.3_T0.006_s3,0.12052117298245614,0.3,57,3,-0.2373184947368421
0.0007077133319298246,1.996702503508772,0.015,0.00202364508245614,0.5,10000.0,False,e0.5_k1.0e4_mu0.3_T0.015_s1,0.09648352840350877,0.3,57,1,-0.19263185245614037
0.0007060800033333333,2.006021950877193,0.015,0.0020133106719298246,0.5,10000.0,False,e0.5_k1.0e4_mu0.3_T0.015_s2,0.09726924710526316,0.3,57,2,-0.1951534615789474
0.0007081000598245613,1.9945259947368421,0.015,0.0020308816157894737,0.5,10000.0,False,e0.5_k1.0e4_mu0.3_T0.015_s3,0.10819954766666665,0.3,57,3,-0.21587000947368423
0.0007080168542105263,1.995054150877193,0.0005,9.605022729824562e-05,0.5,10000.0,False,e0.5_k1.0e4_mu1.0_T0.0005_s1,0.283101460877193,1.0,57,1,-0.5650374933333333
0.0007111948417543859,1.9773933859649124,0.0005,8.840741594736844e-05,0.5,10000.0,False,e0.5_k1.0e4_mu1.0_T0.0005_s2,0.27191098789473683,1.0,57,2,-0.5380385273684211
0.000709166466491228,1.9885122,0.0005,9.202505680701755e-05,0.5,10000.0,False,e0.5_k1.0e4_mu1.0_T0.0005_s3,0.2901553029824561,1.0,57,3,-0.5770676975438596
0.000710776409122807,1.9794783192982455,0.002,0.0002598676692982456,0.5,10000.0,False,e0.5_k1.0e4_mu1.0_T0.002_s1,0.24824597578947372,1.0,57,1,-0.4914602242105263
0.000715738578245614,1.952231659649123,0.002,0.0002524386122807018,0.5,10000.0,False,e0.5_k1.0e4_mu1.0_T0.002_s2,0.2293054629824562,1.0,57,2,-0.44790439245614033
0.0007083081357894738,1.9934084561403507,0.002,0.00026009748017543857,0.5,10000.0,False,e0.5_k1.0e4_mu1.0_T0.002_s3,0.234373700877193,1.0,57,3,-0.46728782877192987
0.0007150713580701754,1.9557656789473685,0.006,0.0006234053378947368,0.5,10000.0,False,e0.5_k1.0e4_mu1.0_T0.006_s1,0.17470133807017546,1.0,57,1,-0.34168271947368417
0.0007169025166666666,1.9458449578947368,0.006,0.0006113555971929825,0.5,10000.0,False,e0.5_k1.0e4_mu1.0_T0.006_s2,0.1606151205263158,1.0,57,2,-0.31265696385964914
0.0007142070361403508,1.9605181315789473,0.006,0.0006226790236842105,0.5,10000.0,False,e0.5_k1.0e4_mu1.0_T0.006_s3,0.1598984812280702,1.0,57,3,-0.3136196924561403
0.000711727096140351,1.9743010754385966,0.015,0.0017269980947368423,0.5,10000.0,False,e0.5_k1.0e4_mu1.0_T0.015_s1,0.12483815049122808,1.0,57,1,-0.24654198614035086
0.0007151166012280702,1.9555774789473683,0.015,0.001744213850877193,0.5,10000.0,False,e0.5_k1.0e4_mu1.0_T0.015_s2,0.13067587998245617,1.0,57,2,-0.2556723621052632
0.0007131430771929824,1.9663948192982459,0.015,0.0017207990894736842,0.5,10000.0,False,e0.5_k1.0e4_mu1.0_T0.015_s3,0.12828484473684212,1.0,57,3,-0.25227042964912283
0.0007053703066666668,2.010014861403509,0.0005,0.00012364770105263156,0.5,10000.0,False,e0.5_k1.0e4_mu5.0_T0.0005_s1,0.2648332092982456,5.0,57,1,-0.5323290605263158
0.0006954199728070175,2.0679155614035087,0.0005,0.00012552665578947369,0.5,10000.0,False,e0.5_k1.0e4_mu5.0_T0.0005_s2,0.24377599824561405,5.0,57,2,-0.5042918640350877
0.0007090414742105263,1.9891490140350878,0.0005,0.00012336670491228073,0.5,10000.0,False,e0.5_k1.0e4_mu5.0_T0.0005_s3,0.251890448245614,5.0,57,3,-0.5009844315789473
0.00071314593,1.9663276596491228,0.002,0.0002995551866666667,0.5,10000.0,False,e0.5_k1.0e4_mu5.0_T0.002_s1,0.2229775107017544,5.0,57,1,-0.4384879807017544
0.0007077271671929823,1.9966229280701753,0.002,0.0003013025643859649,0.5,10000.0,False,e0.5_k1.0e4_mu5.0_T0.002_s2,0.2111180447368421,5.0,57,2,-0.42175473824561405
0.0007112842629824561,1.9767056842105264,0.002,0.0002980002915789473,0.5,10000.0,False,e0.5_k1.0e4_mu5.0_T0.002_s3,0.22968467192982456,5.0,57,3,-0.4541235428070175
0.0007157583178947369,1.9520140947368418,0.006,0.000638869866140351,0.5,10000.0,False,e0.5_k1.0e4_mu5.0_T0.006_s1,0.189874340877193,5.0,57,1,-0.37073231456140354
0.0007095651287719299,1.986347252631579,0.006,0.0006379339742105263,0.5,10000.0,False,e0.5_k1.0e4_mu5.0_T0.006_s2,0.18093503789473683,5.0,57,2,-0.35947322438596485
0.0007098918198245614,1.984463501754386,0.006,0.000651126791754386,0.5,10000.0,False,e0.5_k1.0e4_mu5.0_T0.006_s3,0.19276153350877195,5.0,57,3,-0.38259502666666667
0.0007134103903508771,1.9649848368421052,0.015,0.0014721749807017543,0.5,10000.0,False,e0.5_k1.0e4_mu5.0_T0.015_s1,0.13914962824561405,5.0,57,1,-0.27350834228070176
0.0007175687722807017,1.9422704280701755,0.015,0.001455668952631579,0.5,10000.0,False,e0.5_k1.0e4_mu5.0_T0.015_s2,0.14253596684210526,5.0,57,2,-0.276955911754386
0.000710372528245614,1.9817952596491226,0.015,0.001456012961403509,0.5,10000.0,False,e0.5_k1.0e4_mu5.0_T0.015_s3,0.14459694824561403,5.0,57,3,-0.2867745233333333
0.0007101362219298246,1.9832093333333334,0.0005,7.586939484210527e-05,0.5,100000.0,False,e0.5_k1.0e5_mu0.03_T0.0005_s1,0.1173695754385965,0.03,57,1,-0.2327593949122807
0.000709838669122807,1.9849420298245617,0.0005,7.79503116491228e-05,0.5,100000.0,False,e0.5_k1.0e5_mu0.03_T0.0005_s2,0.11746431852631578,0.03,57,2,-0.23318650631578944
0.0007090677340350877,1.9892234543859648,0.0005,7.52180777368421e-05,0.5,100000.0,False,e0.5_k1.0e5_mu0.03_T0.0005_s3,0.11768827263157894,0.03,57,3,-0.23404421982456142
0.0007090597940350877,1.9891436684210524,0.002,0.0002863654959649123,0.5,100000.0,False,e0.5_k1.0e5_mu0.03_T0.002_s1,0.11616629549122807,0.03,57,1,-0.23113173789473682
0.0007116124129824562,1.9748418350877195,0.002,0.0002822893407017544,0.5,100000.0,False,e0.5_k1.0e5_mu0.03_T0.002_s2,0.11679302259649123,0.03,57,2,-0.23070181140350876
0.0007052124010526315,2.01084849122807,0.002,0.00027634466368421054,0.5,100000.0,False,e0.5_k1.0e5_mu0.03_T0.002_s3,0.11387793917543859,0.03,57,3,-0.2290465249122807
0.0007082603585964911,1.9935820385964913,0.006,0.0009159443614035088,0.5,100000.0,False,e0.5_k1.0e5_mu0.03_T0.006_s1,0.10526214468421052,0.03,57,1,-0.2098066242105263
0.0007123271866666667,1.9709157701754385,0.006,0.0009271659696491228,0.5,100000.0,False,e0.5_k1.0e5_mu0.03_T0.006_s2,0.10997561771929826,0.03,57,2,-0.2167737335087719
0.0007094511142105264,1.9868721122807016,0.006,0.0009162709119298244,0.5,100000.0,False,e0.5_k1.0e5_mu0.03_T0.006_s3,0.10920646528070177,0.03,57,3,-0.21693212403508771
0.0007125073657894735,1.9699270070175439,0.015,0.0026059020807017545,0.5,100000.0,False,e0.5_k1.0e5_mu0.03_T0.015_s1,0.09906210515789474,0.03,57,1,-0.19520093684210524
0.0007088856819298245,1.9901389771929825,0.015,0.0026027459192982452,0.5,100000.0,False,e0.5_k1.0e5_mu0.03_T0.015_s2,0.08967264601754384,0.03,57,2,-0.17843582175438596
0.0007111752312280702,1.9773733228070176,0.015,0.002595833519298246,0.5,100000.0,False,e0.5_k1.0e5_mu0.03_T0.015_s3,0.09291703082456139,0.03,57,3,-0.1836582754385965
0.0007143630692982456,1.9597208719298245,0.0005,0.0001417252252631579,0.5,100000.0,False,e0.5_k1.0e5_mu0.0_T0.0005_s1,0.11415579947368422,0.0,57,1,-0.22373105771929824
0.0007054664470175439,2.009544692982456,0.0005,0.00013459028456140352,0.5,100000.0,False,e0.5_k1.0e5_mu0.0_T0.0005_s2,0.1047900012982456,0.0,57,2,-0.21067090508771927
0.000711232118245614,1.9769519245614036,0.0005,0.00014278820824561406,0.5,100000.0,False,e0.5_k1.0e5_mu0.0_T0.0005_s3,0.11381786563157895,0.0,57,3,-0.22508950210526313
0.0007104557980701754,1.981261836842105,0.002,0.00041450022614035085,0.5,100000.0,False,e0.5_k1.0e5_mu0.0_T0.002_s1,0.10286638078947369,0.0,57,1,-0.20377678368421054
0.0007064671285964912,2.0038387228070174,0.002,0.0004079389482456141,0.5,100000.0,False,e0.5_k1.0e5_mu0.0_T0.002_s2,0.10169982542105263,0.0,57,2,-0.2038133040350877
0.000708004458245614,1.9950052385964911,0.002,0.0003994642629824562,0.5,100000.0,False,e0.5_k1.0e5_mu0.0_T0.002_s3,0.10796443342105264,0.0,57,3,-0.21541123929824557
0.0007076881554385965,1.9968637982456139,0.006,0.0011744942578947367,0.5,100000.0,False,e0.5_k1.0e5_mu0.0_T0.006_s1,0.0901161223508772,0.0,57,1,-0.17999064807017545
0.0007068203415789475,2.0018062350877193,0.006,0.0011684121649122806,0.5,100000.0,False,e0.5_k1.0e5_mu0.0_T0.006_s2,0.09590351478947366,0.0,57,2,-0.19198246561403512
0.0007081604805263158,1.994210692982456,0.006,0.0011791986421052633,0.5,100000.0,False,e0.5_k1.0e5_mu0.0_T0.006_s3,0.10537939871929825,0.0,57,3,-0.2102089040350877
0.0007071015426315791,2.000209543859649,0.015,0.003060196998245614,0.5,100000.0,False,e0.5_k1.0e5_mu0.0_T0.015_s1,0.08245282500000001,0.0,57,1,-0.16495967175438594
0.0007080029547368422,1.9950762754385964,0.015,0.003053625501754386,0.5,100000.0,False,e0.5_k1.0e5_mu0.0_T0.015_s2,0.0984262271754386,0.0,57,2,-0.19644094175438595
0.0007130814538596493,1.9668230649122806,0.015,0.0030637239157894737,0.5,100000.0,False,e0.5_k1.0e5_mu0.0_T0.015_s3,0.09208316877192983,0.0,57,3,-0.18109584912280702
0.0007121162321052632,1.9722889087719297,0.0005,5.056814598245614e-05,0.5,100000.0,False,e0.5_k1.0e5_mu0.1_T0.0005_s1,0.16417014298245616,0.1,57,1,-0.3239249454385965
0.0007118221138596491,1.9737436701754385,0.0005,5.133249345614036e-05,0.5,100000.0,False,e0.5_k1.0e5_mu0.1_T0.0005_s2,0.16974999684210526,0.1,57,2,-0.3350130098245614
0.000715552316140351,1.9532838140350874,0.0005,4.8776511473684215e-05,0.5,100000.0,False,e0.5_k1.0e5_mu0.1_T0.0005_s3,0.17419065561403507,0.1,57,3,-0.34029954929824563
0.0007108944277192981,1.9788347280701752,0.002,0.00019019255807017544,0.5,100000.0,False,e0.5_k1.0e5_mu0.1_T0.002_s1,0.1267769107017544,0.1,57,1,-0.25090583754385964
0.0007107887361403509,1.9794251333333337,0.002,0.00019156874982456142,0.5,100000.0,False,e0.5_k1.0e5_mu0.1_T0.002_s2,0.12599873298245615,0.1,57,2,-0.24945250298245616
0.0007136857094736842,1.9633547859649123,0.002,0.00018785056,0.5,100000.0,False,e0.5_k1.0e5_mu0.1_T0.002_s3,0.1359571501754386,0.1,57,3,-0.26692796192982454
0.0007061275777192982,2.005673787719298,0.006,0.0006481657075438597,0.5,100000.0,False,e0.5_k1.0e5_mu0.1_T0.006_s1,0.12036800105263158,0.1,57,1,-0.24149533999999995
0.000709134172105263,1.9886814105263158,0.006,0.0006577416924561404,0.5,100000.0,False,e0.5_k1.0e5_mu0.1_T0.006_s2,0.131629751122807,0.1,57,2,-0.2617408184210526
0.0007057013208771931,2.0080661631578947,0.006,0.0006512270815789474,0.5,100000.0,False,e0.5_k1.0e5_mu0.1_T0.006_s3,0.11610121992982456,0.1,57,3,-0.2331827810526316
0.0007124802301754386,1.9700785105263159,0.015,0.0020217472333333335,0.5,100000.0,False,e0.5_k1.0e5_mu0.1_T0.015_s1,0.10684572422807018,0.1,57,1,-0.2104492507017544
0.00070602887,2.006316049122807,0.015,0.001985284394736842,0.5,100000.0,False,e0.5_k1.0e5_mu0.1_T0.015_s2,0.0976388916491228,0.1,57,2,-0.19594507929824564
0.0007054394287719298,2.0096011315789477,0.015,0.0019893376736842103,0.5,100000.0,False,e0.5_k1.0e5_mu0.1_T0.015_s3,0.10970251629824562,0.1,57,3,-0.2204666650877193
0.0007193544852631578,1.932666789473684,0.0005,5.877070538596492e-05,0.5,100000.0,False,e0.5_k1.0e5_mu0.3_T0.0005_s1,0.23830576824561403,0.3,57,1,-0.4605945592982456
0.0007135701059649122,1.964101545614035,0.0005,5.818450852631579e-05,0.5,100000.0,False,e0.5_k1.0e5_mu0.3_T0.0005_s2,0.2524834054385965,0.3,57,2,-0.4959576289473684
0.0007172972694736841,1.94387180877193,0.0005,5.612754361403509e-05,0.5,100000.0,False,e0.5_k1.0e5_mu0.3_T0.0005_s3,0.2577835059649123,0.3,57,3,-0.5013282957894737
0.000717750182631579,1.9411805280701755,0.002,0.0001827526049122807,0.5,100000.0,False,e0.5_k1.0e5_mu0.3_T0.002_s1,0.19166147315789475,0.3,57,1,-0.37199212754385963
0.0007187569233333334,1.935732863157895,0.002,0.00017915276017543862,0.5,100000.0,False,e0.5_k1.0e5_mu0.3_T0.002_s2,0.21378941035087717,0.3,57,2,-0.4138422363157894
0.0007147784284210527,1.9574582350877194,0.002,0.00018255462210526317,0.5,100000.0,False,e0.5_k1.0e5_mu0.3_T0.002_s3,0.20288523842105266,0.3,57,3,-0.39727962859649124
0.0007094529987719298,1.9868796245614038,0.006,0.0005171332192982456,0.5,100000.0,False,e0.5_k1.0e5_mu0.3_T0.006_s1,0.14568579526315792,0.3,57,1,-0.2896142584210527
0.0007141025924561402,1.9610893789473685,0.006,0.0005040856217543859,0.5,100000.0,False,e0.5_k1.0e5_mu0.3_T0.006_s2,0.15667950298245614,0.3,57,2,-0.3073132494736842
0.0007108602868421052,1.9790258578947366,0.006,0.0005125669689473684,0.5,100000.0,False,e0.5_k1.0e5_mu0.3_T0.006_s3,0.15163700754385967,0.3,57,3,-0.3001369103508772
0.0007111468270175438,1.9775490684210528,0.015,0.0014857197807017543,0.5,100000.0,False,e0.5_k1.0e5_mu0.3_T0.015_s1,0.11893313087719298,0.3,57,1,-0.23537145210526314
0.0007088898580701754,1.9901349210526313,0.015,0.0014681251999999999,0.5,100000.0,False,e0.5_k1.0e5_mu0.3_T0.015_s2,0.12796460228070175,0.3,57,2,-0.2547387519298246
0.000710942826140351,1.9786350368421053,0.015,0.001483423812280702,0.5,100000.0,False,e0.5_k1.0e5_mu0.3_T0.015_s3,0.11953119343859647,0.3,57,3,-0.23659543631578947
0.0007048358203508773,2.0129923614035086,0.0005,0.00011007001759649123,0.5,100000.0,False,e0.5_k1.0e5_mu1.0_T0.0005_s1,0.2660494912280702,1.0,57,1,-0.5355088824561404
0.0007077294101754385,1.9967040561403508,0.0005,0.00010777057064912281,0.5,100000.0,False,e0.5_k1.0e5_mu1.0_T0.0005_s2,0.2607843543859649,1.0,57,2,-0.5207803028070176
0.0007136062075438597,1.9639543403508772,0.0005,0.00010728105940350877,0.5,100000.0,False,e0.5_k1.0e5_mu1.0_T0.0005_s3,0.26079506824561405,1.0,57,3,-0.5122580838596491
0.0007112907271929825,1.9766192894736843,0.002,0.0002859738975438596,0.5,100000.0,False,e0.5_k1.0e5_mu1.0_T0.002_s1,0.24354851263157895,1.0,57,1,-0.4814632012280702
0.0007116487033333333,1.9746638771929825,0.002,0.0002897105256140351,0.5,100000.0,False,e0.5_k1.0e5_mu1.0_T0.002_s2,0.24023217035087718,1.0,57,2,-0.474565860877193
0.0007124957449122808,1.9699929631578947,0.002,0.00028193447666666666,0.5,100000.0,False,e0.5_k1.0e5_mu1.0_T0.002_s3,0.24043149280701756,1.0,57,3,-0.47381102824561405
0.000718758862631579,1.9361683245614036,0.006,0.0006282154589473684,0.5,100000.0,False,e0.5_k1.0e5_mu1.0_T0.006_s1,0.19813538456140353,1.0,57,1,-0.3844676938596491
0.0007147899905263158,1.9573340824561405,0.006,0.0006401978749122808,0.5,100000.0,False,e0.5_k1.0e5_mu1.0_T0.006_s2,0.20284710350877197,1.0,57,2,-0.39697726912280695
0.0007080645921052632,1.9949109333333335,0.006,0.0006285387650877193,0.5,100000.0,False,e0.5_k1.0e5_mu1.0_T0.006_s3,0.21507712035087723,1.0,57,3,-0.42914728228070176
0.0007153598319298244,1.9542897912280703,0.015,0.0014656428105263158,0.5,100000.0,False,e0.5_k1.0e5_mu1.0_T0.015_s1,0.1497222956140351,1.0,57,1,-0.2925355771929825
0.0007124864922807018,1.9700426263157895,0.015,0.0014422334789473683,0.5,100000.0,False,e0.5_k1.0e5_mu1.0_T0.015_s2,0.14911475526315784,1.0,57,2,-0.2938987312280702
0.0007109967326315789,1.9783656157894738,0.015,0.0014542090368421052,0.5,100000.0,False,e0.5_k1.0e5_mu1.0_T0.015_s3,0.15637161280701756,1.0,57,3,-0.309567748245614
0.0007117126300000001,1.9745644789473682,0.0005,0.00016313301368421057,0.5,100000.0,False,e0.5_k1.0e5_mu5.0_T0.0005_s1,0.2500715856140351,5.0,57,1,-0.49375986192982463
0.0007046803498245613,2.013911033333333,0.0005,0.00015344546631578947,0.5,100000.0,False,e0.5_k1.0e5_mu5.0_T0.0005_s2,0.2366406715789474,5.0,57,2,-0.47671228684210526
0.0007106146512280701,1.9805569228070177,0.0005,0.00015348024701754382,0.5,100000.0,False,e0.5_k1.0e5_mu5.0_T0.0005_s3,0.23067589263157895,5.0,57,3,-0.4571227085964912
0.0007183024863157895,1.9382818175438596,0.002,0.000365966510877193,0.5,100000.0,False,e0.5_k1.0e5_mu5.0_T0.002_s1,0.2338826598245614,5.0,57,1,-0.4534108314035088
0.000709939298245614,1.9841607140350879,0.002,0.0003597997701754386,0.5,100000.0,False,e0.5_k1.0e5_mu5.0_T0.002_s2,0.22863022035087718,5.0,57,2,-0.45383953824561407
0.0007121778810526316,1.9717482245614033,0.002,0.0003592312810526316,0.5,100000.0,False,e0.5_k1.0e5_mu5.0_T0.002_s3,0.24032351701754387,5.0,57,3,-0.4741130384210526
0.0007153097294736842,1.954521594736842,0.006,0.000778614268245614,0.5,100000.0,False,e0.5_k1.0e5_mu5.0_T0.006_s1,0.22004190508771926,5.0,57,1,-0.4300269038596492
0.0007183974319298245,1.937940001754386,0.006,0.000764141904385965,0.5,100000.0,False,e0.5_k1.0e5_mu5.0_T0.006_s2,0.195999660877193,5.0,57,2,-0.3802946092982456
0.0007212160554385966,1.922919005263158,0.006,0.0007808992001754386,0.5,100000.0,False,e0.5_k1.0e5_mu5.0_T0.006_s3,0.21052589280701756,5.0,57,3,-0.40534290105263154
0.0007138343531578946,1.962874443859649,0.015,0.0016097270999999999,0.5,100000.0,False,e0.5_k1.0e5_mu5.0_T0.015_s1,0.1700110792982456,5.0,57,1,-0.334137371754386
0.0007129940789473684,1.9674518578947369,0.015,0.0015836893385964912,0.5,100000.0,False,e0.5_k1.0e5_mu5.0_T0.015_s2,0.16894615771929825,5.0,57,2,-0.33289647333333333
0.0007186224259649122,1.936540738596491,0.015,0.0015793734035087718,0.5,100000.0,False,e0.5_k1.0e5_mu5.0_T0.015_s3,0.17292240999999997,5.0,57,3,-0.33495342052631577
0.0007128141105263156,1.9684308438596494,0.0005,0.0001147701317368421,0.5,3000.0,False,e0.5_k3.0e3_mu0.03_T0.0005_s1,0.11362842278947369,0.03,57,1,-0.2236096703508772
0.0007115403542105263,1.9754393526315788,0.0005,0.00011077081119298245,0.5,3000.0,False,e0.5_k3.0e3_mu0.03_T0.0005_s2,0.10828421001754385,0.03,57,2,-0.21388632824561402
0.0007135946631578947,1.9640570175438596,0.0005,0.00011612265980701755,0.5,3000.0,False,e0.5_k3.0e3_mu0.03_T0.0005_s3,0.10347128445614034,0.03,57,3,-0.2031961359649123
0.0007084787036842106,1.9923164245614033,0.002,0.0003788019636842105,0.5,3000.0,False,e0.5_k3.0e3_mu0.03_T0.002_s1,0.109730025122807,0.03,57,1,-0.21865230491228074
0.0007106578884210527,1.9801569684210525,0.002,0.00038333559561403515,0.5,3000.0,False,e0.5_k3.0e3_mu0.03_T0.002_s2,0.10506299970175438,0.03,57,2,-0.20805296122807015
0.0007100995838596491,1.9832366701754385,0.002,0.00038144593982456144,0.5,3000.0,False,e0.5_k3.0e3_mu0.03_T0.002_s3,0.11574831084210527,0.03,57,3,-0.2295314598245614
0.0007106064164912281,1.980422052631579,0.006,0.001141506550877193,0.5,3000.0,False,e0.5_k3.0e3_mu0.03_T0.006_s1,0.10672592256140351,0.03,57,1,-0.21133577964912278
0.0007102099003508772,1.982676410526316,0.006,0.001132192363157895,0.5,3000.0,False,e0.5_k3.0e3_mu0.03_T0.006_s2,0.10678045442105262,0.03,57,2,-0.21157508807017544
0.0007037655094736843,2.019207221052632,0.006,0.0011128867491228072,0.5,3000.0,False,e0.5_k3.0e3_mu0.03_T0.006_s3,0.09602541340350877,0.03,57,3,-0.19385810666666667
0.0007060774578947367,2.00607369122807,0.015,0.0029846770578947366,0.5,3000.0,False,e0.5_k3.0e3_mu0.03_T0.015_s1,0.07936352803508773,0.03,57,1,-0.15932287684210522
0.0007082124552631578,1.9939657649122806,0.015,0.003019732149122807,0.5,3000.0,False,e0.5_k3.0e3_mu0.03_T0.015_s2,0.08450300575438595,0.03,57,2,-0.16852308643859645
0.0007067445849122808,2.0023656228070177,0.015,0.0029679654526315793,0.5,3000.0,False,e0.5_k3.0e3_mu0.03_T0.015_s3,0.09731398352631579,0.03,57,3,-0.19496705771929823
0.0007143630692982456,1.9597208719298245,0.0005,0.0001417252252631579,0.5,3000.0,False,e0.5_k3.0e3_mu0.0_T0.0005_s1,0.11415579947368422,0.0,57,1,-0.22373105771929824
0.0007054664470175439,2.009544692982456,0.0005,0.00013459028456140352,0.5,3000.0,False,e0.5_k3.0e3_mu0.0_T0.0005_s2,0.1047900012982456,0.0,57,2,-0.21067090508771927
0.000711232118245614,1.9769519245614036,0.0005,0.00014278820824561406,0.5,3000.0,False,e0.5_k3.0e3_mu0.0_T0.0005_s3,0.11381786563157895,0.0,57,3,-0.22508950210526313
0.0007104557980701754,1.981261836842105,0.002,0.00041450022614035085,0.5,3000.0,False,e0.5_k3.0e3_mu0.0_T0.002_s1,0.10286638078947369,0.0,57,1,-0.20377678368421054
0.0007064671285964912,2.0038387228070174,0.002,0.0004079389482456141,0.5,3000.0,False,e0.5_k3.0e3_mu0.0_T0.002_s2,0.10169982542105263,0.0,57,2,-0.2038133040350877
0.000708004458245614,1.9950052385964911,0.002,0.0003994642629824562,0.5,3000.0,False,e0.5_k3.0e3_mu0.0_T0.002_s3,0.10796443342105264,0.0,57,3,-0.21541123929824557
0.0007076881554385965,1.9968637982456139,0.006,0.0011744942578947367,0.5,3000.0,False,e0.5_k3.0e3_mu0.0_T0.006_s1,0.0901161223508772,0.0,57,1,-0.17999064807017545
0.0007068203415789475,2.0018062350877193,0.006,0.0011684121649122806,0.5,3000.0,False,e0.5_k3.0e3_mu0.0_T0.006_s2,0.09590351478947366,0.0,57,2,-0.19198246561403512
0.0007081604805263158,1.994210692982456,0.006,0.0011791986421052633,0.5,3000.0,False,e0.5_k3.0e3_mu0.0_T0.006_s3,0.10537939871929825,0.0,57,3,-0.2102089040350877
0.0007071015426315791,2.000209543859649,0.015,0.003060196998245614,0.5,3000.0,False,e0.5_k3.0e3_mu0.0_T0.015_s1,0.08245282500000001,0.0,57,1,-0.16495967175438594
0.0007080029547368422,1.9950762754385964,0.015,0.003053625501754386,0.5,3000.0,False,e0.5_k3.0e3_mu0.0_T0.015_s2,0.0984262271754386,0.0,57,2,-0.19644094175438595
0.0007130814538596493,1.9668230649122806,0.015,0.0030637239157894737,0.5,3000.0,False,e0.5_k3.0e3_mu0.0_T0.015_s3,0.09208316877192983,0.0,57,3,-0.18109584912280702
0.0007063084140350877,2.0049417298245613,0.0005,6.1220668e-05,0.5,3000.0,False,e0.5_k3.0e3_mu0.1_T0.0005_s1,0.14626570175438597,0.1,57,1,-0.2934481398245614
0.0007104984645614034,1.9813060894736843,0.0005,6.146408392982456e-05,0.5,3000.0,False,e0.5_k3.0e3_mu0.1_T0.0005_s2,0.14418135403508772,0.1,57,2,-0.28573330298245614
0.0007068600071929826,2.0016549508771933,0.0005,6.179981887719299e-05,0.5,3000.0,False,e0.5_k3.0e3_mu0.1_T0.0005_s3,0.14779562508771932,0.1,57,3,-0.2958506575438596
0.0007092613075438597,1.9880703456140354,0.002,0.00027271631245614033,0.5,3000.0,False,e0.5_k3.0e3_mu0.1_T0.002_s1,0.11857081857894737,0.1,57,1,-0.2357978692982456
0.0007080715594736842,1.994609296491228,0.002,0.0002749397843859649,0.5,3000.0,False,e0.5_k3.0e3_mu0.1_T0.002_s2,0.10165163833333334,0.1,57,2,-0.20283344754385962
0.0007119934940350878,1.9727791192982456,0.002,0.0002675807412280702,0.5,3000.0,False,e0.5_k3.0e3_mu0.1_T0.002_s3,0.11362777980701753,0.1,57,3,-0.22425102333333333
0.0007101693736842104,1.9828891210526318,0.006,0.0009841171271929823,0.5,3000.0,False,e0.5_k3.0e3_mu0.1_T0.006_s1,0.10449586768421053,0.1,57,1,-0.2071862366666667
0.0007074906208771929,1.997962507017544,0.006,0.0009750402564912279,0.5,3000.0,False,e0.5_k3.0e3_mu0.1_T0.006_s2,0.10758896449122805,0.1,57,2,-0.21494361298245612
0.0007124803240350878,1.9700656596491224,0.006,0.0009873037877192981,0.5,3000.0,False,e0.5_k3.0e3_mu0.1_T0.006_s3,0.09967728550877193,0.1,57,3,-0.19629661350877192
0.0007113209085964912,1.9765228298245616,0.015,0.0028641443578947363,0.5,3000.0,False,e0.5_k3.0e3_mu0.1_T0.015_s1,0.08454503663157895,0.1,57,1,-0.16720527929824563
0.0007101004596491229,1.983483850877193,0.015,0.0028512860842105268,0.5,3000.0,False,e0.5_k3.0e3_mu0.1_T0.015_s2,0.08372784015789474,0.1,57,2,-0.1660958001754386
0.0007099358643859647,1.9842431175438595,0.015,0.002820177745614035,0.5,3000.0,False,e0.5_k3.0e3_mu0.1_T0.015_s3,0.08430809910526314,0.1,57,3,-0.16732908403508773
0.0007173128164912281,1.9437290543859649,0.0005,5.754236863157895e-05,0.5,3000.0,False,e0.5_k3.0e3_mu0.3_T0.0005_s1,0.23423598859649122,0.3,57,1,-0.4552800799999999
0.0007075801901754386,1.997585735087719,0.0005,5.7986139912280705e-05,0.5,3000.0,False,e0.5_k3.0e3_mu0.3_T0.0005_s2,0.23578327842105268,0.3,57,2,-0.4710491361403509
0.0007150869249122806,1.9558996894736844,0.0005,5.5657554228070175e-05,0.5,3000.0,False,e0.5_k3.0e3_mu0.3_T0.0005_s3,0.24780480438596494,0.3,57,3,-0.4847673857894737
0.0007151265724561404,1.9556055824561405,0.002,0.0002016802496491228,0.5,3000.0,False,e0.5_k3.0e3_mu0.3_T0.002_s1,0.15897951842105262,0.3,57,1,-0.3110165028070176
0.0007063778294736842,2.004377389473684,0.002,0.00019763976192982457,0.5,3000.0,False,e0.5_k3.0e3_mu0.3_T0.002_s2,0.17108010649122807,0.3,57,2,-0.34290869982456135
0.0007070424803508772,2.000393359649123,0.002,0.00019887098929824562,0.5,3000.0,False,e0.5_k3.0e3_mu0.3_T0.002_s3,0.15599635210526314,0.3,57,3,-0.3120636777192982
0.000711674309122807,1.9745404912280704,0.006,0.0007372535743859649,0.5,3000.0,False,e0.5_k3.0e3_mu0.3_T0.006_s1,0.111770421,0.3,57,1,-0.22068143368421056
0.000706782169122807,2.00190988245614,0.006,0.0007383068629824562,0.5,3000.0,False,e0.5_k3.0e3_mu0.3_T0.006_s2,0.11049563301754387,0.3,57,2,-0.22119243438596492
0.0007117965545614035,1.9738246842105263,0.006,0.0007436829859649123,0.5,3000.0,False,e0.5_k3.0e3_mu0.3_T0.006_s3,0.12062106857894736,0.3,57,3,-0.23807981771929826
0.0007117656515789473,1.974111840350877,0.015,0.0026765336964912276,0.5,3000.0,False,e0.5_k3.0e3_mu0.3_T0.015_s1,0.08946999640350876,0.3,57,1,-0.17675408989473687
0.0007069655401754387,2.0009725754385963,0.015,0.002685966128070176,0.5,3000.0,False,e0.5_k3.0e3_mu0.3_T0.015_s2,0.09388617033333334,0.3,57,2,-0.18785679684210527
0.0007116681650877193,1.97476149122807,0.015,0.0027014545929824564,0.5,3000.0,False,e0.5_k3.0e3_mu0.3_T0.015_s3,0.0909252581754386,0.3,57,3,-0.17956323894736842
0.0007159249191228071,1.9518584561403507,0.0005,0.003571693031228071,0.5,3000.0,False,e0.5_k3.0e3_mu1.0_T0.0005_s1,0.18695826440350877,1.0,57,1,-0.3644173554385965
0.000717352243859649,1.943835852631579,0.0005,0.0014063045375438596,0.5,3000.0,False,e0.5_k3.0e3_mu1.0_T0.0005_s2,0.21347476280701758,1.0,57,2,-0.4145230338596491
0.0007140198094736841,1.962256849122807,0.0005,0.0070234754614035095,0.5,3000.0,False,e0.5_k3.0e3_mu1.0_T0.0005_s3,0.1632120896631579,1.0,57,3,-0.31989747889473685
0.000711043167017544,1.9803351175438597,0.002,0.01236450197368421,0.5,3000.0,False,e0.5_k3.0e3_mu1.0_T0.002_s1,0.08994504282456141,1.0,57,1,-0.17728097594736844
0.0007144466885964911,1.961350040350877,0.002,0.016440893121052628,0.5,3000.0,False,e0.5_k3.0e3_mu1.0_T0.002_s2,0.06026879254912281,1.0,57,2,-0.11488283728070176
0.0007121606368421053,1.974464945614035,0.002,0.011408252654385963,0.5,3000.0,False,e0.5_k3.0e3_mu1.0_T0.002_s3,0.08456334915789473,1.0,57,3,-0.1662315050877193
0.0007049428771929826,2.018706903508772,0.006,0.07850888492982457,0.5,3000.0,False,e0.5_k3.0e3_mu1.0_T0.006_s1,0.04940629687701754,1.0,57,1,0.02945901604754386
0.0007055011166666665,2.0143372403508772,0.006,0.07622774414035087,0.5,3000.0,False,e0.5_k3.0e3_mu1.0_T0.006_s2,0.053305449547719305,1.0,57,2,-0.01199078549175439
0.0007036986414035089,2.024971859649123,0.006,0.07507773119298246,0.5,3000.0,False,e0.5_k3.0e3_mu1.0_T0.006_s3,0.0463171699368421,1.0,57,3,0.0018042171368421057
0.0007082239243859649,1.998571947368421,0.015,0.07067810384210527,0.5,3000.0,False,e0.5_k3.0e3_mu1.0_T0.015_s1,0.0486954313177193,1.0,57,1,-0.007340822057894736
0.0007073907661403508,2.0024931,0.015,0.07005956849122807,0.5,3000.0,False,e0.5_k3.0e3_mu1.0_T0.015_s2,0.04353070202807017,1.0,57,2,0.011190427070175434
0.0007072356175438597,2.0030008807017543,0.015,0.06725855942105263,0.5,3000.0,False,e0.5_k3.0e3_mu1.0_T0.015_s3,0.04365666947442106,1.0,57,3,0.0034745725710526314
0.0007258732847368421,1.8993102877192982,0.0005,0.026155318907192984,0.5,3000.0,False,e0.5_k3.0e3_mu5.0_T0.0005_s1,0.1377206691631579,5.0,57,1,-0.25615126068070176
0.0007274534570175438,1.8993129122807015,0.0005,0.020237713773859647,0.5,3000.0,False,e0.5_k3.0e3_mu5.0_T0.0005_s2,0.12103509129824562,5.0,57,2,-0.2161192080877193
0.0007292574652631579,1.890590694736842,0.0005,0.020038175521578952,0.5,3000.0,False,e0.5_k3.0e3_mu5.0_T0.0005_s3,0.12940341061403507,5.0,57,3,-0.23033466582456139
0.0007311139766666667,1.8806344456140351,0.002,0.03633436429824561,0.5,3000.0,False,e0.5_k3.0e3_mu5.0_T0.002_s1,0.14083914150877191,5.0,57,1,-0.25002164192982457
0.000704568546140351,2.014610907017544,0.002,0.0002540279585964912,0.5,3000.0,False,e0.5_k3.0e3_mu5.0_T0.002_s2,0.23449505350877195,5.0,57,2,-0.47260053807017544
0.0007174507998245613,1.942877815789474,0.002,0.0002492505259649123,0.5,3000.0,False,e0.5_k3.0e3_mu5.0_T0.002_s3,0.2214876707017544,5.0,57,3,-0.4306949459649123
0.000710506673508772,1.9810121894736843,0.006,0.0005951886031578948,0.5,3000.0,False,e0.5_k3.0e3_mu5.0_T0.006_s1,0.17185765842105263,5.0,57,1,-0.34055679754385965
0.0007105152038596491,1.9810079,0.006,0.0005792809894736841,0.5,3000.0,False,e0.5_k3.0e3_mu5.0_T0.006_s2,0.17201428771929822,5.0,57,2,-0.3411438112280702
0.0007194139931578947,1.9322128719298246,0.006,0.0005965713603508772,0.5,3000.0,False,e0.5_k3.0e3_mu5.0_T0.006_s3,0.15058151350877194,5.0,57,3,-0.290978202631579
0.0007055041117543859,2.009238484210526,0.015,0.0015482499649122807,0.5,3000.0,False,e0.5_k3.0e3_mu5.0_T0.015_s1,0.1185478163508772,5.0,57,1,-0.23822630192982458
0.0007090511343859649,1.9892070789473686,0.015,0.001584582045614035,0.5,3000.0,False,e0.5_k3.0e3_mu5.0_T0.015_s2,0.12105234873684212,5.0,57,2,-0.24081473842105264
0.0007092682914035087,1.9880045614035085,0.015,0.001565282847368421,0.5,3000.0,False,e0.5_k3.0e3_mu5.0_T0.015_s3,0.13193631084210525,5.0,57,3,-0.262405918245614
0.0007071122314035089,2.0002600192982456,0.0005,8.515631021052632e-05,0.5,30000.0,False,e0.5_k3.0e4_mu0.03_T0.0005_s1,0.12301046736842106,0.03,57,1,-0.2460739654385965
0.0007073775205263158,1.998751012280702,0.0005,8.316719214035087e-05,0.5,30000.0,False,e0.5_k3.0e4_mu0.03_T0.0005_s2,0.12256389859649124,0.03,57,2,-0.24499778192982455
0.0007110337580701756,1.9782070771929823,0.0005,8.584888694736842e-05,0.5,30000.0,False,e0.5_k3.0e4_mu0.03_T0.0005_s3,0.12088100533333333,0.03,57,3,-0.23908672175438594
0.0007136387019298245,1.963618750877193,0.002,0.00032122253473684207,0.5,30000.0,False,e0.5_k3.0e4_mu0.03_T0.002_s1,0.11591658128070176,0.03,57,1,-0.22769578789473685
0.0007089043447368422,1.9899261017543861,0.002,0.0003231053143859649,0.5,30000.0,False,e0.5_k3.0e4_mu0.03_T0.002_s2,0.11220945194736844,0.03,57,2,-0.22322527228070177
0.000708564307368421,1.9918907315789476,0.002,0.0003188232492982456,0.5,30000.0,False,e0.5_k3.0e4_mu0.03_T0.002_s3,0.10559882684210525,0.03,57,3,-0.21040871315789472
0.0007106523857894738,1.9803474824561405,0.006,0.001024061118245614,0.5,30000.0,False,e0.5_k3.0e4_mu0.03_T0.006_s1,0.10341840836842105,0.03,57,1,-0.2049745343859649
0.0007091758692982456,1.9884232754385964,0.006,0.001013567525263158,0.5,30000.0,False,e0.5_k3.0e4_mu0.03_T0.006_s2,0.10097393978947368,0.03,57,2,-0.20080060684210527
0.0007135903042105263,1.9639240070175437,0.006,0.0010195998663157894,0.5,30000.0,False,e0.5_k3.0e4_mu0.03_T0.006_s3,0.10372161592982454,0.03,57,3,-0.20372732807017546
0.0007091787042105262,1.9885689736842105,0.015,0.0028037794754385966,0.5,30000.0,False,e0.5_k3.0e4_mu0.03_T0.015_s1,0.09895826684210528,0.03,57,1,-0.19672919175438597
0.0007067642970175439,2.002118545614035,0.015,0.002762348322807017,0.5,30000.0,False,e0.5_k3.0e4_mu0.03_T0.015_s2,0.0880618303859649,0.03,57,2,-0.17634487736842105
0.0007102577514035088,1.982539847368421,0.015,0.0028077515035087714,0.5,30000.0,False,e0.5_k3.0e4_mu0.03_T0.015_s3,0.09381516028070178,0.03,57,3,-0.18604204666666666
0.0007143630692982456,1.9597208719298245,0.0005,0.0001417252252631579,0.5,30000.0,False,e0.5_k3.0e4_mu0.0_T0.0005_s1,0.11415579947368422,0.0,57,1,-0.22373105771929824
0.0007054664470175439,2.009544692982456,0.0005,0.00013459028456140352,0.5,30000.0,False,e0.5_k3.0e4_mu0.0_T0.0005_s2,0.1047900012982456,0.0,57,2,-0.21067090508771927
0.000711232118245614,1.9769519245614036,0.0005,0.00014278820824561406,0.5,30000.0,False,e0.5_k3.0e4_mu0.0_T0.0005_s3,0.11381786563157895,0.0,57,3,-0.22508950210526313
0.0007104557980701754,1.981261836842105,0.002,0.00041450022614035085,0.5,30000.0,False,e0.5_k3.0e4_mu0.0_T0.002_s1,0.10286638078947369,0.0,57,1,-0.20377678368421054
0.0007064671285964912,2.0038387228070174,0.002,0.0004079389482456141,0.5,30000.0,False,e0.5_k3.0e4_mu0.0_T0.002_s2,0.10169982542105263,0.0,57,2,-0.2038133040350877
0.000708004458245614,1.9950052385964911,0.002,0.0003994642629824562,0.5,30000.0,False,e0.5_k3.0e4_mu0.0_T0.002_s3,0.10796443342105264,0.0,57,3,-0.21541123929824557
0.0007076881554385965,1.9968637982456139,0.006,0.0011744942578947367,0.5,30000.0,False,e0.5_k3.0e4_mu0.0_T0.006_s1,0.0901161223508772,0.0,57,1,-0.17999064807017545
0.0007068203415789475,2.0018062350877193,0.006,0.0011684121649122806,0.5,30000.0,False,e0.5_k3.0e4_mu0.0_T0.006_s2,0.09590351478947366,0.0,57,2,-0.19198246561403512
0.0007081604805263158,1.994210692982456,0.006,0.0011791986421052633,0.5,30000.0,False,e0.5_k3.0e4_mu0.0_T0.006_s3,0.10537939871929825,0.0,57,3,-0.2102089040350877
0.0007071015426315791,2.000209543859649,0.015,0.003060196998245614,0.5,30000.0,False,e0.5_k3.0e4_mu0.0_T0.015_s1,0.08245282500000001,0.0,57,1,-0.16495967175438594
0.0007080029547368422,1.9950762754385964,0.015,0.003053625501754386,0.5,30000.0,False,e0.5_k3.0e4_mu0.0_T0.015_s2,0.0984262271754386,0.0,57,2,-0.19644094175438595
0.0007130814538596493,1.9668230649122806,0.015,0.0030637239157894737,0.5,30000.0,False,e0.5_k3.0e4_mu0.0_T0.015_s3,0.09208316877192983,0.0,57,3,-0.18109584912280702
0.0007099937580701753,1.9839790999999998,0.0005,5.298498773684211e-05,0.5,30000.0,False,e0.5_k3.0e4_mu0.1_T0.0005_s1,0.16753140614035086,0.1,57,1,-0.3324057175438597
0.000714073739122807,1.9613827824561405,0.0005,5.433023492982455e-05,0.5,30000.0,False,e0.5_k3.0e4_mu0.1_T0.0005_s2,0.15226720192982457,0.1,57,2,-0.29865853280701754
0.0007116399980701754,1.9748270368421053,0.0005,5.50536419122807e-05,0.5,30000.0,False,e0.5_k3.0e4_mu0.1_T0.0005_s3,0.15995627754385966,0.1,57,3,-0.3158966629824562
0.0007061677601754385,2.0055947561403507,0.002,0.0002074194852631579,0.5,30000.0,False,e0.5_k3.0e4_mu0.1_T0.002_s1,0.12951310087719298,0.1,57,1,-0.2599539247368421
0.0007110418696491228,1.9779685842105266,0.002,0.0002097807942105263,0.5,30000.0,False,e0.5_k3.0e4_mu0.1_T0.002_s2,0.11194956700000001,0.1,57,2,-0.22141936228070178
0.0007103262385964913,1.9819707421052633,0.002,0.0002114557556140351,0.5,30000.0,False,e0.5_k3.0e4_mu0.1_T0.002_s3,0.121953429122807,0.1,57,3,-0.24167883157894737
0.0007126879566666667,1.9688667105263158,0.006,0.0007560730975438597,0.5,30000.0,False,e0.5_k3.0e4_mu0.1_T0.006_s1,0.11342272703508771,0.1,57,1,-0.22330168280701754
0.0007110758980701753,1.9778119842105262,0.006,0.0007446480854385965,0.5,30000.0,False,e0.5_k3.0e4_mu0.1_T0.006_s2,0.10489925338596491,0.1,57,2,-0.20748783929824563
0.0007087233610526314,1.9909667,0.006,0.0007493724980701753,0.5,30000.0,False,e0.5_k3.0e4_mu0.1_T0.006_s3,0.1006337917894737,0.1,57,3,-0.20039911666666663
0.0007056005850877193,2.008726896491228,0.015,0.002253565814035088,0.5,30000.0,False,e0.5_k3.0e4_mu0.1_T0.015_s1,0.09715309380701753,0.1,57,1,-0.19519125701754386
0.000710884210877193,1.9790457070175438,0.015,0.0022990246087719306,0.5,30000.0,False,e0.5_k3.0e4_mu0.1_T0.015_s2,0.09323276412280701,0.1,57,2,-0.1845276538596491
0.000710150615614035,1.9830511771929822,0.015,0.0022779250859649124,0.5,30000.0,False,e0.5_k3.0e4_mu0.1_T0.015_s3,0.09454056801754386,0.1,57,3,-0.18745548052631578
0.0007171606021052631,1.9444848403508772,0.0005,6.13435349122807e-05,0.5,30000.0,False,e0.5_k3.0e4_mu0.3_T0.0005_s1,0.23472114543859646,0.3,57,1,-0.45631516333333333
0.0007072564471929825,1.9996360456140352,0.0005,5.896823575438596e-05,0.5,30000.0,False,e0.5_k3.0e4_mu0.3_T0.0005_s2,0.2569116222807018,0.3,57,2,-0.5140617075438596
0.000713855235614035,1.96308599122807,0.0005,6.370418484210526e-05,0.5,30000.0,False,e0.5_k3.0e4_mu0.3_T0.0005_s3,0.2373432505263158,0.3,57,3,-0.4662603610526316
0.0007152188280701754,1.9549759456140354,0.002,0.00018777519421052632,0.5,30000.0,False,e0.5_k3.0e4_mu0.3_T0.002_s1,0.1794006587719298,0.3,57,1,-0.3509107128070175
0.0007087543843859648,1.9907900947368422,0.002,0.00019039191842105263,0.5,30000.0,False,e0.5_k3.0e4_mu0.3_T0.002_s2,0.20386982684210528,0.3,57,2,-0.40584754438596493
0.0007145776452631578,1.9584786859649121,0.002,0.00019186829000000002,0.5,30000.0,False,e0.5_k3.0e4_mu0.3_T0.002_s3,0.17855891403508772,0.3,57,3,-0.349694080877193
0.000717241273859649,1.9439654175438599,0.006,0.0005570484440350878,0.5,30000.0,False,e0.5_k3.0e4_mu0.3_T0.006_s1,0.13724532719298246,0.3,57,1,-0.2669102349122807
0.0007137328512280703,1.9631046105263157,0.006,0.0005534771235087719,0.5,30000.0,False,e0.5_k3.0e4_mu0.3_T0.006_s2,0.14256175245614036,0.3,57,2,-0.2799802957894737
0.0007082415210526317,1.993710901754386,0.006,0.0005412737235087719,0.5,30000.0,False,e0.5_k3.0e4_mu0.3_T0.006_s3,0.13974521877192983,0.3,57,3,-0.2787827850877193
0.0007163260940350878,1.9490056491228067,0.015,0.0017019389333333332,0.5,30000.0,False,e0.5_k3.0e4_mu0.3_T0.015_s1,0.1157723270877193,0.3,57,1,-0.22558932491228068
0.0007076640233333333,1.9970289631578948,0.015,0.0016688228385964914,0.5,30000.0,False,e0.5_k3.0e4_mu0.3_T0.015_s2,0.1207371385263158,0.3,57,2,-0.24111381192982456
0.0007100908056140351,1.9835112526315788,0.015,0.0016880180614035087,0.5,30000.0,False,e0.5_k3.0e4_mu0.3_T0.015_s3,0.12138532154385966,0.3,57,3,-0.24088468666666663
0.0007046324363157894,2.0142104701754384,0.0005,0.00010555438410526315,0.5,30000.0,False,e0.5_k3.0e4_mu1.0_T0.0005_s1,0.2750253968421053,1.0,57,1,-0.553989243508772
0.0007036216601754386,2.0202597263157895,0.0005,0.00010590971745614035,0.5,30000.0,False,e0.5_k3.0e4_mu1.0_T0.0005_s2,0.2556883670175439,1.0,57,2,-0.5167735084210526
0.0007139670250877194,1.9618967333333335,0.0005,9.939194970175438e-05,0.5,30000.0,False,e0.5_k3.0e4_mu1.0_T0.0005_s3,0.2837254149122807,1.0,57,3,-0.5567071949122807
0.000707164233508772,1.9998721929824566,0.002,0.0002763428114035088,0.5,30000.0,False,e0.5_k3.0e4_mu1.0_T0.002_s1,0.2529411103508772,1.0,57,1,-0.5058893003508772
0.0007093627473684211,1.987363405263158,0.002,0.00027373530192982456,0.5,30000.0,False,e0.5_k3.0e4_mu1.0_T0.002_s2,0.24343167894736842,1.0,57,2,-0.48382376964912277
0.0007154892650877193,1.9536904175438596,0.002,0.00026653508614035086,0.5,30000.0,False,e0.5_k3.0e4_mu1.0_T0.002_s3,0.24283462298245617,1.0,57,3,-0.47471868649122806
0.0007051307312280703,2.0115624631578948,0.006,0.0006131991692982456,0.5,30000.0,False,e0.5_k3.0e4_mu1.0_T0.006_s1,0.2077830142105263,1.0,57,1,-0.41811751666666663
0.0007138580975438596,1.962443454385965,0.006,0.0006220220517543858,0.5,30000.0,False,e0.5_k3.0e4_mu1.0_T0.006_s2,0.1877162192982456,1.0,57,2,-0.3684189250877193
0.0007189339185964913,1.9348654736842106,0.006,0.0006244278973684209,0.5,30000.0,False,e0.5_k3.0e4_mu1.0_T0.006_s3,0.1859768959649123,1.0,57,3,-0.360001640877193
0.000709581947017544,1.9861972263157894,0.015,0.0014845722175438596,0.5,30000.0,False,e0.5_k3.0e4_mu1.0_T0.015_s1,0.13321204,1.0,57,1,-0.2645738710526315
0.0007076765021052633,1.9970511631578944,0.015,0.0014944196245614035,0.5,30000.0,False,e0.5_k3.0e4_mu1.0_T0.015_s2,0.1418364742105263,1.0,57,2,-0.2833183054385965
0.0007164875819298246,1.948059,0.015,0.0015018092578947368,0.5,30000.0,False,e0.5_k3.0e4_mu1.0_T0.015_s3,0.14829697807017544,1.0,57,3,-0.28888614368421056
0.0007123819114035089,1.9706021385964911,0.0005,0.00013631201245614035,0.5,30000.0,False,e0.5_k3.0e4_mu5.0_T0.0005_s1,0.23885575210526314,5.0,57,1,-0.4707047370175438
0.0007055126671929825,2.0093555736842106,0.0005,0.00014441340263157893,0.5,30000.0,False,e0.5_k3.0e4_mu5.0_T0.0005_s2,0.23773073842105263,5.0,57,2,-0.47831182508771924
0.0007104314601754386,1.9814600298245615,0.0005,0.00014843365596491228,0.5,30000.0,False,e0.5_k3.0e4_mu5.0_T0.0005_s3,0.2248512233333333,5.0,57,3,-0.4453950882456141
0.0007155963945614034,1.9529550859649125,0.002,0.0003478522294736842,0.5,30000.0,False,e0.5_k3.0e4_mu5.0_T0.002_s1,0.21323074719298243,5.0,57,1,-0.4165102556140351
0.0007130750068421052,1.96690349122807,0.002,0.000336815391754386,0.5,30000.0,False,e0.5_k3.0e4_mu5.0_T0.002_s2,0.22213622280701756,5.0,57,2,-0.4371693512280702
0.000717149370877193,1.9446881070175437,0.002,0.00033174426701754385,0.5,30000.0,False,e0.5_k3.0e4_mu5.0_T0.002_s3,0.22609370754385966,5.0,57,3,-0.44012521596491233
0.0007057227515789474,2.0083515701754386,0.006,0.0007050102610526315,0.5,30000.0,False,e0.5_k3.0e4_mu5.0_T0.006_s1,0.19564299824561404,5.0,57,1,-0.39340686719298246
0.0007103977380701753,1.9817131736842106,0.006,0.0007259839080701754,0.5,30000.0,False,e0.5_k3.0e4_mu5.0_T0.006_s2,0.19253885350877192,5.0,57,2,-0.3817454163157895
0.0007168859175438596,1.9459070421052633,0.006,0.0007271224989473683,0.5,30000.0,False,e0.5_k3.0e4_mu5.0_T0.006_s3,0.1889557054385965,5.0,57,3,-0.36773156736842105
0.0007053838247368422,2.009925754385965,0.015,0.0014727146631578945,0.5,30000.0,False,e0.5_k3.0e4_mu5.0_T0.015_s1,0.16544646999999998,5.0,57,1,-0.33257602912280704
0.0007119336224561404,1.973181643859649,0.015,0.0015001151736842107,0.5,30000.0,False,e0.5_k3.0e4_mu5.0_T0.015_s2,0.15557618298245612,5.0,57,2,-0.3070823003508772
0.0007125311514035088,1.969956212280702,0.015,0.0014990196578947368,0.5,30000.0,False,e0.5_k3.0e4_mu5.0_T0.015_s3,0.1528453501754386,5.0,57,3,-0.30127745649122806
0.0007076840136842106,1.996994436842105,0.0005,7.046525692982457e-05,0.5,300000.0,False,e0.5_k3.0e5_mu0.03_T0.0005_s1,0.12822076649122807,0.03,57,1,-0.2561292254385965
0.0007059895712280701,2.006591261403509,0.0005,6.71383134385965e-05,0.5,300000.0,False,e0.5_k3.0e5_mu0.03_T0.0005_s2,0.11719724228070176,0.03,57,2,-0.23514990263157895
0.0007093135494736842,1.9877670385964914,0.0005,7.057548664912281e-05,0.5,300000.0,False,e0.5_k3.0e5_mu0.03_T0.0005_s3,0.12227523754385965,0.03,57,3,-0.24304099719298247
0.000706850812631579,2.0015029666666666,0.002,0.000265354029122807,0.5,300000.0,False,e0.5_k3.0e5_mu0.03_T0.002_s1,0.1208303949122807,0.03,57,1,-0.24184575649122808
0.0007103924954385964,1.9815884947368418,0.002,0.0002657082168421053,0.5,300000.0,False,e0.5_k3.0e5_mu0.03_T0.002_s2,0.10860284091228072,0.03,57,2,-0.21522632947368422
0.0007055169729824562,2.009082794736842,0.002,0.0002648588401754386,0.5,300000.0,False,e0.5_k3.0e5_mu0.03_T0.002_s3,0.12389760508771931,0.03,57,3,-0.2489729636842105
0.0007092525654385964,1.98798699122807,0.006,0.0008717239812280701,0.5,300000.0,False,e0.5_k3.0e5_mu0.03_T0.006_s1,0.1158033856140351,0.03,57,1,-0.23021381298245613
0.0007174775868421052,1.9426681245614035,0.006,0.0008911836675438596,0.5,300000.0,False,e0.5_k3.0e5_mu0.03_T0.006_s2,0.09264866284210527,0.03,57,2,-0.18003153824561405
0.0007109126901754386,1.9788430122807017,0.006,0.0008764620531578946,0.5,300000.0,False,e0.5_k3.0e5_mu0.03_T0.006_s3,0.12280026307017544,0.03,57,3,-0.243136758245614
0.000704270659122807,2.0163095754385965,0.015,0.0024999201736842103,0.5,300000.0,False,e0.5_k3.0e5_mu0.03_T0.015_s1,0.0978288675614035,0.03,57,1,-0.1972630356140351
0.0007077300112280701,1.9966493719298246,0.015,0.0025117867614035086,0.5,300000.0,False,e0.5_k3.0e5_mu0.03_T0.015_s2,0.0839612567368421,0.03,57,2,-0.1676917106491228
0.0007109590596491228,1.9786889122807019,0.015,0.002521717550877193,0.5,300000.0,False,e0.5_k3.0e5_mu0.03_T0.015_s3,0.09110516580701754,0.03,57,3,-0.18024575807017543
0.0007143630692982456,1.9597208719298245,0.0005,0.0001417252252631579,0.5,300000.0,False,e0.5_k3.0e5_mu0.0_T0.0005_s1,0.11415579947368422,0.0,57,1,-0.22373105771929824
0.0007054664470175439,2.009544692982456,0.0005,0.00013459028456140352,0.5,300000.0,False,e0.5_k3.0e5_mu0.0_T0.0005_s2,0.1047900012982456,0.0,57,2,-0.21067090508771927
0.000711232118245614,1.9769519245614036,0.0005,0.00014278820824561406,0.5,300000.0,False,e0.5_k3.0e5_mu0.0_T0.0005_s3,0.11381786563157895,0.0,57,3,-0.22508950210526313
0.0007104557980701754,1.981261836842105,0.002,0.00041450022614035085,0.5,300000.0,False,e0.5_k3.0e5_mu0.0_T0.002_s1,0.10286638078947369,0.0,57,1,-0.20377678368421054
0.0007064671285964912,2.0038387228070174,0.002,0.0004079389482456141,0.5,300000.0,False,e0.5_k3.0e5_mu0.0_T0.002_s2,0.10169982542105263,0.0,57,2,-0.2038133040350877
0.000708004458245614,1.9950052385964911,0.002,0.0003994642629824562,0.5,300000.0,False,e0.5_k3.0e5_mu0.0_T0.002_s3,0.10796443342105264,0.0,57,3,-0.21541123929824557
0.0007076881554385965,1.9968637982456139,0.006,0.0011744942578947367,0.5,300000.0,False,e0.5_k3.0e5_mu0.0_T0.006_s1,0.0901161223508772,0.0,57,1,-0.17999064807017545
0.0007068203415789475,2.0018062350877193,0.006,0.0011684121649122806,0.5,300000.0,False,e0.5_k3.0e5_mu0.0_T0.006_s2,0.09590351478947366,0.0,57,2,-0.19198246561403512
0.0007081604805263158,1.994210692982456,0.006,0.0011791986421052633,0.5,300000.0,False,e0.5_k3.0e5_mu0.0_T0.006_s3,0.10537939871929825,0.0,57,3,-0.2102089040350877
0.0007071015426315791,2.000209543859649,0.015,0.003060196998245614,0.5,300000.0,False,e0.5_k3.0e5_mu0.0_T0.015_s1,0.08245282500000001,0.0,57,1,-0.16495967175438594
0.0007080029547368422,1.9950762754385964,0.015,0.003053625501754386,0.5,300000.0,False,e0.5_k3.0e5_mu0.0_T0.015_s2,0.0984262271754386,0.0,57,2,-0.19644094175438595
0.0007130814538596493,1.9668230649122806,0.015,0.0030637239157894737,0.5,300000.0,False,e0.5_k3.0e5_mu0.0_T0.015_s3,0.09208316877192983,0.0,57,3,-0.18109584912280702
0.0007191950035087718,1.9336466894736843,0.0005,4.818976312280702e-05,0.5,300000.0,False,e0.5_k3.0e5_mu0.1_T0.0005_s1,0.16232947070175438,0.1,57,1,-0.31403585368421044
0.0007111545766666665,1.9777016368421052,0.0005,5.0376748789473684e-05,0.5,300000.0,False,e0.5_k3.0e5_mu0.1_T0.0005_s2,0.17497988245614035,0.1,57,2,-0.34594799070175436
0.0007101469621052631,1.9830635263157894,0.0005,4.8953791315789476e-05,0.5,300000.0,False,e0.5_k3.0e5_mu0.1_T0.0005_s3,0.16508164298245612,0.1,57,3,-0.32748977596491224
0.0007092059519298245,1.9882605105263158,0.002,0.00018239248228070175,0.5,300000.0,False,e0.5_k3.0e5_mu0.1_T0.002_s1,0.14595249666666665,0.1,57,1,-0.2902030443859649
0.0007115213954385965,1.9753069631578948,0.002,0.00018436876666666667,0.5,300000.0,False,e0.5_k3.0e5_mu0.1_T0.002_s2,0.14208357736842103,0.1,57,2,-0.28065226596491233
0.0007119691792982455,1.9728716491228069,0.002,0.00018186498736842105,0.5,300000.0,False,e0.5_k3.0e5_mu0.1_T0.002_s3,0.1364398543859649,0.1,57,3,-0.26932976
0.0007054682028070176,2.0094328175438596,0.006,0.0006232345705263158,0.5,300000.0,False,e0.5_k3.0e5_mu0.1_T0.006_s1,0.12263328007017545,0.1,57,1,-0.2464945187719298
0.0007140013598245612,1.9616566140350877,0.006,0.0006325844296491228,0.5,300000.0,False,e0.5_k3.0e5_mu0.1_T0.006_s2,0.12348150333333333,0.1,57,2,-0.2422128503508772
0.0007114712421052632,1.975602261403509,0.006,0.0006377964398245614,0.5,300000.0,False,e0.5_k3.0e5_mu0.1_T0.006_s3,0.11278321428070176,0.1,57,3,-0.22288310140350878
0.0007122741105263158,1.9712046877192986,0.015,0.001911525856140351,0.5,300000.0,False,e0.5_k3.0e5_mu0.1_T0.015_s1,0.10707799394736842,0.1,57,1,-0.21101111263157896
0.0007072989454385965,1.9990568982456143,0.015,0.001897929010526316,0.5,300000.0,False,e0.5_k3.0e5_mu0.1_T0.015_s2,0.09777556180701753,0.1,57,2,-0.19550760631578948
0.0007153299831578947,1.9546096596491227,0.015,0.0019231364526315791,0.5,300000.0,False,e0.5_k3.0e5_mu0.1_T0.015_s3,0.08325298840350877,0.1,57,3,-0.1630863979122807
0.0007132803229824562,1.9656996333333332,0.0005,5.5415291456140354e-05,0.5,300000.0,False,e0.5_k3.0e5_mu0.3_T0.0005_s1,0.2493888845614035,0.3,57,1,-0.4902289466666667
0.000718465610877193,1.9374967192982457,0.0005,5.545911047368421e-05,0.5,300000.0,False,e0.5_k3.0e5_mu0.3_T0.0005_s2,0.24359500666666667,0.3,57,2,-0.4721952803508772
0.000715917195263158,1.951424742105263,0.0005,5.360499245614035e-05,0.5,300000.0,False,e0.5_k3.0e5_mu0.3_T0.0005_s3,0.24558106140350874,0.3,57,3,-0.4791468156140351
0.0007143444629824563,1.9597284929824563,0.002,0.00017350618368421056,0.5,300000.0,False,e0.5_k3.0e5_mu0.3_T0.002_s1,0.19464640578947368,0.3,57,1,-0.3814569273684211
0.0007209406157894735,1.9240990140350878,0.002,0.000174221128245614,0.5,300000.0,False,e0.5_k3.0e5_mu0.3_T0.002_s2,0.1953463594736842,0.3,57,2,-0.37592260175438597
0.0007224272314035089,1.9162876807017544,0.002,0.00016730555789473684,0.5,300000.0,False,e0.5_k3.0e5_mu0.3_T0.002_s3,0.19728586070175436,0.3,57,3,-0.37820032666666664
0.0007189996354385965,1.9347407684210527,0.006,0.000488452190877193,0.5,300000.0,False,e0.5_k3.0e5_mu0.3_T0.006_s1,0.15099429315789473,0.3,57,1,-0.29230296350877194
0.0007170556457894736,1.945199649122807,0.006,0.0005214926045614035,0.5,300000.0,False,e0.5_k3.0e5_mu0.3_T0.006_s2,0.1493415484210526,0.3,57,2,-0.290774222631579
0.0007148126445614035,1.9573883228070175,0.006,0.0004903917891228071,0.5,300000.0,False,e0.5_k3.0e5_mu0.3_T0.006_s3,0.14447332912280697,0.3,57,3,-0.2830069471929824
0.0007122110547368421,1.9716015859649123,0.015,0.0014334255543859652,0.5,300000.0,False,e0.5_k3.0e5_mu0.3_T0.015_s1,0.13820719507017545,0.3,57,1,-0.2725490157894737
0.0007150484371929825,1.955970543859649,0.015,0.0014569733789473684,0.5,300000.0,False,e0.5_k3.0e5_mu0.3_T0.015_s2,0.11910163894736843,0.3,57,2,-0.23301141
0.0007151275001754385,1.9557257385964912,0.015,0.0014528994298245617,0.5,300000.0,False,e0.5_k3.0e5_mu0.3_T0.015_s3,0.1216585387368421,0.3,57,3,-0.23821319456140347
0.0007112839763157894,1.9769972315789472,0.0005,0.00010600908901754386,0.5,300000.0,False,e0.5_k3.0e5_mu1.0_T0.0005_s1,0.26202924649122805,1.0,57,1,-0.5183818421052632
0.0007103611256140351,1.9818503877192983,0.0005,0.00011125650070175438,0.5,300000.0,False,e0.5_k3.0e5_mu1.0_T0.0005_s2,0.25920650315789473,1.0,57,2,-0.5137942198245614
0.0007157495298245615,1.952175068421053,0.0005,0.00010796361668421053,0.5,300000.0,False,e0.5_k3.0e5_mu1.0_T0.0005_s3,0.2780836145614035,1.0,57,3,-0.5429061212280702
0.0007139287654385964,1.9621205385964913,0.002,0.00028055114192982453,0.5,300000.0,False,e0.5_k3.0e5_mu1.0_T0.002_s1,0.24366257824561402,1.0,57,1,-0.47830578175438593
0.0007036297045614035,2.020067015789474,0.002,0.0002706551843859649,0.5,300000.0,False,e0.5_k3.0e5_mu1.0_T0.002_s2,0.2524525761403509,1.0,57,2,-0.510284652631579
0.0007155994814035088,1.9529426315789473,0.002,0.00028459451842105266,0.5,300000.0,False,e0.5_k3.0e5_mu1.0_T0.002_s3,0.24589709999999998,1.0,57,3,-0.48014579491228065
0.0007124000870175439,1.9706393894736844,0.006,0.0005980143045614037,0.5,300000.0,False,e0.5_k3.0e5_mu1.0_T0.006_s1,0.22027904228070175,1.0,57,1,-0.434400043508772
0.000709923624736842,1.9843042701754385,0.006,0.0006218898217543859,0.5,300000.0,False,e0.5_k3.0e5_mu1.0_T0.006_s2,0.1965876405263158,1.0,57,2,-0.39013043982456147
0.0007112027894736842,1.9772346596491228,0.006,0.0006334300922807017,0.5,300000.0,False,e0.5_k3.0e5_mu1.0_T0.006_s3,0.217715009122807,1.0,57,3,-0.4307049115789474
0.0007077378905263157,1.9967217491228069,0.015,0.001385358156140351,0.5,300000.0,False,e0.5_k3.0e5_mu1.0_T0.015_s1,0.13896567131578946,1.0,57,1,-0.27746953596491225
0.0007115666105263157,1.9753349438596493,0.015,0.001428046012280702,0.5,300000.0,False,e0.5_k3.0e5_mu1.0_T0.015_s2,0.1611816266666667,1.0,57,2,-0.3186901896491228
0.0007104803031578947,1.981406812280702,0.015,0.0014412262456140348,0.5,300000.0,False,e0.5_k3.0e5_mu1.0_T0.015_s3,0.16106499824561407,1.0,57,3,-0.31917814526315785
0.0007074683896491227,1.9984156140350877,0.0005,0.00016491407192982456,0.5,300000.0,False,e0.5_k3.0e5_mu5.0_T0.0005_s1,0.24848702157894736,5.0,57,1,-0.49690973245614034
0.0007131194357894737,1.9667181140350876,0.0005,0.0001671896629824561,0.5,300000.0,False,e0.5_k3.0e5_mu5.0_T0.0005_s2,0.22947235631578947,5.0,57,2,-0.451184868245614
0.0007092036945614037,1.9885207807017544,0.0005,0.00015196328789473683,0.5,300000.0,False,e0.5_k3.0e5_mu5.0_T0.0005_s3,0.26107148421052634,5.0,57,3,-0.5196155578947369
0.000704129366140351,2.017101152631579,0.002,0.0003757123114035088,0.5,300000.0,False,e0.5_k3.0e5_mu5.0_T0.002_s1,0.2411973443859649,5.0,57,1,-0.48667482912280696
0.0007201349071929825,1.928742164912281,0.002,0.0003694874635087719,0.5,300000.0,False,e0.5_k3.0e5_mu5.0_T0.002_s2,0.2160732738596491,5.0,57,2,-0.4169647212280701
0.0007145872752631579,1.9585356210526315,0.002,0.0003617967001754386,0.5,300000.0,False,e0.5_k3.0e5_mu5.0_T0.002_s3,0.23968507789473686,5.0,57,3,-0.4695128212280702
0.0007131186496491229,1.9669112280701757,0.006,0.0007967777564912282,0.5,300000.0,False,e0.5_k3.0e5_mu5.0_T0.006_s1,0.20657196350877194,5.0,57,1,-0.4067482159649123
0.0007196635542105263,1.9312549649122805,0.006,0.0007868834640350879,0.5,300000.0,False,e0.5_k3.0e5_mu5.0_T0.006_s2,0.21226327842105264,5.0,57,2,-0.410375501754386
0.000716355429122807,1.9489641684210528,0.006,0.0007792800529824561,0.5,300000.0,False,e0.5_k3.0e5_mu5.0_T0.006_s3,0.2121439452631579,5.0,57,3,-0.41347836982456143
0.0007145189612280704,1.9592652210526318,0.015,0.0016418916385964914,0.5,300000.0,False,e0.5_k3.0e5_mu5.0_T0.015_s1,0.15032762192982455,5.0,57,1,-0.294857589122807
0.0007119277119298246,1.9735410807017542,0.015,0.0016189726017543861,0.5,300000.0,False,e0.5_k3.0e5_mu5.0_T0.015_s2,0.17347106894736844,5.0,57,2,-0.3427141889473684
0.0007157343370175437,1.9525781017543857,0.015,0.0016397091298245615,0.5,300000.0,False,e0.5_k3.0e5_mu5.0_T0.015_s3,0.18124849403508772,5.0,57,3,-0.35394153877192985
0.0007143630692982456,1.9597208719298245,0.0005,0.0001417252252631579,0.5,90500.0,True,e0.5_kNULL_mu0.0_T0.0005_s1,0.11415579947368422,0.0,57,1,-0.22373105771929824
0.0007054664470175439,2.009544692982456,0.0005,0.00013459028456140352,0.5,90500.0,True,e0.5_kNULL_mu0.0_T0.0005_s2,0.1047900012982456,0.0,57,2,-0.21067090508771927
0.000711232118245614,1.9769519245614036,0.0005,0.00014278820824561406,0.5,90500.0,True,e0.5_kNULL_mu0.0_T0.0005_s3,0.11381786563157895,0.0,57,3,-0.22508950210526313
0.0007104557980701754,1.981261836842105,0.002,0.00041450022614035085,0.5,90500.0,True,e0.5_kNULL_mu0.0_T0.002_s1,0.10286638078947369,0.0,57,1,-0.20377678368421054
0.0007064671285964912,2.0038387228070174,0.002,0.0004079389482456141,0.5,90500.0,True,e0.5_kNULL_mu0.0_T0.002_s2,0.10169982542105263,0.0,57,2,-0.2038133040350877
0.000708004458245614,1.9950052385964911,0.002,0.0003994642629824562,0.5,90500.0,True,e0.5_kNULL_mu0.0_T0.002_s3,0.10796443342105264,0.0,57,3,-0.21541123929824557
0.0007076881554385965,1.9968637982456139,0.006,0.0011744942578947367,0.5,90500.0,True,e0.5_kNULL_mu0.0_T0.006_s1,0.0901161223508772,0.0,57,1,-0.17999064807017545
0.0007068203415789475,2.0018062350877193,0.006,0.0011684121649122806,0.5,90500.0,True,e0.5_kNULL_mu0.0_T0.006_s2,0.09590351478947366,0.0,57,2,-0.19198246561403512
0.0007081604805263158,1.994210692982456,0.006,0.0011791986421052633,0.5,90500.0,True,e0.5_kNULL_mu0.0_T0.006_s3,0.10537939871929825,0.0,57,3,-0.2102089040350877
0.0007071015426315791,2.000209543859649,0.015,0.003060196998245614,0.5,90500.0,True,e0.5_kNULL_mu0.0_T0.015_s1,0.08245282500000001,0.0,57,1,-0.16495967175438594
0.0007080029547368422,1.9950762754385964,0.015,0.003053625501754386,0.5,90500.0,True,e0.5_kNULL_mu0.0_T0.015_s2,0.0984262271754386,0.0,57,2,-0.19644094175438595
0.0007130814538596493,1.9668230649122806,0.015,0.0030637239157894737,0.5,90500.0,True,e0.5_kNULL_mu0.0_T0.015_s3,0.09208316877192983,0.0,57,3,-0.18109584912280702
0.0007139032642105263,1.9623610421052633,0.0005,5.874350426315789e-05,0.5,90500.0,True,e0.5_kNULL_mu0.3_T0.0005_s1,0.25044973245614033,0.3,57,1,-0.49166237491228065
0.0007124119770175439,1.9706482929824563,0.0005,5.7760039e-05,0.5,90500.0,True,e0.5_kNULL_mu0.3_T0.0005_s2,0.23532961385964915,0.3,57,2,-0.4639134242105263
0.0007142293547368422,1.9606560929824564,0.0005,6.0263108842105266e-05,0.5,90500.0,True,e0.5_kNULL_mu0.3_T0.0005_s3,0.24377885000000002,0.3,57,3,-0.47817768228070173
0.00071171303,1.9744156438596494,0.002,0.00017971743473684212,0.5,90500.0,True,e0.5_kNULL_mu0.3_T0.002_s1,0.20108422842105264,0.3,57,1,-0.3972082370175439
0.0007124737915789474,1.970152150877193,0.002,0.0001803760245614035,0.5,90500.0,True,e0.5_kNULL_mu0.3_T0.002_s2,0.20498721736842107,0.3,57,2,-0.4041088114035088
0.0007170084778947368,1.9452403105263159,0.002,0.00018539285736842107,0.5,90500.0,True,e0.5_kNULL_mu0.3_T0.002_s3,0.19172669087719296,0.3,57,3,-0.3730925070175438
0.0007069481850877191,2.0009506315789474,0.006,0.0005088606340350878,0.5,90500.0,True,e0.5_kNULL_mu0.3_T0.006_s1,0.16110346421052632,0.3,57,1,-0.3223708421052632
0.0007113302747368421,1.9763870245614035,0.006,0.0005093030670175439,0.5,90500.0,True,e0.5_kNULL_mu0.3_T0.006_s2,0.15077190157894735,0.3,57,2,-0.2980164622807017
0.0007152667601754385,1.9546924157894738,0.006,0.0005199816012280701,0.5,90500.0,True,e0.5_kNULL_mu0.3_T0.006_s3,0.14636403824561403,0.3,57,3,-0.2861285963157895
0.0007151509521052632,1.9554344298245614,0.015,0.0015124444263157895,0.5,90500.0,True,e0.5_kNULL_mu0.3_T0.015_s1,0.12734550175438597,0.3,57,1,-0.249019560877193
0.0007130367912280703,1.9669883701754387,0.015,0.0014907816526315788,0.5,90500.0,True,e0.5_kNULL_mu0.3_T0.015_s2,0.12569194368421052,0.3,57,2,-0.2472915161403509
0.0007149342563157894,1.9567187491228073,0.015,0.001505472205263158,0.5,90500.0,True,e0.5_kNULL_mu0.3_T0.015_s3,0.11142953507017543,0.3,57,3,-0.2181951636842105
0.0007128097922807018,1.9682599035087718,0.0005,0.00011177517482456141,0.5,90500.0,True,e0.5_kNULL_mu1.0_T0.0005_s1,0.2552467566666667,1.0,57,1,-0.5025222649122808
0.0007058799647368422,2.007106007017544,0.0005,0.00011144462280701755,0.5,90500.0,True,e0.5_kNULL_mu1.0_T0.0005_s2,0.24967580894736843,1.0,57,2,-0.5011059975438596
0.0007053047828070176,2.01032020877193,0.0005,0.00010873302780701756,0.5,90500.0,True,e0.5_kNULL_mu1.0_T0.0005_s3,0.2441116898245614,1.0,57,3,-0.490770339122807
0.0007015244770175438,2.0323185035087716,0.002,0.00028685148280701753,0.5,90500.0,True,e0.5_kNULL_mu1.0_T0.002_s1,0.2328769821052632,1.0,57,1,-0.4736924656140351
0.0007102829715789475,1.9823188912280703,0.002,0.00027954634508771934,0.5,90500.0,True,e0.5_kNULL_mu1.0_T0.002_s2,0.23052986192982453,1.0,57,2,-0.45690332807017536
0.0007131604989473683,1.9663142649122807,0.002,0.0002860014964912281,0.5,90500.0,True,e0.5_kNULL_mu1.0_T0.002_s3,0.2250596907017544,1.0,57,3,-0.4425748047368421
0.0007091916312280703,1.9887409631578945,0.006,0.000630240489122807,0.5,90500.0,True,e0.5_kNULL_mu1.0_T0.006_s1,0.19068535526315789,1.0,57,1,-0.37978072719298245
0.0007198839996491229,1.9296921421052629,0.006,0.0006341770321052632,0.5,90500.0,True,e0.5_kNULL_mu1.0_T0.006_s2,0.19544750631578947,1.0,57,2,-0.37720122350877194
0.000713246,1.9660338192982456,0.006,0.000630929015614035,0.5,90500.0,True,e0.5_kNULL_mu1.0_T0.006_s3,0.20527930368421052,1.0,57,3,-0.4038996443859649
0.0007123616775438598,1.9707395807017543,0.015,0.0014849121982456138,0.5,90500.0,True,e0.5_kNULL_mu1.0_T0.015_s1,0.14622273561403507,1.0,57,1,-0.28820937526315793
0.0007158342589473686,1.951667280701754,0.015,0.001440911098245614,0.5,90500.0,True,e0.5_kNULL_mu1.0_T0.015_s2,0.15418159105263157,1.0,57,2,-0.3010220080701755
0.0007124417487719298,1.9703550122807019,0.015,0.0014477282052631575,0.5,90500.0,True,e0.5_kNULL_mu1.0_T0.015_s3,0.15627869087719298,1.0,57,3,-0.3080529766666667
