mu_g,Tgran,seed,chi,E
0.1,0.0005,1,0.3313177951705944,10000.0
0.1,0.0005,2,0.3319483146811849,10000.0
0.1,0.0015,1,0.10190483063721434,10000.0
0.1,0.0015,2,0.1051063232354337,10000.0
0.1,0.001,1,0.0804615560496523,10000.0
0.1,0.001,2,0.13299289810222747,10000.0
0.1,0.003,1,0.10889415903307725,10000.0
0.1,0.003,2,0.11054318133652336,10000.0
0.1,0.005,1,0.11836500075509473,10000.0
0.1,0.005,2,0.11819808288723599,10000.0
0.1,0.008,1,0.13114919563041286,10000.0
0.1,0.008,2,0.13203213437402597,10000.0
0.1,0.013,1,0.1476292758270391,10000.0
0.1,0.013,2,0.14903988525835982,10000.0
0.1,0.02,1,0.16980392553835547,10000.0
0.1,0.02,2,0.17189920142745257,10000.0
0.1,0.03,1,0.1939634298737012,10000.0
0.1,0.03,2,0.19462839693293427,10000.0
0.3,0.0005,1,0.13480580815214158,10000.0
0.3,0.0005,2,0.13782317218097045,10000.0
0.3,0.0015,1,0.07985254342441733,10000.0
0.3,0.0015,2,0.07868353993126881,10000.0
0.3,0.001,1,0.07908517104362041,10000.0
0.3,0.001,2,0.07818010505822481,10000.0
0.3,0.003,1,0.07931338002120573,10000.0
0.3,0.003,2,0.07777649690105248,10000.0
0.3,0.005,1,0.08101635052992799,10000.0
0.3,0.005,2,0.07878872115697373,10000.0
0.3,0.008,1,0.08413029023811482,10000.0
0.3,0.008,2,0.08240989824729056,10000.0
0.3,0.013,1,0.088147988706242,10000.0
0.3,0.013,2,0.08640657887749233,10000.0
0.3,0.02,1,0.09431481458484844,10000.0
0.3,0.02,2,0.0920180079074777,10000.0
0.3,0.03,1,0.10088052178059505,10000.0
0.3,0.03,2,0.09921089734255606,10000.0
1.0,0.0005,1,0.01279568925732135,10000.0
1.0,0.0005,2,0.012099857003538196,10000.0
1.0,0.0015,1,0.01574560527632668,10000.0
1.0,0.0015,2,0.012947726671891943,10000.0
1.0,0.001,1,0.015150226624521985,10000.0
1.0,0.001,2,0.013121949179280987,10000.0
1.0,0.003,1,0.015184439453525394,10000.0
1.0,0.003,2,0.01358905365850473,10000.0
1.0,0.005,1,0.01612395405786453,10000.0
1.0,0.005,2,0.01394096351777165,10000.0
1.0,0.008,1,0.01690711260587581,10000.0
1.0,0.008,2,0.015446101928827248,10000.0
1.0,0.013,1,0.01874576623453575,10000.0
1.0,0.013,2,0.01669869264614343,10000.0
1.0,0.02,1,0.020895083212551936,10000.0
1.0,0.02,2,0.01854156952079408,10000.0
1.0,0.03,1,0.023141087777617877,10000.0
1.0,0.03,2,0.021218275906694676,10000.0
0.1,0.0005,1,0.05606907521141561,100000.0
0.1,0.0005,2,0.10163526479035043,100000.0
0.1,0.0015,1,0.09006858564619796,100000.0
0.1,0.0015,2,0.08980273884068966,100000.0
0.1,0.001,1,0.08842578796892178,100000.0
0.1,0.001,2,0.0883858787736598,100000.0
0.1,0.003,1,0.10073098931762411,100000.0
0.1,0.003,2,0.09948243521420194,100000.0
0.1,0.005,1,0.11410965359909027,100000.0
0.1,0.005,2,0.11510499446895588,100000.0
0.1,0.008,1,0.132359356203281,100000.0
0.1,0.008,2,0.13103108198346838,100000.0
0.1,0.013,1,0.1585020503430423,100000.0
0.1,0.013,2,0.15705986121059903,100000.0
0.1,0.02,1,0.18525890747871693,100000.0
0.1,0.02,2,0.18522423617467337,100000.0
0.1,0.03,1,0.21556515277739532,100000.0
0.1,0.03,2,0.21419421705291325,100000.0
0.3,0.0005,1,0.03133683007745976,100000.0
0.3,0.0005,2,0.040866109613315896,100000.0
0.3,0.0015,1,0.057647153047262645,100000.0
0.3,0.0015,2,0.056758265341026716,100000.0
0.3,0.001,1,0.058937297585462615,100000.0
0.3,0.001,2,0.05797355971390347,100000.0
0.3,0.003,1,0.058027861241703005,100000.0
0.3,0.003,2,0.05725522106082921,100000.0
0.3,0.005,1,0.060588216472794526,100000.0
0.3,0.005,2,0.0601459758433844,100000.0
0.3,0.008,1,0.06506160095941534,100000.0
0.3,0.008,2,0.06501652137074523,100000.0
0.3,0.013,1,0.07177777987045302,100000.0
0.3,0.013,2,0.07141422982313261,100000.0
0.3,0.02,1,0.07982708964495745,100000.0
0.3,0.02,2,0.08043831002354322,100000.0
0.3,0.03,1,0.09194446115625907,100000.0
0.3,0.03,2,0.09098220826673165,100000.0
1.0,0.0005,1,0.025624324309737784,100000.0
1.0,0.0005,2,0.020833957626028254,100000.0
1.0,0.0015,1,0.028224864388795293,100000.0
1.0,0.0015,2,0.02818386304647735,100000.0
1.0,0.001,1,0.028376846485491762,100000.0
1.0,0.001,2,0.02840871167802563,100000.0
1.0,0.003,1,0.0290019034006816,100000.0
1.0,0.003,2,0.028486697530034775,100000.0
1.0,0.005,1,0.03030175220566746,100000.0
1.0,0.005,2,0.03004582610078472,100000.0
1.0,0.008,1,0.03194882301521055,100000.0
1.0,0.008,2,0.03133396018187083,100000.0
1.0,0.013,1,0.034186595139359614,100000.0
1.0,0.013,2,0.0342228767477384,100000.0
1.0,0.02,1,0.036416737397432904,100000.0
1.0,0.02,2,0.036969143416813045,100000.0
1.0,0.03,1,0.040056425133137015,100000.0
1.0,0.03,2,0.040182868004569466,100000.0
0.1,0.0005,1,0.10205564402739563,1000000.0
0.1,0.0005,2,0.13415208321039684,1000000.0
0.1,0.0015,1,0.10270610060646367,1000000.0
0.1,0.0015,2,0.10293699795558293,1000000.0
0.1,0.001,1,0.09844639281221984,1000000.0
0.1,0.001,2,0.09884348776672777,1000000.0
0.1,0.003,1,0.1176208136339298,1000000.0
0.1,0.003,2,0.11839545285250272,1000000.0
0.1,0.005,1,0.13746551850956118,1000000.0
0.1,0.005,2,0.13692392584553156,1000000.0
0.1,0.008,1,0.16307215241633502,1000000.0
0.1,0.008,2,0.1614671793668997,1000000.0
0.1,0.013,1,0.1931948453819127,1000000.0
0.1,0.013,2,0.19341583072118704,1000000.0
0.1,0.02,1,0.2260898351201817,1000000.0
0.1,0.02,2,0.22682017606996685,1000000.0
0.1,0.03,1,0.26190065304348326,1000000.0
0.1,0.03,2,0.26141987511618253,1000000.0
0.3,0.0005,1,0.059336586305809895,1000000.0
0.3,0.0005,2,0.05785223237391398,1000000.0
0.3,0.0015,1,0.054727520378219444,1000000.0
0.3,0.0015,2,0.05471214559021792,1000000.0
0.3,0.001,1,0.05514852133886246,1000000.0
0.3,0.001,2,0.05599649084608192,1000000.0
0.3,0.003,1,0.05587168917068464,1000000.0
0.3,0.003,2,0.05579500433163975,1000000.0
0.3,0.005,1,0.06096098432564123,1000000.0
0.3,0.005,2,0.059784730028301286,1000000.0
0.3,0.008,1,0.06770909510470795,1000000.0
0.3,0.008,2,0.06723171511837962,1000000.0
0.3,0.013,1,0.0777722697928425,1000000.0
0.3,0.013,2,0.07792642931201825,1000000.0
0.3,0.02,1,0.09101401409146755,1000000.0
0.3,0.02,2,0.0903484595450834,1000000.0
0.3,0.03,1,0.10664219878241951,1000000.0
0.3,0.03,2,0.10689522165397151,1000000.0
1.0,0.0005,1,0.020946354274733167,1000000.0
1.0,0.0005,2,0.020731553739157166,1000000.0
1.0,0.0015,1,0.020787825662298455,1000000.0
1.0,0.0015,2,0.02121108137428457,1000000.0
1.0,0.001,1,0.020369106637003906,1000000.0
1.0,0.001,2,0.021067279973719464,1000000.0
1.0,0.003,1,0.02247803294490627,1000000.0
1.0,0.003,2,0.022368226884728247,1000000.0
1.0,0.005,1,0.02363380633518904,1000000.0
1.0,0.005,2,0.024272413418125117,1000000.0
1.0,0.008,1,0.026667320109174032,1000000.0
1.0,0.008,2,0.026232917000942053,1000000.0
1.0,0.013,1,0.0294252142970781,1000000.0
1.0,0.013,2,0.029736580262915136,1000000.0
1.0,0.02,1,0.033646012496773736,1000000.0
1.0,0.02,2,0.034122532310823496,1000000.0
1.0,0.03,1,0.03847173279997949,1000000.0
1.0,0.03,2,0.03861650157557936,1000000.0
0.1,0.0005,1,0.11488787174181192,30000.0
0.1,0.0005,2,0.09836404102890535,30000.0
0.1,0.0015,1,0.09260956743924385,30000.0
0.1,0.0015,2,0.09267768038143787,30000.0
0.1,0.001,1,0.09201437834228411,30000.0
0.1,0.001,2,0.0896953841945278,30000.0
0.1,0.003,1,0.10079210052688997,30000.0
0.1,0.003,2,0.10079299197279568,30000.0
0.1,0.005,1,0.1137789212712842,30000.0
0.1,0.005,2,0.11350611154873178,30000.0
0.1,0.008,1,0.12710722255237086,30000.0
0.1,0.008,2,0.1288755693782194,30000.0
0.1,0.013,1,0.150495636085986,30000.0
0.1,0.013,2,0.1477017956634841,30000.0
0.1,0.02,1,0.17443040680183816,30000.0
0.1,0.02,2,0.17327152096275034,30000.0
0.1,0.03,1,0.20133292980148593,30000.0
0.1,0.03,2,0.1994727954990057,30000.0
0.3,0.0005,1,0.06277707649585737,30000.0
0.3,0.0005,2,0.05470599117946679,30000.0
0.3,0.0015,1,0.06581237898917072,30000.0
0.3,0.0015,2,0.06625109288383425,30000.0
0.3,0.001,1,0.06650243621022162,30000.0
0.3,0.001,2,0.06837001651306522,30000.0
0.3,0.003,1,0.06529304956589049,30000.0
0.3,0.003,2,0.06528910238070114,30000.0
0.3,0.005,1,0.06819307546884694,30000.0
0.3,0.005,2,0.0672082952723725,30000.0
0.3,0.008,1,0.07178865707917848,30000.0
0.3,0.008,2,0.0721585857845628,30000.0
0.3,0.013,1,0.07712928179298803,30000.0
0.3,0.013,2,0.07685291333638147,30000.0
0.3,0.02,1,0.08318876605954756,30000.0
0.3,0.02,2,0.08370896686773963,30000.0
0.3,0.03,1,0.09301903353341903,30000.0
0.3,0.03,2,0.09330085925447217,30000.0
1.0,0.0005,1,0.016982929455160726,30000.0
1.0,0.0005,2,0.010924582634706899,30000.0
1.0,0.0015,1,0.022336217712556273,30000.0
1.0,0.0015,2,0.014563752543408864,30000.0
1.0,0.001,1,0.02138460490306055,30000.0
1.0,0.001,2,0.014803079143371927,30000.0
1.0,0.003,1,0.0220650064963873,30000.0
1.0,0.003,2,0.01494420848906873,30000.0
1.0,0.005,1,0.022292644561813485,30000.0
1.0,0.005,2,0.016096989007259335,30000.0
1.0,0.008,1,0.024292839139943782,30000.0
1.0,0.008,2,0.0173522600195342,30000.0
1.0,0.013,1,0.02675841378230888,30000.0
1.0,0.013,2,0.01875028454122958,30000.0
1.0,0.02,1,0.02898540408704345,30000.0
1.0,0.02,2,0.02211601270453529,30000.0
1.0,0.03,1,0.03126651359975125,30000.0
1.0,0.03,2,0.024818815872218923,30000.0
0.1,0.0005,1,0.29752688573269714,300000.0
0.1,0.0005,2,0.2916399206541704,300000.0
0.1,0.0015,1,0.09343708345088851,300000.0
0.1,0.0015,2,0.09327095529619193,300000.0
0.1,0.001,1,0.09118165419037498,300000.0
0.1,0.001,2,0.09073647514722596,300000.0
0.1,0.003,1,0.10606765601791843,300000.0
0.1,0.003,2,0.10629154916327431,300000.0
0.1,0.005,1,0.12291332709666442,300000.0
0.1,0.005,2,0.12319894579661189,300000.0
0.1,0.008,1,0.14353853308032263,300000.0
0.1,0.008,2,0.14363007004759995,300000.0
0.1,0.013,1,0.17242821133632075,300000.0
0.1,0.013,2,0.1720436801457571,300000.0
0.1,0.02,1,0.2025654091286564,300000.0
0.1,0.02,2,0.20285933120633076,300000.0
0.1,0.03,1,0.23555267970076957,300000.0
0.1,0.03,2,0.23668362715559574,300000.0
0.3,0.0005,1,0.14301198596041959,300000.0
0.3,0.0005,2,0.14529104886411492,300000.0
0.3,0.0015,1,0.05474433755815846,300000.0
0.3,0.0015,2,0.05377913248265011,300000.0
0.3,0.001,1,0.055668226052961525,300000.0
0.3,0.001,2,0.056474209884840997,300000.0
0.3,0.003,1,0.0557567662205393,300000.0
0.3,0.003,2,0.05485892014846138,300000.0
0.3,0.005,1,0.059439125287396734,300000.0
0.3,0.005,2,0.05817327526756692,300000.0
0.3,0.008,1,0.063846356264123,300000.0
0.3,0.008,2,0.06358912106628424,300000.0
0.3,0.013,1,0.07249668570079436,300000.0
0.3,0.013,2,0.07191617204133119,300000.0
0.3,0.02,1,0.0831761369880367,300000.0
0.3,0.02,2,0.08282814225760654,300000.0
0.3,0.03,1,0.09727408924526076,300000.0
0.3,0.03,2,0.09575704749286071,300000.0
1.0,0.0005,1,0.02688816783594797,300000.0
1.0,0.0005,2,0.02680357831402577,300000.0
1.0,0.0015,1,0.024502342537271397,300000.0
1.0,0.0015,2,0.024384545109871755,300000.0
1.0,0.001,1,0.02447607699527547,300000.0
1.0,0.001,2,0.023946081678910557,300000.0
1.0,0.003,1,0.026272316214398683,300000.0
1.0,0.003,2,0.025294528361403865,300000.0
1.0,0.005,1,0.026993711850232867,300000.0
1.0,0.005,2,0.02704262591071925,300000.0
1.0,0.008,1,0.029420794019428324,300000.0
1.0,0.008,2,0.028924884438590207,300000.0
1.0,0.013,1,0.032117747008939046,300000.0
1.0,0.013,2,0.03183256729151281,300000.0
1.0,0.02,1,0.035827448694900045,300000.0
1.0,0.02,2,0.035449448188089316,300000.0
1.0,0.03,1,0.03942794155756273,300000.0
1.0,0.03,2,0.038523927621130556,300000.0
