P,mu_g,Tgran,seed,chi
10.0,0.05,0.0005,1,0.1394118491424137
10.0,0.05,0.0005,2,0.12823991085385675
10.0,0.05,0.0015,1,0.13698793531020417
10.0,0.05,0.0015,2,0.13820935811530852
10.0,0.05,0.001,1,0.12918256386204705
10.0,0.05,0.001,2,0.12843011569586432
10.0,0.05,0.003,1,0.1635374446834894
10.0,0.05,0.003,2,0.1648966241696522
10.0,0.05,0.005,1,0.19147117956134863
10.0,0.05,0.005,2,0.19372878622936107
10.0,0.05,0.008,1,0.22676151126442295
10.0,0.05,0.008,2,0.22603204034264093
10.0,0.05,0.013000000000000001,1,0.2670380149116514
10.0,0.05,0.013000000000000001,2,0.26675419949250373
10.0,0.05,0.02,1,0.3045984793687535
10.0,0.05,0.02,2,0.3025497923545077
10.0,0.05,0.03,1,0.34200912971310876
10.0,0.05,0.03,2,0.34143387289200383
10.0,0.15,0.0005,1,0.08441349102798426
10.0,0.15,0.0005,2,0.04480468266595864
10.0,0.15,0.0015,1,0.07376064581745218
10.0,0.15,0.0015,2,0.07308518042845177
10.0,0.15,0.001,1,0.07504483565934465
10.0,0.15,0.001,2,0.07468417240696405
10.0,0.15,0.003,1,0.07949360975805642
10.0,0.15,0.003,2,0.07851257291888808
10.0,0.15,0.005,1,0.08602772258456501
10.0,0.15,0.005,2,0.08658945235809433
10.0,0.15,0.008,1,0.09766986488756402
10.0,0.15,0.008,2,0.09810758025150343
10.0,0.15,0.013000000000000001,1,0.11317619034042799
10.0,0.15,0.013000000000000001,2,0.11330308197173444
10.0,0.15,0.02,1,0.1340535130737213
10.0,0.15,0.02,2,0.13393314821563493
10.0,0.15,0.03,1,0.1560720363163865
10.0,0.15,0.03,2,0.15741168654941326
10.0,0.1,0.0005,1,0.11029923854373999
10.0,0.1,0.0005,2,0.06515676847139368
10.0,0.1,0.0015,1,0.08937298194775738
10.0,0.1,0.0015,2,0.09155749572513042
10.0,0.1,0.001,1,0.0874899411077773
10.0,0.1,0.001,2,0.08609965085008109
10.0,0.1,0.003,1,0.10079089360101541
10.0,0.1,0.003,2,0.0995259978550095
10.0,0.1,0.005,1,0.11462333221050906
10.0,0.1,0.005,2,0.11491001118950689
10.0,0.1,0.008,1,0.13206782055504634
10.0,0.1,0.008,2,0.13334201304868562
10.0,0.1,0.013000000000000001,1,0.1584602947142364
10.0,0.1,0.013000000000000001,2,0.15710928432300855
10.0,0.1,0.02,1,0.1837584613719456
10.0,0.1,0.02,2,0.1852494840574958
10.0,0.1,0.03,1,0.21669070873316598
10.0,0.1,0.03,2,0.21493508955095936
10.0,0.2,0.0005,1,0.04596673100488489
10.0,0.2,0.0005,2,0.03952100080582304
10.0,0.2,0.0015,1,0.06626239968170217
10.0,0.2,0.0015,2,0.0661208530717633
10.0,0.2,0.001,1,0.0671705901876455
10.0,0.2,0.001,2,0.06738806726663046
10.0,0.2,0.003,1,0.069080923627099
10.0,0.2,0.003,2,0.06807303877854645
10.0,0.2,0.005,1,0.07421397581804132
10.0,0.2,0.005,2,0.07338693962406825
10.0,0.2,0.008,1,0.08176563548571164
10.0,0.2,0.008,2,0.08124663808443673
10.0,0.2,0.013000000000000001,1,0.09147974525472033
10.0,0.2,0.013000000000000001,2,0.09140053690709664
10.0,0.2,0.02,1,0.10757104096613583
10.0,0.2,0.02,2,0.10615334488039244
10.0,0.2,0.03,1,0.12457830984275378
10.0,0.2,0.03,2,0.12462187515871172
10.0,0.3,0.0005,1,0.05644917523518163
10.0,0.3,0.0005,2,0.040055816766316185
10.0,0.3,0.0015,1,0.05687230449635504
10.0,0.3,0.0015,2,0.05716424895158555
10.0,0.3,0.001,1,0.05886671772986533
10.0,0.3,0.001,2,0.05963190114777327
10.0,0.3,0.003,1,0.057938654210176764
10.0,0.3,0.003,2,0.05760755486889033
10.0,0.3,0.005,1,0.06051979655302981
10.0,0.3,0.005,2,0.0601037327820674
10.0,0.3,0.008,1,0.06476087982226558
10.0,0.3,0.008,2,0.06482924959185107
10.0,0.3,0.013000000000000001,1,0.07185505528775375
10.0,0.3,0.013000000000000001,2,0.07144367061018767
10.0,0.3,0.02,1,0.08086719255971636
10.0,0.3,0.02,2,0.07930301065949968
10.0,0.3,0.03,1,0.09186478170340488
10.0,0.3,0.03,2,0.09065506218795563
10.0,0.5,0.0005,1,0.027816513296985108
10.0,0.5,0.0005,2,0.02903012993592528
10.0,0.5,0.0015,1,0.0445036401933615
10.0,0.5,0.0015,2,0.04499589808276543
10.0,0.5,0.001,1,0.0465189545876906
10.0,0.5,0.001,2,0.046257789983505236
10.0,0.5,0.003,1,0.045387805712776445
10.0,0.5,0.003,2,0.045960789641545825
10.0,0.5,0.005,1,0.04740264796358073
10.0,0.5,0.005,2,0.04707715945201195
10.0,0.5,0.008,1,0.0497020944280703
10.0,0.5,0.008,2,0.05050355648651761
10.0,0.5,0.013000000000000001,1,0.05472765275984588
10.0,0.5,0.013000000000000001,2,0.05393194982565553
10.0,0.5,0.02,1,0.0587613800172561
10.0,0.5,0.02,2,0.059241308618160175
10.0,0.5,0.03,1,0.06524162084052551
10.0,0.5,0.03,2,0.06514721005425544
25.0,0.05,0.00125,1,0.10342703997590051
25.0,0.05,0.00125,2,0.1032389841700181
25.0,0.05,0.00375,1,0.11673566167294563
25.0,0.05,0.00375,2,0.11701610209028099
25.0,0.05,0.0025,1,0.1095925496586211
25.0,0.05,0.0025,2,0.10863442596236945
25.0,0.05,0.0075,1,0.1392944633911871
25.0,0.05,0.0075,2,0.13953859463548968
25.0,0.05,0.0125,1,0.1630548922287361
25.0,0.05,0.0125,2,0.1640108058893349
25.0,0.05,0.02,1,0.1920291589182389
25.0,0.05,0.02,2,0.19041702972806024
25.0,0.05,0.0325,1,0.22685130331718384
25.0,0.05,0.0325,2,0.22648385842166743
25.0,0.05,0.05,1,0.26162714424931516
25.0,0.05,0.05,2,0.26182126253198396
25.0,0.05,0.075,1,0.29723165349128355
25.0,0.05,0.075,2,0.29764528902616433
25.0,0.15,0.00125,1,0.07253426888895818
25.0,0.15,0.00125,2,0.074058432694567
25.0,0.15,0.00375,1,0.0655485218260518
25.0,0.15,0.00375,2,0.06573696934527554
25.0,0.15,0.0025,1,0.06635548785091301
25.0,0.15,0.0025,2,0.06739989576609219
25.0,0.15,0.0075,1,0.06923077869820608
25.0,0.15,0.0075,2,0.06848012273186328
25.0,0.15,0.0125,1,0.075009899791753
25.0,0.15,0.0125,2,0.0743009689293778
25.0,0.15,0.02,1,0.08262549007114935
25.0,0.15,0.02,2,0.08282267852686262
25.0,0.15,0.0325,1,0.09675448174821481
25.0,0.15,0.0325,2,0.09701626708709041
25.0,0.15,0.05,1,0.1139602662340045
25.0,0.15,0.05,2,0.11279606795311595
25.0,0.15,0.075,1,0.13212331262063626
25.0,0.15,0.075,2,0.13163997754127887
25.0,0.1,0.00125,1,0.0793745175429072
25.0,0.1,0.00125,2,0.08243166950635303
25.0,0.1,0.00375,1,0.07836100899938366
25.0,0.1,0.00375,2,0.0781101759703979
25.0,0.1,0.0025,1,0.07739759446427597
25.0,0.1,0.0025,2,0.07690662462911552
25.0,0.1,0.0075,1,0.08590212164107149
25.0,0.1,0.0075,2,0.08551310102639283
25.0,0.1,0.0125,1,0.09737073118458973
25.0,0.1,0.0125,2,0.09750387205066145
25.0,0.1,0.02,1,0.11150258943906749
25.0,0.1,0.02,2,0.1121002578051225
25.0,0.1,0.0325,1,0.13188241567936815
25.0,0.1,0.0325,2,0.13135722139821285
25.0,0.1,0.05,1,0.15508796617312398
25.0,0.1,0.05,2,0.15602383440696732
25.0,0.1,0.075,1,0.18180505464967245
25.0,0.1,0.075,2,0.18189888455834943
25.0,0.2,0.00125,1,0.06741577113307592
25.0,0.2,0.00125,2,0.06612259432390316
25.0,0.2,0.00375,1,0.0591618341165231
25.0,0.2,0.00375,2,0.05957179723930709
25.0,0.2,0.0025,1,0.06159794084485957
25.0,0.2,0.0025,2,0.06090940927733943
25.0,0.2,0.0075,1,0.06010166313661449
25.0,0.2,0.0075,2,0.06007335517500783
25.0,0.2,0.0125,1,0.06355568895904425
25.0,0.2,0.0125,2,0.06352113865806872
25.0,0.2,0.02,1,0.06975393672932972
25.0,0.2,0.02,2,0.06945093586657683
25.0,0.2,0.0325,1,0.07859590690899806
25.0,0.2,0.0325,2,0.07822220447546419
25.0,0.2,0.05,1,0.09080107596038645
25.0,0.2,0.05,2,0.08968102644440755
25.0,0.2,0.075,1,0.10405403572325074
25.0,0.2,0.075,2,0.10428416897621652
25.0,0.3,0.00125,1,0.05955201606639976
25.0,0.3,0.00125,2,0.05893720969879009
25.0,0.3,0.00375,1,0.051783807310710604
25.0,0.3,0.00375,2,0.05129363138040337
25.0,0.3,0.0025,1,0.05325325297659728
25.0,0.3,0.0025,2,0.05294589548306794
25.0,0.3,0.0075,1,0.051921930962473356
25.0,0.3,0.0075,2,0.050644464841465196
25.0,0.3,0.0125,1,0.053876837594159434
25.0,0.3,0.0125,2,0.052485841827103245
25.0,0.3,0.02,1,0.056622417058405095
25.0,0.3,0.02,2,0.05649166048314983
25.0,0.3,0.0325,1,0.06243077704881083
25.0,0.3,0.0325,2,0.06201920176312786
25.0,0.3,0.05,1,0.06974250355137754
25.0,0.3,0.05,2,0.06956144300371586
25.0,0.3,0.075,1,0.07811387475223038
25.0,0.3,0.075,2,0.07760168849776758
25.0,0.5,0.00125,1,0.045756104594998716
25.0,0.5,0.00125,2,0.044738734366016754
25.0,0.5,0.00375,1,0.041368725250117325
25.0,0.5,0.00375,2,0.03988780553785849
25.0,0.5,0.0025,1,0.04238165790982291
25.0,0.5,0.0025,2,0.0413360442266999
25.0,0.5,0.0075,1,0.04110907134838193
25.0,0.5,0.0075,2,0.039572302040030996
25.0,0.5,0.0125,1,0.04173156564414794
25.0,0.5,0.0125,2,0.04070813071327342
25.0,0.5,0.02,1,0.04439533561966097
25.0,0.5,0.02,2,0.0431059137965968
25.0,0.5,0.0325,1,0.047335067979734254
25.0,0.5,0.0325,2,0.0462284796086171
25.0,0.5,0.05,1,0.051496162417210244
25.0,0.5,0.05,2,0.04972452985974848
25.0,0.5,0.075,1,0.05654152253378954
25.0,0.5,0.075,2,0.05440891761315793
5.0,0.05,0.00025,1,0.19477107559600493
5.0,0.05,0.00025,2,0.21882714992174998
5.0,0.05,0.00075,1,0.19187532787232997
5.0,0.05,0.00075,2,0.17090282859037748
5.0,0.05,0.0005,1,0.20948375097651561
5.0,0.05,0.0005,2,0.1992901194834176
5.0,0.05,0.0015,1,0.184889871283883
5.0,0.05,0.0015,2,0.1846266631738226
5.0,0.05,0.0025,1,0.21718774612945113
5.0,0.05,0.0025,2,0.21653468903297257
5.0,0.05,0.004,1,0.2532492618209683
5.0,0.05,0.004,2,0.25401134487183324
5.0,0.05,0.006500000000000001,1,0.29722579088861906
5.0,0.05,0.006500000000000001,2,0.2965766148117312
5.0,0.05,0.01,1,0.33766661100692674
5.0,0.05,0.01,2,0.33704350216555246
5.0,0.05,0.015,1,0.3768845611269438
5.0,0.05,0.015,2,0.37637580542821814
5.0,0.15,0.00025,1,0.08465423218847501
5.0,0.15,0.00025,2,0.09223292322889687
5.0,0.15,0.00075,1,0.08675512940865042
5.0,0.15,0.00075,2,0.082387800600158
5.0,0.15,0.0005,1,0.07690743283026101
5.0,0.15,0.0005,2,0.08527132233121425
5.0,0.15,0.0015,1,0.08624800984294365
5.0,0.15,0.0015,2,0.08765282309387985
5.0,0.15,0.0025,1,0.09661206081699222
5.0,0.15,0.0025,2,0.09740474177545776
5.0,0.15,0.004,1,0.11038874016914513
5.0,0.15,0.004,2,0.109321301044066
5.0,0.15,0.006500000000000001,1,0.12894955761951835
5.0,0.15,0.006500000000000001,2,0.12903831103676763
5.0,0.15,0.01,1,0.15109241959357753
5.0,0.15,0.01,2,0.15110529676671475
5.0,0.15,0.015,1,0.17693575107605564
5.0,0.15,0.015,2,0.17676315090370265
5.0,0.1,0.00025,1,0.11725844914216184
5.0,0.1,0.00025,2,0.11442934171512335
5.0,0.1,0.00075,1,0.1228368454926934
5.0,0.1,0.00075,2,0.1105199872600657
5.0,0.1,0.0005,1,0.11773331773284208
5.0,0.1,0.0005,2,0.11307413320245538
5.0,0.1,0.0015,1,0.1127749068389713
5.0,0.1,0.0015,2,0.11165749262322248
5.0,0.1,0.0025,1,0.12804934269700935
5.0,0.1,0.0025,2,0.12710408837701168
5.0,0.1,0.004,1,0.15018529866033598
5.0,0.1,0.004,2,0.14986216474108574
5.0,0.1,0.006500000000000001,1,0.17734068615597343
5.0,0.1,0.006500000000000001,2,0.17773079710432008
5.0,0.1,0.01,1,0.20916924924256255
5.0,0.1,0.01,2,0.2077592396419232
5.0,0.1,0.015,1,0.24296292179720982
5.0,0.1,0.015,2,0.24109168991245586
5.0,0.2,0.00025,1,0.0742486921522482
5.0,0.2,0.00025,2,0.06487741559607672
5.0,0.2,0.00075,1,0.07271882030856254
5.0,0.2,0.00075,2,0.06798461693090845
5.0,0.2,0.0005,1,0.06673228461378386
5.0,0.2,0.0005,2,0.07122475543633629
5.0,0.2,0.0015,1,0.07558232760012587
5.0,0.2,0.0015,2,0.07425053386529298
5.0,0.2,0.0025,1,0.080304098900209
5.0,0.2,0.0025,2,0.08002485538631583
5.0,0.2,0.004,1,0.08993183609540228
5.0,0.2,0.004,2,0.09046452315208778
5.0,0.2,0.006500000000000001,1,0.10391404674109946
5.0,0.2,0.006500000000000001,2,0.10360202085104865
5.0,0.2,0.01,1,0.1206217013709753
5.0,0.2,0.01,2,0.1198458251398817
5.0,0.2,0.015,1,0.1399971296683608
5.0,0.2,0.015,2,0.14055803231951391
5.0,0.3,0.00025,1,0.053945936425731734
5.0,0.3,0.00025,2,0.057853038006073346
5.0,0.3,0.00075,1,0.05058346058140411
5.0,0.3,0.00075,2,0.05185866028393845
5.0,0.3,0.0005,1,0.0517646492880934
5.0,0.3,0.0005,2,0.051033795696722326
5.0,0.3,0.0015,1,0.0623253059748189
5.0,0.3,0.0015,2,0.06160256402161305
5.0,0.3,0.0025,1,0.06560585234929554
5.0,0.3,0.0025,2,0.06510338512091766
5.0,0.3,0.004,1,0.0707247401566509
5.0,0.3,0.004,2,0.07068738531149989
5.0,0.3,0.006500000000000001,1,0.0793785872552016
5.0,0.3,0.006500000000000001,2,0.07815529658779978
5.0,0.3,0.01,1,0.0895023582605922
5.0,0.3,0.01,2,0.08924417996147979
5.0,0.3,0.015,1,0.10237855896429242
5.0,0.3,0.015,2,0.10098566924038548
5.0,0.5,0.00025,1,0.03912252769945817
5.0,0.5,0.00025,2,0.041617430030326676
5.0,0.5,0.00075,1,0.039657312407636244
5.0,0.5,0.00075,2,0.04005373522907968
5.0,0.5,0.0005,1,0.04004545388661284
5.0,0.5,0.0005,2,0.038506777474839486
5.0,0.5,0.0015,1,0.049084916075668526
5.0,0.5,0.0015,2,0.04868124340647844
5.0,0.5,0.0025,1,0.05141484160377856
5.0,0.5,0.0025,2,0.051564077828687306
5.0,0.5,0.004,1,0.05477399386713031
5.0,0.5,0.004,2,0.054460365316143275
5.0,0.5,0.006500000000000001,1,0.05932768519164653
5.0,0.5,0.006500000000000001,2,0.058716206276085946
5.0,0.5,0.01,1,0.06511638043710921
5.0,0.5,0.01,2,0.06442976034657712
5.0,0.5,0.015,1,0.0721060488756153
5.0,0.5,0.015,2,0.07171171304619968
50.0,0.05,0.0025,1,0.09147950861548854
50.0,0.05,0.0025,2,0.09274291665480469
50.0,0.05,0.0075,1,0.10107097657127873
50.0,0.05,0.0075,2,0.10225899058875429
50.0,0.05,0.005,1,0.09577851993887321
50.0,0.05,0.005,2,0.09455587630532752
50.0,0.05,0.015,1,0.1210872111121296
50.0,0.05,0.015,2,0.11979076445890599
50.0,0.05,0.025,1,0.14156694409439294
50.0,0.05,0.025,2,0.1423082232162242
50.0,0.05,0.04,1,0.16843757357460767
50.0,0.05,0.04,2,0.1682433951000209
50.0,0.05,0.065,1,0.19986692409431042
50.0,0.05,0.065,2,0.19970873887717303
50.0,0.05,0.1,1,0.23236563522563228
50.0,0.05,0.1,2,0.2334048254501125
50.0,0.05,0.15,1,0.26594321113493063
50.0,0.05,0.15,2,0.26525504605565237
50.0,0.15,0.0025,1,0.06609889382471049
50.0,0.15,0.0025,2,0.06666730790991716
50.0,0.15,0.0075,1,0.06025665574112814
50.0,0.15,0.0075,2,0.05987738791810045
50.0,0.15,0.005,1,0.06063224610463754
50.0,0.15,0.005,2,0.06121402923625732
50.0,0.15,0.015,1,0.06132162625358487
50.0,0.15,0.015,2,0.06186082237776057
50.0,0.15,0.025,1,0.06649484965369311
50.0,0.15,0.025,2,0.06560597344953148
50.0,0.15,0.04,1,0.07435204388629497
50.0,0.15,0.04,2,0.07329289499748659
50.0,0.15,0.065,1,0.08409516211159865
50.0,0.15,0.065,2,0.08424664151928982
50.0,0.15,0.1,1,0.09935951711539552
50.0,0.15,0.1,2,0.09837660808713436
50.0,0.15,0.15,1,0.11414217175152547
50.0,0.15,0.15,2,0.11437383167505377
50.0,0.1,0.0025,1,0.07365103471229484
50.0,0.1,0.0025,2,0.07356372775304043
50.0,0.1,0.0075,1,0.06977984819198142
50.0,0.1,0.0075,2,0.06909784214351795
50.0,0.1,0.005,1,0.069396113789696
50.0,0.1,0.005,2,0.0688540309533695
50.0,0.1,0.015,1,0.07521311757173287
50.0,0.1,0.015,2,0.0751712054043874
50.0,0.1,0.025,1,0.08554657492479253
50.0,0.1,0.025,2,0.08557972323065133
50.0,0.1,0.04,1,0.09801491905430319
50.0,0.1,0.04,2,0.09692969457333347
50.0,0.1,0.065,1,0.11606464885977387
50.0,0.1,0.065,2,0.11525546776060769
50.0,0.1,0.1,1,0.13727397861710616
50.0,0.1,0.1,2,0.13625604734151547
50.0,0.1,0.15,1,0.15939508747041897
50.0,0.1,0.15,2,0.15944025510300563
50.0,0.2,0.0025,1,0.061169865219018585
50.0,0.2,0.0025,2,0.06327483994109533
50.0,0.2,0.0075,1,0.05381766435929315
50.0,0.2,0.0075,2,0.053817611593097905
50.0,0.2,0.005,1,0.0555835249807834
50.0,0.2,0.005,2,0.05606334741969546
50.0,0.2,0.015,1,0.054763014106536834
50.0,0.2,0.015,2,0.053301933075909184
50.0,0.2,0.025,1,0.056591689251773776
50.0,0.2,0.025,2,0.05597244551605565
50.0,0.2,0.04,1,0.06176255901998976
50.0,0.2,0.04,2,0.06190498796324591
50.0,0.2,0.065,1,0.06969749460893346
50.0,0.2,0.065,2,0.06928813088486682
50.0,0.2,0.1,1,0.07807514757712529
50.0,0.2,0.1,2,0.07894124600442794
50.0,0.2,0.15,1,0.09125584700225954
50.0,0.2,0.15,2,0.0906724767857663
50.0,0.3,0.0025,1,0.055218212042276504
50.0,0.3,0.0025,2,0.054550966921714746
50.0,0.3,0.0075,1,0.04712621441626798
50.0,0.3,0.0075,2,0.046556116169213485
50.0,0.3,0.005,1,0.04966449462549251
50.0,0.3,0.005,2,0.04845126196833263
50.0,0.3,0.015,1,0.046397105321791816
50.0,0.3,0.015,2,0.045831217621250614
50.0,0.3,0.025,1,0.04794292073582972
50.0,0.3,0.025,2,0.0476292017247931
50.0,0.3,0.04,1,0.05000146699095265
50.0,0.3,0.04,2,0.05047731082245245
50.0,0.3,0.065,1,0.05503400211086054
50.0,0.3,0.065,2,0.05449977701814572
50.0,0.3,0.1,1,0.060676844345450856
50.0,0.3,0.1,2,0.059855611388263945
50.0,0.3,0.15,1,0.06713659605778646
50.0,0.3,0.15,2,0.0674100003285038
50.0,0.5,0.0025,1,0.04055274367838456
50.0,0.5,0.0025,2,0.036465220374891555
50.0,0.5,0.0075,1,0.036632463070089626
50.0,0.5,0.0075,2,0.030902714769769673
50.0,0.5,0.005,1,0.03697123776771473
50.0,0.5,0.005,2,0.03169829265679447
50.0,0.5,0.015,1,0.034876765205560045
50.0,0.5,0.015,2,0.030817844030602278
50.0,0.5,0.025,1,0.03604270605237351
50.0,0.5,0.025,2,0.030952121720425732
50.0,0.5,0.04,1,0.03825652365411701
50.0,0.5,0.04,2,0.033224372077338075
50.0,0.5,0.065,1,0.04007163290410844
50.0,0.5,0.065,2,0.0359821209421184
50.0,0.5,0.1,1,0.04372221322310515
50.0,0.5,0.1,2,0.03892095477737761
50.0,0.5,0.15,1,0.04791401268239834
50.0,0.5,0.15,2,0.043141107622368856
