P,mu_g,Tgran,seed,chi,chi_sd,ncon,nframe
5.0,0.05,0.00075,1,0.1680112750614358,0.08309975472716699,6041,9
5.0,0.05,0.00075,2,0.183862662787478,0.08436767557149343,6449,9
5.0,0.05,0.00075,3,0.14229770877869252,0.07956230244561444,6642,9
5.0,0.05,0.00075,4,0.13683836670120197,0.07097367649018972,7732,9
5.0,0.05,0.0005,1,0.12211089842185123,0.06063978706524257,5997,9
5.0,0.05,0.0005,2,0.21481896237124076,0.04597206764834046,4470,9
5.0,0.05,0.0005,3,0.17795005383957047,0.06558082413063052,4237,9
5.0,0.05,0.0005,4,0.20709710276202475,0.07946149026914515,4923,9
5.0,0.05,0.0015,1,0.16365972912421817,0.005705960494601769,7884,9
5.0,0.05,0.0015,2,0.16247842252600211,0.005988927208766163,7873,9
5.0,0.05,0.0015,3,0.1652540018470419,0.004277661909518396,7892,9
5.0,0.05,0.0015,4,0.16569589248104413,0.004433852074620711,7856,9
5.0,0.05,0.0025,1,0.19565768425660462,0.004075592691220306,7893,9
5.0,0.05,0.0025,2,0.19576243805921986,0.005950625465751223,7897,9
5.0,0.05,0.0025,3,0.19865484894433946,0.004421145039944342,7879,9
5.0,0.05,0.0025,4,0.19713513167729207,0.004021980720268626,7878,9
5.0,0.05,0.006500000000000001,1,0.2767448536924766,0.0041374607053233465,7794,9
5.0,0.05,0.006500000000000001,2,0.2786378376963465,0.00423944192996509,7780,9
5.0,0.05,0.006500000000000001,3,0.2766214646465563,0.006202870624618778,7819,9
5.0,0.05,0.006500000000000001,4,0.27639028372361074,0.0035222519177967055,7796,9
5.0,0.05,0.015,1,0.3580544877952506,0.006324052191700044,7617,9
5.0,0.05,0.015,2,0.35891642266342266,0.004209259988690651,7603,9
5.0,0.05,0.015,3,0.36433925141743245,0.007814517315607469,7563,9
5.0,0.05,0.015,4,0.359717637287022,0.006666539896993576,7590,9
5.0,0.05,0.03,1,0.4294580126046629,0.005294538716226407,7253,9
5.0,0.05,0.03,2,0.43232411103273616,0.006555027035382699,7276,9
5.0,0.05,0.03,3,0.4305090494457397,0.00613122858459962,7221,9
5.0,0.05,0.03,4,0.42821999912230174,0.005064781871406032,7250,9
5.0,0.05,0.06,1,0.5013700571092395,0.0070130859237196065,6720,9
5.0,0.05,0.06,2,0.4967034052420035,0.005265173486598891,6752,9
5.0,0.05,0.06,3,0.4984086775420507,0.006758897193441241,6677,9
5.0,0.05,0.06,4,0.49449643009773553,0.005619690652610463,6734,9
5.0,0.05,0.125,1,0.5631869887354699,0.006567117979581799,5888,9
5.0,0.05,0.125,2,0.5638560892985005,0.007104291454011053,5919,9
5.0,0.05,0.125,3,0.5645840750755238,0.00792914716602141,5897,9
5.0,0.05,0.125,4,0.5579606623778672,0.0076208146083279705,5940,9
5.0,0.15,0.00075,1,0.04445986701265843,0.032385841023432956,7271,9
5.0,0.15,0.00075,2,0.048399879713028136,0.028888838592240066,7214,9
5.0,0.15,0.00075,3,0.06537434012019888,0.04000935163085796,6307,9
5.0,0.15,0.00075,4,0.04605150015786125,0.041166599079349504,7242,9
5.0,0.15,0.0005,1,0.06578797604386231,0.03171473660331844,4368,9
5.0,0.15,0.0005,2,0.055064169302465805,0.030845939578314427,5949,9
5.0,0.15,0.0005,3,0.062454132881206124,0.0348620128642629,5182,9
5.0,0.15,0.0005,4,0.05675539058353082,0.02628782376121341,5314,9
5.0,0.15,0.0015,1,0.06406885825275661,0.005297114589462947,7450,9
5.0,0.15,0.0015,2,0.06858393521053946,0.0035708918362783834,7449,9
5.0,0.15,0.0015,3,0.0680561013238737,0.00414454336437661,7397,9
5.0,0.15,0.0015,4,0.06524022415616686,0.003407205082568826,7435,9
5.0,0.15,0.0025,1,0.0759605041170847,0.004133465095825086,7506,9
5.0,0.15,0.0025,2,0.07680782313072748,0.005543313300215043,7489,9
5.0,0.15,0.0025,3,0.07491636439463442,0.0018247581168173194,7497,9
5.0,0.15,0.0025,4,0.07364114287537739,0.0017925289555938602,7509,9
5.0,0.15,0.006500000000000001,1,0.10888636293271842,0.006136535216411817,7591,9
5.0,0.15,0.006500000000000001,2,0.10771777614618822,0.003946745634089881,7638,9
5.0,0.15,0.006500000000000001,3,0.10843585410174286,0.004253648151618027,7606,9
5.0,0.15,0.006500000000000001,4,0.10977039286435007,0.0055007720137519285,7599,9
5.0,0.15,0.015,1,0.15816311594006763,0.005566221723187707,7578,9
5.0,0.15,0.015,2,0.1546167554279563,0.0040942394805613,7581,9
5.0,0.15,0.015,3,0.16078810274903066,0.004354528762610833,7538,9
5.0,0.15,0.015,4,0.15687118531132307,0.00668015790486093,7599,9
5.0,0.15,0.03,1,0.21189149884291544,0.0047346759229936215,7363,9
5.0,0.15,0.03,2,0.2088866422985068,0.0058771171539029245,7381,9
5.0,0.15,0.03,3,0.2146721736617765,0.0049220769881142615,7347,9
5.0,0.15,0.03,4,0.21058648803301772,0.003473878323278791,7346,9
5.0,0.15,0.06,1,0.2743829832645315,0.004422675922190245,6908,9
5.0,0.15,0.06,2,0.2687192182579414,0.004322057462555784,6915,9
5.0,0.15,0.06,3,0.27534889049942773,0.0060351297995170005,6917,9
5.0,0.15,0.06,4,0.2745922701775105,0.006647151805812824,6909,9
5.0,0.15,0.125,1,0.33767191575582334,0.0057005263860267896,6132,9
5.0,0.15,0.125,2,0.33122035966845126,0.006267225363215728,6135,9
5.0,0.15,0.125,3,0.3330489200022457,0.006195256754171761,6164,9
5.0,0.15,0.125,4,0.33709125355269753,0.006830041696120811,6146,9
5.0,0.1,0.00075,1,0.0817273146489966,0.053964553416759105,6618,9
5.0,0.1,0.00075,2,0.07983683579963391,0.06355603058757726,6883,9
5.0,0.1,0.00075,3,0.0791667463707136,0.04363328485322315,6810,9
5.0,0.1,0.00075,4,0.05269747903217894,0.02604294515936322,7679,9
5.0,0.1,0.0005,1,0.09227955692780568,0.04825671995517903,5066,9
5.0,0.1,0.0005,2,0.09036832660243865,0.03617357992515236,4783,9
5.0,0.1,0.0005,3,0.06689101804790248,0.04715795881087886,6330,9
5.0,0.1,0.0005,4,0.09091628739727074,0.05109055495969341,6114,9
5.0,0.1,0.0015,1,0.09031348680922018,0.003938346819561962,7665,9
5.0,0.1,0.0015,2,0.09111477128645323,0.002758412004853545,7623,9
5.0,0.1,0.0015,3,0.09161108683471274,0.005683148477158822,7658,9
5.0,0.1,0.0015,4,0.09026779169342651,0.0048859112175356585,7654,9
5.0,0.1,0.0025,1,0.10758930930851945,0.005396120501770013,7705,9
5.0,0.1,0.0025,2,0.10576561517128275,0.006038597608031444,7701,9
5.0,0.1,0.0025,3,0.10741583980180898,0.0065416556917030425,7703,9
5.0,0.1,0.0025,4,0.1075545627418492,0.003239644441474567,7726,9
5.0,0.1,0.006500000000000001,1,0.15806796777489665,0.005816468365377379,7746,9
5.0,0.1,0.006500000000000001,2,0.1568328575458018,0.0033682609917737513,7757,9
5.0,0.1,0.006500000000000001,3,0.15756532381245691,0.0038161909879724154,7768,9
5.0,0.1,0.006500000000000001,4,0.15921355497434211,0.003210945411008594,7734,9
5.0,0.1,0.015,1,0.2256699546663075,0.004096334913925456,7591,9
5.0,0.1,0.015,2,0.21651403720165008,0.004342026607794542,7638,9
5.0,0.1,0.015,3,0.220408577801418,0.005935562147296147,7624,9
5.0,0.1,0.015,4,0.2206988922928518,0.005046955512449637,7608,9
5.0,0.1,0.03,1,0.28612432743379546,0.005979631093897917,7349,9
5.0,0.1,0.03,2,0.28371383214280665,0.004786019521007859,7321,9
5.0,0.1,0.03,3,0.2852182338366354,0.0026533408852544276,7366,9
5.0,0.1,0.03,4,0.28601814019101596,0.005484964160578496,7326,9
5.0,0.1,0.06,1,0.3545240353306075,0.00597607170700068,6841,9
5.0,0.1,0.06,2,0.3491330316869836,0.006418375895284374,6867,9
5.0,0.1,0.06,3,0.35239382228237903,0.005008328729090853,6849,9
5.0,0.1,0.06,4,0.35407581513069236,0.0050330660773769504,6853,9
5.0,0.1,0.125,1,0.41951290498316923,0.005274130151173901,6048,9
5.0,0.1,0.125,2,0.41781388367319744,0.004461412662356338,6040,9
5.0,0.1,0.125,3,0.418011903277932,0.006402939411942247,6096,9
5.0,0.1,0.125,4,0.4173011469531782,0.005141045533324548,6042,9
5.0,0.2,0.00075,1,0.04355399855220783,0.033422250116578296,6460,9
5.0,0.2,0.00075,2,0.040112098877755735,0.03350784359460365,6343,9
5.0,0.2,0.00075,3,0.05283259825757853,0.03169397216866342,6249,9
5.0,0.2,0.00075,4,0.0453731336273582,0.029967076283451213,6316,9
5.0,0.2,0.0005,1,0.05083122904012486,0.020984742241195894,4464,9
5.0,0.2,0.0005,2,0.05048352594923799,0.02206738247986501,4742,9
5.0,0.2,0.0005,3,0.05396641033275121,0.020517505983721877,4516,9
5.0,0.2,0.0005,4,0.051299756678150926,0.023544825587749903,5110,9
5.0,0.2,0.0015,1,0.05338699376475667,0.0029911537854555386,7220,9
5.0,0.2,0.0015,2,0.052141941254973644,0.004874387265186916,7247,9
5.0,0.2,0.0015,3,0.05307209457425179,0.004253887681912441,7174,9
5.0,0.2,0.0015,4,0.054369553079816155,0.003926872778473934,7211,9
5.0,0.2,0.0025,1,0.05992155105594607,0.002047374490067461,7281,9
5.0,0.2,0.0025,2,0.060490482854639795,0.0030820409613649263,7314,9
5.0,0.2,0.0025,3,0.0583870299123527,0.0033249799299431256,7290,9
5.0,0.2,0.0025,4,0.059831652616335024,0.0038009583750295145,7307,9
5.0,0.2,0.006500000000000001,1,0.08239015585075636,0.003689792579067364,7450,9
5.0,0.2,0.006500000000000001,2,0.08346985708519279,0.0033884172608730943,7452,9
5.0,0.2,0.006500000000000001,3,0.08203860023339617,0.0025881946092294952,7434,9
5.0,0.2,0.006500000000000001,4,0.08358783949276967,0.0033025520049401406,7457,9
5.0,0.2,0.015,1,0.12010888731255642,0.002723125242109948,7517,9
5.0,0.2,0.015,2,0.1218244999879137,0.0032425381776396973,7491,9
5.0,0.2,0.015,3,0.1183182161136418,0.0028154037312036746,7488,9
5.0,0.2,0.015,4,0.12249290159258347,0.003131119617087949,7485,9
5.0,0.2,0.03,1,0.1646072823754682,0.0036837470919293762,7331,9
5.0,0.2,0.03,2,0.16484015030495583,0.0035497708872681477,7323,9
5.0,0.2,0.03,3,0.16823821299254516,0.003956952392863569,7319,9
5.0,0.2,0.03,4,0.16454075359158982,0.005258665289775281,7339,9
5.0,0.2,0.06,1,0.21964148294016844,0.004687301080308562,6941,9
5.0,0.2,0.06,2,0.2233493829279003,0.005825216739297915,6907,9
5.0,0.2,0.06,3,0.22047928938479858,0.004148039681580829,6948,9
5.0,0.2,0.06,4,0.21942717554032454,0.006014980169291258,6945,9
5.0,0.2,0.125,1,0.28211289012075114,0.00633892977644197,6165,9
5.0,0.2,0.125,2,0.28193797088826034,0.006925792678090221,6176,9
5.0,0.2,0.125,3,0.2781571928899224,0.007386082387004061,6197,9
5.0,0.2,0.125,4,0.27764893159347065,0.0038320013292814513,6170,9
5.0,0.3,0.00075,1,0.038468781046856866,0.02255159851945055,5438,9
5.0,0.3,0.00075,2,0.03123223619790806,0.018495527705210176,6365,9
5.0,0.3,0.00075,3,0.024947136475400346,0.01909716815859696,6776,9
5.0,0.3,0.00075,4,0.033175031313596864,0.018515226924056674,6117,9
5.0,0.3,0.0005,1,0.04141490255538816,0.01683946082703321,4244,9
5.0,0.3,0.0005,2,0.028466814760596655,0.01916998600718912,6117,9
5.0,0.3,0.0005,3,0.023652146571976545,0.016469625150085578,6039,9
5.0,0.3,0.0005,4,0.0317930733883958,0.018299357667298344,4740,9
5.0,0.3,0.0015,1,0.040367831503265034,0.003643288046434652,6887,9
5.0,0.3,0.0015,2,0.03903344286006676,0.0024836468976748667,6823,9
5.0,0.3,0.0015,3,0.040325788002417894,0.003916990021449393,6800,9
5.0,0.3,0.0015,4,0.03995956879550023,0.0031978495595394625,6863,9
5.0,0.3,0.0025,1,0.043429527980675856,0.001875789521706036,6950,9
5.0,0.3,0.0025,2,0.04320522460978073,0.002073520196042399,6918,9
5.0,0.3,0.0025,3,0.04423977748706939,0.0032594980251068593,6914,9
5.0,0.3,0.0025,4,0.04152440610802889,0.0019446719728985025,6928,9
5.0,0.3,0.006500000000000001,1,0.05730583253113102,0.0018628920806650527,7172,9
5.0,0.3,0.006500000000000001,2,0.06061124526581316,0.002087060678272516,7188,9
5.0,0.3,0.006500000000000001,3,0.058892766417631054,0.004286799170719268,7137,9
5.0,0.3,0.006500000000000001,4,0.05791892125919947,0.0030486389603131565,7120,9
5.0,0.3,0.015,1,0.08181362232296155,0.0036812068089748804,7266,9
5.0,0.3,0.015,2,0.08348727899415044,0.004851271360017788,7312,9
5.0,0.3,0.015,3,0.08214223183238652,0.00427284360865048,7275,9
5.0,0.3,0.015,4,0.08116811877325279,0.0032447937987483276,7277,9
5.0,0.3,0.03,1,0.11536032515877054,0.0038086007687107275,7230,9
5.0,0.3,0.03,2,0.1151194658268157,0.0035292910614481265,7259,9
5.0,0.3,0.03,3,0.11593498476352122,0.0027523014047934917,7249,9
5.0,0.3,0.03,4,0.11384508263059846,0.003068389349840058,7255,9
5.0,0.3,0.06,1,0.15630474761674573,0.0072730770322737785,6973,9
5.0,0.3,0.06,2,0.15835735022271688,0.003846935535597295,6958,9
5.0,0.3,0.06,3,0.1609185105869338,0.0033294572770542694,6923,9
5.0,0.3,0.06,4,0.1568580457404258,0.0034484213147927844,6947,9
5.0,0.3,0.125,1,0.2090776989522011,0.004219428807343125,6209,9
5.0,0.3,0.125,2,0.20490282037606147,0.004930437169331142,6245,9
5.0,0.3,0.125,3,0.20834734274328487,0.0045355557322831665,6227,9
5.0,0.3,0.125,4,0.20976836062259221,0.0036209094398513397,6200,9
5.0,0.5,0.00075,1,0.02155595211019767,0.014027190332378361,6526,9
5.0,0.5,0.00075,2,0.022435198318912254,0.011776437692046287,5576,9
5.0,0.5,0.00075,3,0.024210107841502147,0.013321810976954685,5422,9
5.0,0.5,0.00075,4,0.022549916539105576,0.01431042273604388,5899,9
5.0,0.5,0.0005,1,0.01849666456717304,0.005090649269375568,4947,9
5.0,0.5,0.0005,2,0.013419984011525462,0.00988039807802775,5894,9
5.0,0.5,0.0005,3,0.01786780409694151,0.012925269125185464,5787,9
5.0,0.5,0.0005,4,0.01693310092878447,0.009072899197438335,5040,9
5.0,0.5,0.0015,1,0.026804300102482224,0.0030836576472480057,6269,9
5.0,0.5,0.0015,2,0.027235979379348005,0.004353787332647162,6283,9
5.0,0.5,0.0015,3,0.025421799465698842,0.0021709453110196637,6303,9
5.0,0.5,0.0015,4,0.026474502905669786,0.0013257209091511529,6320,9
5.0,0.5,0.0025,1,0.0280952000495953,0.0015342999532436169,6368,9
5.0,0.5,0.0025,2,0.028609633866832924,0.0019841354584805653,6432,9
5.0,0.5,0.0025,3,0.028991245734473772,0.0014600755483397227,6382,9
5.0,0.5,0.0025,4,0.029847792673865496,0.002266576956686723,6398,9
5.0,0.5,0.006500000000000001,1,0.0379593068450979,0.002132598896809662,6606,9
5.0,0.5,0.006500000000000001,2,0.037802467855512126,0.0030530043075384415,6554,9
5.0,0.5,0.006500000000000001,3,0.0393679598530465,0.0017789574252389886,6655,9
5.0,0.5,0.006500000000000001,4,0.037075933557782444,0.0016375372925072178,6653,9
5.0,0.5,0.015,1,0.05004775651418467,0.0012369877730418774,6875,9
5.0,0.5,0.015,2,0.0521694470199903,0.0021021979826920433,6839,9
5.0,0.5,0.015,3,0.05198647739989261,0.0023170731567967342,6875,9
5.0,0.5,0.015,4,0.05036900989603595,0.0032152204372387226,6844,9
5.0,0.5,0.03,1,0.07088866285165824,0.002758843198549325,6988,9
5.0,0.5,0.03,2,0.07146885107465689,0.0031544040689551445,6963,9
5.0,0.5,0.03,3,0.07126604131837362,0.0028826439736418727,7009,9
5.0,0.5,0.03,4,0.07063128193587744,0.0021878525818696194,6978,9
5.0,0.5,0.06,1,0.09818384007272139,0.00398280654370266,6880,9
5.0,0.5,0.06,2,0.0989501121199286,0.00483834415779163,6853,9
5.0,0.5,0.06,3,0.09921076583015864,0.003284629106606025,6794,9
5.0,0.5,0.06,4,0.0989625912322155,0.002200658859949337,6816,9
5.0,0.5,0.125,1,0.13747039719654605,0.004049788711606586,6216,9
5.0,0.5,0.125,2,0.13463005315829418,0.0031147675067700093,6203,9
5.0,0.5,0.125,3,0.13806128103850837,0.0043019920324792234,6166,9
5.0,0.5,0.125,4,0.13493738332235392,0.004640872889730818,6215,9
50.0,0.05,0.0075,1,0.07702930209719325,0.002511148974136612,8552,9
50.0,0.05,0.0075,2,0.08009404134549136,0.006485008348154923,8587,9
50.0,0.05,0.0075,3,0.07898304189597156,0.005190951490491115,8547,9
50.0,0.05,0.0075,4,0.07928591116461083,0.005061366303923037,8535,9
50.0,0.05,0.005,1,0.07057251341051271,0.0030770429893365544,8550,9
50.0,0.05,0.005,2,0.07221220423618452,0.003768342329974675,8522,9
50.0,0.05,0.005,3,0.07266529483236596,0.007915669207793005,8535,9
50.0,0.05,0.005,4,0.07169285299805835,0.004130143401876404,8507,9
50.0,0.05,0.015,1,0.09932364756504994,0.004367732095115894,8602,9
50.0,0.05,0.015,2,0.0999177586974696,0.004492731736209053,8610,9
50.0,0.05,0.015,3,0.10011474930960246,0.004498285552075925,8589,9
50.0,0.05,0.015,4,0.10104731388309356,0.0033823078388745655,8584,9
50.0,0.05,0.025,1,0.1185872007726926,0.0030898593817388336,8646,9
50.0,0.05,0.025,2,0.12256829835394106,0.002694783024445191,8633,9
50.0,0.05,0.025,3,0.12004039988731224,0.0035829268928128355,8636,9
50.0,0.05,0.025,4,0.1196943740168912,0.0030453548681945936,8632,9
50.0,0.05,0.065,1,0.1815409859676151,0.0070430938026821285,8638,9
50.0,0.05,0.065,2,0.17887386242730113,0.004652756772639701,8628,9
50.0,0.05,0.065,3,0.18435530523200716,0.0038183326825556208,8630,9
50.0,0.05,0.065,4,0.18574150035201045,0.003582307383879438,8620,9
50.0,0.05,0.15,1,0.2464071645331748,0.004643855618079006,8536,9
50.0,0.05,0.15,2,0.24297881497221038,0.0051186242471867975,8561,9
50.0,0.05,0.15,3,0.24819064322416373,0.003885365660523859,8548,9
50.0,0.05,0.15,4,0.24842967202114685,0.005608082754299544,8554,9
50.0,0.05,0.3,1,0.3073223812727236,0.004485483028917929,8415,9
50.0,0.05,0.3,2,0.3073043690379475,0.005054652441326365,8397,9
50.0,0.05,0.3,3,0.3066767815298028,0.004807880327477394,8404,9
50.0,0.05,0.3,4,0.30631300977370013,0.003208082580002704,8405,9
50.0,0.05,0.6,1,0.3719156079959956,0.004616935741522036,8147,9
50.0,0.05,0.6,2,0.3702988137802887,0.004371414835931238,8129,9
50.0,0.05,0.6,3,0.37197334483584404,0.005245657948832849,8133,9
50.0,0.05,0.6,4,0.3726133630334532,0.004168365587869045,8140,9
50.0,0.05,1.25,1,0.4422636291251971,0.004145179484594483,7627,9
50.0,0.05,1.25,2,0.43959406521319166,0.008472257325607342,7658,9
50.0,0.05,1.25,3,0.4409569542357033,0.006533457719131596,7613,9
50.0,0.05,1.25,4,0.44360787922255657,0.0052452602237636065,7636,9
50.0,0.15,0.0075,1,0.03607899298265303,0.0028032400498780572,8025,9
50.0,0.15,0.0075,2,0.03629636641453953,0.0018258418213347217,8044,9
50.0,0.15,0.0075,3,0.03832411337062666,0.00310711689382703,8042,9
50.0,0.15,0.0075,4,0.03586117145402584,0.0027369269524160035,8031,9
50.0,0.15,0.005,1,0.038178348895916495,0.0029736471908722957,8002,9
50.0,0.15,0.005,2,0.03785122611729594,0.00303661565239365,7999,9
50.0,0.15,0.005,3,0.03923874753116573,0.0030049217784427654,8016,9
50.0,0.15,0.005,4,0.03665552346349803,0.0017505782285089815,7984,9
50.0,0.15,0.015,1,0.040306829944841124,0.0018768352837698298,8085,9
50.0,0.15,0.015,2,0.03971808183173178,0.002647965286178698,8102,9
50.0,0.15,0.015,3,0.038056578607723365,0.002001600010825223,8136,9
50.0,0.15,0.015,4,0.04063652078868714,0.0024852321107542426,8105,9
50.0,0.15,0.025,1,0.04370419004383584,0.0021368103851163627,8181,9
50.0,0.15,0.025,2,0.0425069326469607,0.000714373408165711,8173,9
50.0,0.15,0.025,3,0.04484513484100694,0.002226254879327802,8193,9
50.0,0.15,0.025,4,0.045268766309017314,0.0023520687321542505,8165,9
50.0,0.15,0.065,1,0.06317019133211264,0.002990059022930625,8350,9
50.0,0.15,0.065,2,0.06292993994525807,0.0021945380193228413,8330,9
50.0,0.15,0.065,3,0.06519607143473895,0.003077884200108358,8323,9
50.0,0.15,0.065,4,0.06452044260296767,0.002335394028305888,8331,9
50.0,0.15,0.15,1,0.09296826323808932,0.00322332098053582,8447,9
50.0,0.15,0.15,2,0.09466276205299745,0.003028914013913532,8431,9
50.0,0.15,0.15,3,0.09523671271237856,0.0028228044722768413,8452,9
50.0,0.15,0.15,4,0.09569459767610246,0.0016046189500065107,8413,9
50.0,0.15,0.3,1,0.13379126510628309,0.004708617584415768,8390,9
50.0,0.15,0.3,2,0.13297599448498396,0.0025149523655022717,8415,9
50.0,0.15,0.3,3,0.1328305120354792,0.0032213046157262447,8383,9
50.0,0.15,0.3,4,0.13606881509141674,0.0043019073710805185,8403,9
50.0,0.15,0.6,1,0.18288155975549805,0.0031364657484948292,8207,9
50.0,0.15,0.6,2,0.17875040195635916,0.005182755225360213,8234,9
50.0,0.15,0.6,3,0.18131012523404205,0.005558330996274379,8224,9
50.0,0.15,0.6,4,0.1816563726392378,0.0029633461581153025,8240,9
50.0,0.15,1.25,1,0.23931847530200548,0.0025533228358857614,7800,9
50.0,0.15,1.25,2,0.23783710883875775,0.006452754313693509,7824,9
50.0,0.15,1.25,3,0.23752545139412692,0.004288870969795725,7787,9
50.0,0.15,1.25,4,0.24078606716271203,0.004237420791076521,7782,9
50.0,0.1,0.0075,1,0.04672029661511703,0.002656167290191575,8281,9
50.0,0.1,0.0075,2,0.04802920748184697,0.003554916505323618,8275,9
50.0,0.1,0.0075,3,0.04644668531551219,0.0037721262523165862,8308,9
50.0,0.1,0.0075,4,0.047257286713474844,0.002849628792121083,8297,9
50.0,0.1,0.005,1,0.04737821475944823,0.004175215742589131,8267,9
50.0,0.1,0.005,2,0.04492965858706517,0.0023982056920438233,8252,9
50.0,0.1,0.005,3,0.04577067550187223,0.002674630504243547,8250,9
50.0,0.1,0.005,4,0.04746804704038244,0.0060487860972838585,8265,9
50.0,0.1,0.015,1,0.05357886537611135,0.0027992693926309022,8323,9
50.0,0.1,0.015,2,0.055766232721870326,0.0038261636332684594,8351,9
50.0,0.1,0.015,3,0.05495947235803639,0.0024241381259335975,8383,9
50.0,0.1,0.015,4,0.05185100163347895,0.00286020336050193,8365,9
50.0,0.1,0.025,1,0.06320143651162878,0.0021143767608788693,8401,9
50.0,0.1,0.025,2,0.0663065737119721,0.0033854115165008925,8395,9
50.0,0.1,0.025,3,0.0641902639248917,0.0026806634739032966,8401,9
50.0,0.1,0.025,4,0.06232980241922191,0.0018118267004573918,8419,9
50.0,0.1,0.065,1,0.09518021006385084,0.005402474120048826,8498,9
50.0,0.1,0.065,2,0.09518167080437444,0.0026880672797086943,8476,9
50.0,0.1,0.065,3,0.09524868119052406,0.003058663402880035,8539,9
50.0,0.1,0.065,4,0.09421145181668639,0.004040935959036142,8523,9
50.0,0.1,0.15,1,0.141131161070958,0.005482237602903966,8520,9
50.0,0.1,0.15,2,0.13684488590939342,0.003657969634927022,8533,9
50.0,0.1,0.15,3,0.14014720144408535,0.003910633696044365,8520,9
50.0,0.1,0.15,4,0.13797486629487754,0.0041495567593961575,8526,9
50.0,0.1,0.3,1,0.18775180075855202,0.0032610255506497665,8411,9
50.0,0.1,0.3,2,0.18675227961247143,0.005113238655387407,8448,9
50.0,0.1,0.3,3,0.19216065432544915,0.004072793553699338,8399,9
50.0,0.1,0.3,4,0.19020304491155451,0.003387185354840386,8440,9
50.0,0.1,0.6,1,0.24651523444426593,0.004856608704658462,8147,9
50.0,0.1,0.6,2,0.24684433429673172,0.0040287431715202,8195,9
50.0,0.1,0.6,3,0.24596627478328909,0.004716121010523103,8194,9
50.0,0.1,0.6,4,0.2453228286214942,0.004190818818610228,8204,9
50.0,0.1,1.25,1,0.3120229827315677,0.0060453424267570095,7738,9
50.0,0.1,1.25,2,0.3105058208596099,0.005325490159094146,7723,9
50.0,0.1,1.25,3,0.3077856334645713,0.007237635082024863,7752,9
50.0,0.1,1.25,4,0.3103602802231442,0.003908589316121503,7718,9
50.0,0.2,0.0075,1,0.0334309019777259,0.0026847282687490325,7824,9
50.0,0.2,0.0075,2,0.03190593786141542,0.0014752346900747052,7814,9
50.0,0.2,0.0075,3,0.03264528773158806,0.0017591050464385491,7828,9
50.0,0.2,0.0075,4,0.03129313625101492,0.0022203152232452886,7847,9
50.0,0.2,0.005,1,0.03406229375384259,0.00199693812506448,7802,9
50.0,0.2,0.005,2,0.032118614036666236,0.0023914777685197174,7773,9
50.0,0.2,0.005,3,0.03567375610873025,0.003946578947970334,7776,9
50.0,0.2,0.005,4,0.03364531558463282,0.0016524245475805887,7823,9
50.0,0.2,0.015,1,0.03331802172496139,0.0015477594962123367,7910,9
50.0,0.2,0.015,2,0.03148276306081889,0.0013235512360599045,7895,9
50.0,0.2,0.015,3,0.034220040581820474,0.0021498733313563144,7893,9
50.0,0.2,0.015,4,0.032218738307042465,0.0021952534333573854,7901,9
50.0,0.2,0.025,1,0.037375795205397674,0.0019236331632251516,7973,9
50.0,0.2,0.025,2,0.03716558811479362,0.001320504253072641,7961,9
50.0,0.2,0.025,3,0.03729597999890517,0.0030010064835796183,7973,9
50.0,0.2,0.025,4,0.03704351594356746,0.0025294808135620708,7951,9
50.0,0.2,0.065,1,0.04901365968467807,0.0035248256054922268,8148,9
50.0,0.2,0.065,2,0.04953896309580902,0.0019486111547087966,8133,9
50.0,0.2,0.065,3,0.05067664003866577,0.0025830309212305437,8184,9
50.0,0.2,0.065,4,0.0473800142201691,0.0015258098713655439,8137,9
50.0,0.2,0.15,1,0.07267791128736358,0.0016555792550663783,8264,9
50.0,0.2,0.15,2,0.07148664277896939,0.0027026541830342116,8295,9
50.0,0.2,0.15,3,0.07282676717173518,0.0018523573971656283,8318,9
50.0,0.2,0.15,4,0.07180867119524817,0.0033478516723429615,8313,9
50.0,0.2,0.3,1,0.10131586044433595,0.003435617202374503,8318,9
50.0,0.2,0.3,2,0.10061614863309086,0.003944647029294043,8342,9
50.0,0.2,0.3,3,0.09977113902106165,0.004425548954476095,8332,9
50.0,0.2,0.3,4,0.09977435337433087,0.003775037907141864,8342,9
50.0,0.2,0.6,1,0.13883780113243754,0.003478907067562554,8243,9
50.0,0.2,0.6,2,0.13852173837248916,0.002634524031120543,8236,9
50.0,0.2,0.6,3,0.13780553342573099,0.004575049822815062,8241,9
50.0,0.2,0.6,4,0.13848298771118522,0.0030509177219732644,8208,9
50.0,0.2,1.25,1,0.19339961368268774,0.004313512765564406,7847,9
50.0,0.2,1.25,2,0.1919650630946397,0.003457060929171705,7851,9
50.0,0.2,1.25,3,0.1961033829536718,0.0032671189364268144,7840,9
50.0,0.2,1.25,4,0.1931608470451064,0.004663250582423192,7875,9
50.0,0.3,0.0075,1,0.026225659223459586,0.0009887593899425323,7461,9
50.0,0.3,0.0075,2,0.026068351142409293,0.0016659018185832992,7535,9
50.0,0.3,0.0075,3,0.026232950114060745,0.002321988338439047,7491,9
50.0,0.3,0.0075,4,0.026191648132400283,0.0018665958653135979,7457,9
50.0,0.3,0.005,1,0.026754814733743845,0.0013189275130367454,7424,9
50.0,0.3,0.005,2,0.027903334102509905,0.002138457664098357,7486,9
50.0,0.3,0.005,3,0.028093490526476726,0.001745911970295341,7458,9
50.0,0.3,0.005,4,0.02775604278582003,0.002143800699590487,7453,9
50.0,0.3,0.015,1,0.025412391158469227,0.001852051481923201,7555,9
50.0,0.3,0.015,2,0.02565979776108339,0.0013080705217603397,7587,9
50.0,0.3,0.015,3,0.026230676313503704,0.002285452413136646,7578,9
50.0,0.3,0.015,4,0.024997814872737282,0.0018912969432562474,7547,9
50.0,0.3,0.025,1,0.027435385502036225,0.0015916741062496711,7649,9
50.0,0.3,0.025,2,0.02670955500534583,0.0010566818058357485,7633,9
50.0,0.3,0.025,3,0.028724887123208087,0.0016854442971230032,7609,9
50.0,0.3,0.025,4,0.028283894130656382,0.0016109527151890674,7633,9
50.0,0.3,0.065,1,0.035467532084008775,0.0017179142846509522,7822,9
50.0,0.3,0.065,2,0.033947782999873895,0.0016591501907060678,7832,9
50.0,0.3,0.065,3,0.036118349926547604,0.0015540228909948404,7826,9
50.0,0.3,0.065,4,0.0344217406517766,0.002882079262329577,7831,9
50.0,0.3,0.15,1,0.04910686835800921,0.0022814871793760626,8037,9
50.0,0.3,0.15,2,0.0484750469743983,0.0025287582542159208,8042,9
50.0,0.3,0.15,3,0.04863666117616991,0.0033535979004027275,8051,9
50.0,0.3,0.15,4,0.04901936174183603,0.0030629661550154053,8012,9
50.0,0.3,0.3,1,0.06803794582657081,0.0023284011155751644,8159,9
50.0,0.3,0.3,2,0.06639645281310205,0.002173490987706252,8142,9
50.0,0.3,0.3,3,0.06741771180866006,0.0021864860477693064,8148,9
50.0,0.3,0.3,4,0.06611599769208092,0.0021946289484503344,8155,9
50.0,0.3,0.6,1,0.09384392992741454,0.00225276726795806,8185,9
50.0,0.3,0.6,2,0.09496826435737574,0.002713293760392532,8147,9
50.0,0.3,0.6,3,0.09767664487905672,0.002795309678250069,8169,9
50.0,0.3,0.6,4,0.09523099972849572,0.0027701056423539345,8173,9
50.0,0.3,1.25,1,0.13808384463032367,0.003770200299160271,7874,9
50.0,0.3,1.25,2,0.13630065357794063,0.003140616533778292,7839,9
50.0,0.3,1.25,3,0.13651675898608023,0.004245690470428287,7834,9
50.0,0.3,1.25,4,0.13751497088603704,0.0030918603923576677,7846,9
50.0,0.5,0.0075,1,0.018084139082108302,0.0014411287517123092,7003,9
50.0,0.5,0.0075,2,0.018496804338423673,0.002122421951289767,7023,9
50.0,0.5,0.0075,3,0.01750279879518149,0.001143730003558025,6963,9
50.0,0.5,0.0075,4,0.01838254687927981,0.001980959198734061,6987,9
50.0,0.5,0.005,1,0.019564968766516328,0.0017952750273496662,6975,9
50.0,0.5,0.005,2,0.019731641992495254,0.0013820873555326402,6994,9
50.0,0.5,0.005,3,0.018975049104958445,0.0018824421256739474,6967,9
50.0,0.5,0.005,4,0.019252588843151144,0.0015787531073477457,6979,9
50.0,0.5,0.015,1,0.01693849015894591,0.0021089296782700584,7082,9
50.0,0.5,0.015,2,0.01774687626002141,0.0019480203107289683,7085,9
50.0,0.5,0.015,3,0.017415596967746496,0.001641323337494606,7063,9
50.0,0.5,0.015,4,0.019999585072425323,0.0015044347459582624,7077,9
50.0,0.5,0.025,1,0.018923273257009945,0.001312596177694585,7168,9
50.0,0.5,0.025,2,0.019190069331235016,0.0015000217892798498,7133,9
50.0,0.5,0.025,3,0.01963742146580386,0.0013834912132735966,7089,9
50.0,0.5,0.025,4,0.01973590562644837,0.0014469124487418268,7165,9
50.0,0.5,0.065,1,0.02280033768953176,0.001125425037857687,7329,9
50.0,0.5,0.065,2,0.023850549265106658,0.0020104981149539946,7314,9
50.0,0.5,0.065,3,0.02438949727854343,0.0019209729303785123,7297,9
50.0,0.5,0.065,4,0.02412669538907303,0.0016828176333323695,7313,9
50.0,0.5,0.15,1,0.03153435019642405,0.0009063998850681055,7568,9
50.0,0.5,0.15,2,0.03138028846771993,0.002180051076762537,7558,9
50.0,0.5,0.15,3,0.03200011986115041,0.0016022526198980194,7545,9
50.0,0.5,0.15,4,0.029651211610847193,0.0021112831866196276,7566,9
50.0,0.5,0.3,1,0.042711015663123165,0.0014448885613199793,7762,9
50.0,0.5,0.3,2,0.04258153004541187,0.0022696092711515683,7749,9
50.0,0.5,0.3,3,0.04136574003324221,0.0027332683451680127,7793,9
50.0,0.5,0.3,4,0.04121252567836799,0.0022740823316273226,7762,9
50.0,0.5,0.6,1,0.057204340231136123,0.003018053090737173,7946,9
50.0,0.5,0.6,2,0.05512437809616782,0.002746360467875976,7925,9
50.0,0.5,0.6,3,0.05768049771358853,0.004418180784841928,7895,9
50.0,0.5,0.6,4,0.0567388138570745,0.0016933071996129657,7907,9
50.0,0.5,1.25,1,0.0818508470039024,0.002882049223746405,7805,9
50.0,0.5,1.25,2,0.08618549109578341,0.0020562260782873575,7825,9
50.0,0.5,1.25,3,0.08602665024017073,0.002873588211262208,7757,9
50.0,0.5,1.25,4,0.08641732682570055,0.002790463033882065,7781,9
