mu_g,Tgran,seed,mu,Theta,A_c,A_n
0.05,0.0015,1,0.16495924129629636,5.9351593370370384e-05,0.029397366498050127,0.0494652666385241
0.05,0.0015,2,0.16930446111111117,5.741299422222222e-05,0.03023538688451576,0.049033583525371974
0.05,0.0015,3,0.16557850055555554,5.8810700407407394e-05,0.032235271108328786,0.04406152111796033
0.05,0.005,1,0.12963160611111113,0.00019753485388888887,0.02323023978993782,0.039900326679133354
0.05,0.005,2,0.12639973833333334,0.0001946240992592593,0.0259215911830504,0.03778424911127501
0.05,0.005,3,0.12820860240740742,0.00019491329462962962,0.024247105939933438,0.035397838030498716
0.05,0.013,1,0.10762436327777777,0.0005780216296296298,0.02155040749433358,0.030260322944509466
0.05,0.013,2,0.12305593555555555,0.0005910604614814815,0.024224163711699366,0.03531764048469548
0.05,0.013,3,0.11922270005555556,0.0005837638681481482,0.025124498707263472,0.03408922643041833
0.05,0.03,1,0.10225370862962962,0.001657400207407407,0.023701660371319218,0.026131423676269028
0.05,0.03,2,0.10949382098148146,0.0016521126851851854,0.025163079637357547,0.028291747294381536
0.05,0.03,3,0.10399236011111113,0.0016448382425925925,0.022624390631041838,0.02772282548314088
0.0,0.0015,1,0.10000472196296296,0.00030925158833333336,0.019000741845082755,0.026939970859869516
0.0,0.0015,2,0.11545476,0.0002893279822222222,0.024786958491979993,0.029379640179607404
0.0,0.0015,3,0.11430247277777777,0.00028570104629629625,0.024590161908938344,0.02803174868626405
0.0,0.005,1,0.10677083862962959,0.0007023501824074073,0.02209142974998475,0.028705838675849724
0.0,0.005,2,0.10437185748148149,0.0007036722964814813,0.021873938601164912,0.027336513133976843
0.0,0.005,3,0.10743127462962963,0.000703565133703704,0.021621446973743037,0.03077226818188579
0.0,0.013,1,0.0992809000740741,0.0016250619370370366,0.0223229337652656,0.027296611115339237
0.0,0.013,2,0.09521246603703704,0.0016667020796296297,0.020171164585941613,0.02318996709350538
0.0,0.013,3,0.08943556338888889,0.0016520002611111113,0.01925861362846919,0.020806127756708988
0.0,0.03,1,0.0904727758148148,0.003631626916666667,0.020327516269107303,0.022041684825405257
0.0,0.03,2,0.10120297898148148,0.0036686586759259255,0.023157492254870883,0.026077406349294542
0.0,0.03,3,0.09322732987037038,0.0036973508703703702,0.021106544306114444,0.02120992817436135
0.15,0.0015,1,0.24358454277777777,6.8413934e-05,0.041993275022124764,0.06773364717908088
0.15,0.0015,2,0.26396399425925926,6.997079862962961e-05,0.04288800073130622,0.07662971883337412
0.15,0.0015,3,0.24965322518518518,7.048015614814815e-05,0.042067169520644696,0.07186444211121548
0.15,0.005,1,0.20796113185185183,0.00018980812203703705,0.03527362728053915,0.06050181529057129
0.15,0.005,2,0.2234809512962963,0.00018793573777777778,0.034467634875030885,0.06684260829332643
0.15,0.005,3,0.19958633111111107,0.00019915805074074074,0.03391879192417602,0.05863084787938504
0.15,0.013,1,0.1681611790740741,0.0004245368287037038,0.028538423259259933,0.049855164498818
0.15,0.013,2,0.16784617037037033,0.00042580091444444437,0.027485752919147153,0.04923840604583761
0.15,0.013,3,0.16689529592592595,0.0004423704301851852,0.029794805987962546,0.048846433759347725
0.15,0.03,1,0.1335358374074074,0.0010320548003703702,0.025376156915683387,0.039084841783705304
0.15,0.03,2,0.12770639944444442,0.0010050262307407408,0.023924376758983918,0.03749059632726523
0.15,0.03,3,0.1261064062962963,0.0009928879740740738,0.02441018111368282,0.035294995082666994
0.1,0.0015,1,0.2216094807407407,6.006684620370371e-05,0.035014316818803015,0.06854210357405946
0.1,0.0015,2,0.22078364296296296,6.027416753703703e-05,0.035971927217645056,0.0660454456775047
0.1,0.0015,3,0.2159580905555556,6.427004090740742e-05,0.03833628311368366,0.05934766908066981
0.1,0.005,1,0.16604592074074073,0.0001754777572222222,0.028116500047644502,0.04966433819562939
0.1,0.005,2,0.18381281925925924,0.00017772612629629632,0.03237466670951286,0.05409276189853218
0.1,0.005,3,0.17486025555555557,0.00017439652351851855,0.03037651632009947,0.052537303992003445
0.1,0.013,1,0.13750890018518516,0.00044877814000000003,0.027006541452614562,0.040078208158014175
0.1,0.013,2,0.13645501777777777,0.000442639959074074,0.02424246178739361,0.03946539086013337
0.1,0.013,3,0.1332093962962963,0.0004552654890740741,0.026474458673372614,0.04008538414386105
0.1,0.03,1,0.10981564688888891,0.001172444088888889,0.024659675772216862,0.029141471072734095
0.1,0.03,2,0.11079479416666667,0.0011577842685185189,0.022289226880184154,0.03306070951044461
0.1,0.03,3,0.10851464233333334,0.0011084009148148149,0.023315038988119256,0.02983577553937349
0.2,0.0015,1,0.2823905127777777,7.585661661111112e-05,0.04111035889188426,0.08342646019285423
0.2,0.0015,2,0.28232888962962965,7.96977462037037e-05,0.04307601384300439,0.08064605586795193
0.2,0.0015,3,0.26166985388888897,7.463354301851851e-05,0.03843426267262935,0.07736549732192688
0.2,0.005,1,0.24252459537037035,0.00020049393092592594,0.036747456306133464,0.0729413762818735
0.2,0.005,2,0.2406093861111111,0.00022011893351851856,0.03843914535655793,0.0708413656168946
0.2,0.005,3,0.22126729870370368,0.00021274208166666662,0.03452666020768981,0.0665413586051895
0.2,0.013,1,0.18081953592592595,0.0004571818429629629,0.02959527038881671,0.05468923608575182
0.2,0.013,2,0.20089034537037037,0.00046866555240740736,0.034020938231734126,0.05862262804900464
0.2,0.013,3,0.1745181874074074,0.00045193930759259256,0.02885955949583251,0.05244295408896282
0.2,0.03,1,0.1407126003703704,0.0009535603625925927,0.02736260737056957,0.039465040519578054
0.2,0.03,2,0.14198875314814816,0.000972617497962963,0.02600995272905865,0.04200166148160923
0.2,0.03,3,0.14834721240740745,0.0009528146401851852,0.02722933454812444,0.04477323271300322
0.3,0.0015,1,0.3104404418518519,0.00010425538403703705,0.04747043645846154,0.08574650378425933
0.3,0.0015,2,0.30605666925925923,0.00010714711957407407,0.04736632140900155,0.08436665436815616
0.3,0.0015,3,0.3094238738888889,0.0001040082796851852,0.04560764591575117,0.08496245768133383
0.3,0.005,1,0.28090208777777775,0.0002714332122222223,0.04359970092124437,0.07843124569014366
0.3,0.005,2,0.2701414762962963,0.0002737916803703704,0.03988750512242571,0.07771981029425007
0.3,0.005,3,0.27543685018518516,0.0002618514537037037,0.039515564074928906,0.08029207448726347
0.3,0.013,1,0.22979283722222224,0.0005660700485185184,0.03594630986550307,0.06770959510557684
0.3,0.013,2,0.22551992037037039,0.0005587683111111111,0.03407470138416102,0.06852605364585257
0.3,0.013,3,0.23097674444444447,0.0005314803935185185,0.03559176421051914,0.07046554720922589
0.3,0.03,1,0.19116192499999998,0.001025592833148148,0.029875255184132476,0.059536817523541084
0.3,0.03,2,0.17622500111111117,0.0010431977614814814,0.030298984705213333,0.05422342978846646
0.3,0.03,3,0.18900615111111113,0.0010652430425925927,0.030633848417312256,0.060763429622644805
0.4,0.0005,1,0.34744292722222214,4.649564957407408e-05,0.04949754987600955,0.09303861107415509
0.4,0.0005,2,0.43271825592592594,5.101889335185185e-05,0.07366162087052476,0.12166501731730758
0.4,0.0005,3,0.2957213172222222,5.079840596296297e-05,0.0397744765977682,0.08308915135296588
0.4,0.001,1,0.33207051481481475,8.474096879629628e-05,0.05061196029049542,0.08780821800350265
0.4,0.001,2,0.33230606388888895,8.204321675925929e-05,0.05208909134085829,0.08704134584448031
0.4,0.001,3,0.31959764592592593,8.860531237037037e-05,0.046137448130657004,0.0855025932834545
0.4,0.003,1,0.3158223979629629,0.0002082751420370371,0.0474602270491052,0.08616249295424278
0.4,0.003,2,0.30985378055555557,0.0002211081568518519,0.04673702842526752,0.08319865002030584
0.4,0.003,3,0.30219902018518524,0.00021369590722222223,0.044499343756102705,0.08284631285694076
0.4,0.008,1,0.27722115370370365,0.0004519231077777777,0.040845173088085156,0.07794152446234696
0.4,0.008,2,0.28662700907407407,0.00044276859351851847,0.040887859284622914,0.08699367513845921
0.4,0.008,3,0.27430906129629623,0.00045038474833333325,0.03925050566738572,0.07984630824160314
0.4,0.02,1,0.24940092555555557,0.0008300405355555555,0.03828244866823878,0.07393740292871412
0.4,0.02,2,0.23451879833333336,0.0008523394353703703,0.03608487269953299,0.06996327911587563
0.4,0.02,3,0.23130262425925924,0.0008745648624074074,0.03251299189680998,0.0705069320862404
0.5,0.0015,1,0.33773140592592593,0.00014305550185185186,0.053591477010377746,0.08264018090241827
0.5,0.0015,2,0.3354267496296296,0.00013366637314814818,0.05086080046161514,0.08583698481802667
0.5,0.0015,3,0.32090984629629626,0.00013797419555555554,0.048307812476345836,0.08506344660297967
0.5,0.005,1,0.32061618537037034,0.0003601415096296295,0.04782564560913214,0.08788269993738855
0.5,0.005,2,0.32395938407407415,0.00033026782425925924,0.05003389976614276,0.08746273753319414
0.5,0.005,3,0.3057452425925926,0.0003485381966666666,0.04567077178381584,0.08417039207517718
0.5,0.013,1,0.29168497055555553,0.0007064896907407408,0.046053389930628776,0.0819527829385829
0.5,0.013,2,0.2850952812962963,0.0007139415575925927,0.04184164833088992,0.07956100773880428
0.5,0.013,3,0.27984013703703703,0.0007040964611111114,0.03822389505084971,0.08159753388531203
0.5,0.03,1,0.24586087888888888,0.001295751944444445,0.03946877014075527,0.07033392928319823
0.5,0.03,2,0.22499074388888887,0.0012699210685185188,0.03646108555702753,0.06840234299271203
0.5,0.03,3,0.23079636370370368,0.0012817866148148145,0.034378128443830196,0.07096436276054967
0.6,0.0005,1,0.3429769062962964,6.101688085185185e-05,0.05564413319976732,0.08162609953543266
0.6,0.0005,2,0.41580965462962965,5.2881961000000006e-05,0.06330097264054708,0.10312522564045243
0.6,0.0005,3,0.3460361744444445,5.9680092259259265e-05,0.05074392711852496,0.08940385830559733
0.6,0.001,1,0.3300994596296296,0.00011351357944444443,0.053074270706696805,0.08452960292882905
0.6,0.001,2,0.3524686498148148,0.00010726360296296296,0.05481103500650537,0.08822246777898085
0.6,0.001,3,0.3367789290740741,0.00010857982057407404,0.05059069791328577,0.08383719656817228
0.6,0.003,1,0.3213205457407408,0.0002663687935185185,0.04940414824627406,0.08252150894332907
0.6,0.003,2,0.3108046418518519,0.00026354291166666666,0.046657653370282146,0.0833384798871762
0.6,0.003,3,0.3102349290740741,0.0002681755679629629,0.045251378207962274,0.08392086370347791
0.6,0.008,1,0.30144052333333343,0.000550296700925926,0.04877362518359328,0.08111815868877738
0.6,0.008,2,0.31126906259259257,0.0005556796812962963,0.04723803969009111,0.08550025398993605
0.6,0.008,3,0.3119680387037037,0.0005596179477777777,0.04590793196693796,0.08577836887229742
0.6,0.02,1,0.28683357833333334,0.0010643279877777777,0.04454502769314822,0.08020910694083769
0.6,0.02,2,0.27906405907407406,0.0010526752966666666,0.041355896900874684,0.08011237365293117
0.6,0.02,3,0.2588164322222222,0.0010757626787037038,0.036213120404980946,0.07886136109410008
0.8,0.0005,1,0.3584532601851852,6.866673349999999e-05,0.05780817930558333,0.08338368261343222
0.8,0.0005,2,0.3473908988888889,7.024882940740741e-05,0.05490502671918733,0.08263762841417532
0.8,0.0005,3,0.36033771277777765,7.3172068e-05,0.05676677584212956,0.083935155538375
0.8,0.001,1,0.35266964185185184,0.00012682847407407408,0.056003971970354526,0.088062336793262
0.8,0.001,2,0.3490670575925926,0.00012274502648148145,0.05504185282862884,0.08529077096865312
0.8,0.001,3,0.3414245100000001,0.00013054350648148148,0.0506388034097688,0.08582375305924743
0.8,0.003,1,0.3353804042592593,0.00030576067314814814,0.052200022469835745,0.08454479449512933
0.8,0.003,2,0.3337012822222221,0.000292441770925926,0.05613479199670474,0.08427025168176717
0.8,0.003,3,0.31474317925925926,0.00030144569314814816,0.043309408942888594,0.0835950285060037
0.8,0.008,1,0.3175192881481481,0.0006183529412962962,0.046056638240182995,0.08626446922097118
0.8,0.008,2,0.3397536262962963,0.0006152593961111111,0.04974535687856971,0.09015408725404174
0.8,0.008,3,0.30848102111111114,0.0006352281103703704,0.044382145375916546,0.08217512061088816
0.8,0.02,1,0.2962324283333333,0.0011970657166666667,0.04509776475837317,0.0847193571605228
0.8,0.02,2,0.3031597740740741,0.0011766339777777779,0.04759543397311177,0.08288768621365215
0.8,0.02,3,0.28869669981481483,0.0011865895925925924,0.0407727919536716,0.08286667471722453
1.0,0.0015,1,0.3176642007407408,0.00021417160962962963,0.052245086180090404,0.07405338007323398
1.0,0.0015,2,0.3493887396296296,0.00020218517722222218,0.05208985132420482,0.08763795802966388
1.0,0.0015,3,0.3261665590740741,0.00020184637351851852,0.05111014775538874,0.08107003151993195
1.0,0.005,1,0.3189253272222223,0.0005012641327777778,0.04783656998068207,0.0851160305498611
1.0,0.005,2,0.3400592887037038,0.0005083193729629629,0.053750783186262294,0.08323862553603704
1.0,0.005,3,0.306688822037037,0.0005036024240740742,0.0474107588558538,0.0796902588071821
1.0,0.013,1,0.31401981796296297,0.0010002544216666668,0.04672151495378057,0.08796318526481788
1.0,0.013,2,0.30979434962962965,0.0009789362457407408,0.04794814901753429,0.08175125749658017
1.0,0.013,3,0.3225773759259259,0.001002948514814815,0.049279260871581354,0.0827192894685737
1.0,0.03,1,0.2824078222222222,0.0017631008555555555,0.04483193026525096,0.0788399425173907
1.0,0.03,2,0.2876974025925926,0.0016402394555555552,0.04394979050227306,0.08074062111233116
1.0,0.03,3,0.2846819455555555,0.0017513428666666667,0.04283649599485286,0.0782666699748528
1.5,0.0005,1,0.35068526555555574,0.00010355213983333334,0.058091994588550716,0.08027575666922403
1.5,0.0005,2,0.3445586174074074,0.00011275432724074074,0.052796264033410326,0.08350053441858009
1.5,0.0005,3,0.3470959542592592,0.00011070805749999997,0.055246956973877784,0.07965996033737367
1.5,0.001,1,0.34884771425925926,0.00018057424092592596,0.05721689018196725,0.07642067632837223
1.5,0.001,2,0.3198147074074073,0.00018801640055555555,0.050187124943002794,0.07585416032974514
1.5,0.001,3,0.3447838331481482,0.00016717789759259258,0.05276915262220683,0.08270839982227716
1.5,0.003,1,0.3362621205555556,0.00037556505833333335,0.055680667413542266,0.07775526610023273
1.5,0.003,2,0.3287067033333333,0.00038707374111111105,0.054361254491706514,0.07898277206303893
1.5,0.003,3,0.34374732462962965,0.000407674643888889,0.055674708054033566,0.08561872043356485
1.5,0.008,1,0.33173640499999996,0.0007565370614814816,0.05565095912152775,0.07979667844489785
1.5,0.008,2,0.31597064518518525,0.0007947916375925928,0.05325124043030285,0.0765591493451371
1.5,0.008,3,0.3187495533333333,0.0008260739653703704,0.05580972324391959,0.0811536435153442
1.5,0.02,1,0.3222567185185185,0.0014678307185185186,0.048761782723252954,0.0869908114040375
1.5,0.02,2,0.29859871537037036,0.001508753988888889,0.04519515303321662,0.08078303729325462
1.5,0.02,3,0.3045250477777778,0.0014789925314814812,0.04784373181522188,0.07869249792996189
2.0,0.0005,1,0.33494783666666667,0.00012130840388888888,0.054029081863502235,0.0781636758207161
2.0,0.0005,2,0.3599095722222223,0.00012815695894444445,0.05455765934880213,0.0819079329439984
2.0,0.0005,3,0.3279429462962963,0.00013382993790740741,0.05122648239577246,0.07720946632809889
2.0,0.001,1,0.3205911718518519,0.00019235487185185186,0.05180884323750794,0.0778408078299759
2.0,0.001,2,0.3444755935185186,0.000202876182962963,0.05743265446592203,0.08455303429013336
2.0,0.001,3,0.32059240407407413,0.00020172461166666667,0.051777431840569356,0.07862742046875248
2.0,0.003,1,0.33745065018518516,0.0004211757153703704,0.056608560270334396,0.07905703266657468
2.0,0.003,2,0.3255811785185185,0.0004198880581481482,0.053769761625218765,0.07586548367821522
2.0,0.003,3,0.3340270057407407,0.0004089489518518518,0.053447173787279464,0.08051715995224738
2.0,0.008,1,0.29358233833333336,0.0008563484903703704,0.0493640988207097,0.07577306690550072
2.0,0.008,2,0.3242260972222222,0.0008576197162962962,0.0515113556906127,0.0763070334180633
2.0,0.008,3,0.31297355759259254,0.0008516435364814814,0.051360480160933,0.07849031133416481
2.0,0.02,1,0.30045224777777774,0.0015127334574074076,0.050183527808205224,0.0804211112833492
2.0,0.02,2,0.3013459424074074,0.0016008015370370372,0.04810396813525007,0.0777728853898716
2.0,0.02,3,0.32675046740740743,0.0015614134444444441,0.05341285764647682,0.08582206026637094
