P,mu_g,Tgran,seed,mu,a_c,a_n,a_t,Theta
5.0,0.05,0.00075,1,0.2540632535944583,0.15051521931306006,0.3490702788456527,0.0018032993018491843,8.646453614285711e-05
5.0,0.05,0.00075,2,0.38083610920397754,0.41205259334852967,0.3382581391580496,0.0012714896584629506,8.559541853571429e-05
5.0,0.05,0.00075,3,0.40331698440201424,0.40754942750975015,0.3889886044048201,0.0019781428269904687,8.33676672142857e-05
5.0,0.05,0.00075,4,0.21042470187827153,0.09834521343011875,0.31339347884616753,0.0009320647076814549,8.576229071428572e-05
5.0,0.05,0.0005,1,0.21981708474728026,0.05507413960107868,0.38257722781896053,-0.0001342800092145828,8.183715032142857e-05
5.0,0.05,0.0005,2,0.37020872025385687,0.4567761118637055,0.26430959768596146,0.00722415506314347,8.811043817857142e-05
5.0,0.05,0.0005,3,0.18156713306663186,0.07358239690252248,0.28586848604388204,-2.650562507401099e-05,8.898735071428572e-05
5.0,0.05,0.0005,4,0.2691276342331683,0.2655847509120635,0.2599049501952969,0.0030879247371801313,8.528318742857142e-05
5.0,0.05,0.0015,1,0.1282240632017057,0.09804127279819719,0.1521242599702152,0.0013725287780041004,9.100158732142856e-05
5.0,0.05,0.0015,2,0.11121634557253203,0.07281003491898769,0.14397394541552824,0.0014203712190437908,9.20816785e-05
5.0,0.05,0.0015,3,0.12588741392778977,0.0937987374691401,0.1508858875457255,0.0015026541489189258,8.902736110714286e-05
5.0,0.05,0.0015,4,0.13006278852174058,0.10163062148764555,0.15217006951105563,0.0014428107305597408,9.942489507142858e-05
5.0,0.05,0.0025,1,0.11271714357775513,0.08704864112844625,0.1337348995028646,0.001298667368294067,0.00014456801071428572
5.0,0.05,0.0025,2,0.1175229779265225,0.09238213960634654,0.13681709912863854,0.0011579919214456868,0.0001499765492857143
5.0,0.05,0.0025,3,0.10765896050168951,0.08274634758130006,0.12831335441958577,0.0009474796129655829,0.00014816819857142857
5.0,0.05,0.0025,4,0.12228123257259073,0.09012788322231284,0.1470379029099196,0.0012320751950229945,0.00015357597964285713
5.0,0.05,0.006500000000000001,1,0.09905107941087155,0.07983935522513118,0.11432301318553985,0.0006290162049695709,0.0004059770132142857
5.0,0.05,0.006500000000000001,2,0.1086564396597138,0.08245288229970198,0.13065588628805805,0.00011809906824708548,0.0004074107775
5.0,0.05,0.006500000000000001,3,0.1024091470087096,0.08922930393958309,0.11011126257082406,0.000912988105875082,0.00039517548714285714
5.0,0.05,0.006500000000000001,4,0.11234849719853068,0.0876020886842378,0.13399443225176533,0.0005680514139558453,0.00040871289142857146
5.0,0.05,0.015,1,0.09173007887908402,0.08331294328320343,0.09647965748265645,8.929828397334427e-05,0.0010262458835714285
5.0,0.05,0.015,2,0.09257827472865178,0.08464952672894249,0.09468894414439627,0.0003147091543743494,0.0010249093714285713
5.0,0.05,0.015,3,0.08658496293415952,0.07618223312937386,0.09348894532165757,0.00015689104640430787,0.0010503235489285714
5.0,0.05,0.015,4,0.09756661086723128,0.08624141281162555,0.10408838894952627,0.00015715677602220695,0.0010602066732142857
5.0,0.05,0.03,1,0.09579350473567809,0.09069116215391672,0.09510836832680142,0.0003451558693899849,0.0023659673678571433
5.0,0.05,0.03,2,0.08346709946644683,0.07997130231717503,0.08218880577494456,0.0002748774317518369,0.0023248452857142854
5.0,0.05,0.03,3,0.09074036897611298,0.08428101596961723,0.09322693649545888,0.00022132641675247597,0.0024096497285714287
5.0,0.05,0.03,4,0.07934787491949641,0.08004492138893254,0.07474833013843157,0.00017482385590590459,0.0024071133357142856
5.0,0.05,0.06,1,0.07660943665388864,0.07776816288135617,0.07113788074806268,0.0003848921438327233,0.0053046508142857145
5.0,0.05,0.06,2,0.07945324398327316,0.08377645197716059,0.0710563469728324,0.0003684930253458987,0.005289946628571429
5.0,0.05,0.06,3,0.08522851009087534,0.09976631871507599,0.06635224685210422,0.00015937554516520734,0.005359338575
5.0,0.05,0.06,4,0.08857991974078155,0.0938880936049606,0.0792259235567991,0.00013209551312132634,0.005368465342857142
5.0,0.05,0.125,1,0.06442235370822467,0.081049590113179,0.045131794674930836,-0.00014204341048582633,0.01283112032142857
5.0,0.05,0.125,2,0.06910478040132437,0.08110363492332483,0.05458663977027653,0.00026049526902992374,0.012695895749999997
5.0,0.05,0.125,3,0.061850091589647924,0.07541875850076492,0.047885129750016665,-4.442020141253846e-05,0.012811665642857142
5.0,0.05,0.125,4,0.06627029000784168,0.08129506213153147,0.048751363841076215,2.191025291920429e-05,0.012854356928571427
5.0,0.15,0.00075,1,0.2698376978771973,0.20266125345115682,0.3275212093374084,0.0026579039477380487,6.431869053571429e-05
5.0,0.15,0.00075,2,0.27433010733724317,0.19103113248879894,0.34561084282221954,0.003950343104568258,6.492045178571428e-05
5.0,0.15,0.00075,3,0.3227134059665592,0.3437328928419052,0.29003446275389194,0.0035687354149224085,6.921007942857142e-05
5.0,0.15,0.00075,4,0.26934857879343455,0.2087137555493747,0.32079453062054875,0.0031745440530754577,6.310295835714286e-05
5.0,0.15,0.0005,1,0.33520704274638147,0.31753934863655175,0.343864845012164,0.0037375003619295115,6.306712703571428e-05
5.0,0.15,0.0005,2,0.32878907991457523,0.3266684241045602,0.32192058465057094,0.0034006318685470723,6.218301139285715e-05
5.0,0.15,0.0005,3,0.3302984603256439,0.34227307659799616,0.3075731779395247,0.004569984560766351,6.031222592857144e-05
5.0,0.15,0.0005,4,0.18170242221427874,0.11263491623871694,0.24410465345015372,0.00053480039135689,6.919746489285714e-05
5.0,0.15,0.0015,1,0.18880776818365172,0.13269254142385942,0.22617432767459272,0.0133710892154238,8.551064214285714e-05
5.0,0.15,0.0015,2,0.1855270722732522,0.12212681691328815,0.2313282232665249,0.012741042733141097,8.8021566e-05
5.0,0.15,0.0015,3,0.18655353267911506,0.13169851924410597,0.22439181960790971,0.011944685839142296,9.262410807142857e-05
5.0,0.15,0.0015,4,0.1891480860169865,0.12779169919573719,0.22790224692173236,0.01321451418136896,8.749229103571427e-05
5.0,0.15,0.0025,1,0.1697957030296467,0.11399567188038678,0.21068612105028478,0.009767022489148828,0.00013301341785714287
5.0,0.15,0.0025,2,0.17417361694682212,0.11744114817548978,0.21507985424614315,0.009926471550815304,0.0001354343607142857
5.0,0.15,0.0025,3,0.1731075080236364,0.12516748263286337,0.20869290525547277,0.008971582305699414,0.0001373907775
5.0,0.15,0.0025,4,0.17650080476354935,0.12147580381253323,0.2113801180755556,0.009995146604910807,0.00013449890928571428
5.0,0.15,0.006500000000000001,1,0.13665559152353776,0.10307494230245513,0.16138721681040363,0.004306445706170404,0.0003143862589285715
5.0,0.15,0.006500000000000001,2,0.13251469216074427,0.10105395356612888,0.15689777004949168,0.0042938860242255975,0.0003035291500000001
5.0,0.15,0.006500000000000001,3,0.14915325376959496,0.11009721857838727,0.18098925200217192,0.005080837899769098,0.00031485025357142854
5.0,0.15,0.006500000000000001,4,0.14025257225697413,0.10236666532934799,0.16546416947313838,0.0049350570001522485,0.00032017684714285714
5.0,0.15,0.015,1,0.12215497232784606,0.1029819016542053,0.13661857569482783,0.0020669475563952645,0.0007108094639285714
5.0,0.15,0.015,2,0.11914094206303497,0.09294750247315525,0.13917968906094952,0.00235763168841261,0.0007224814996428571
5.0,0.15,0.015,3,0.12208497128637236,0.09713964316926128,0.13730687459251412,0.003441880927112828,0.0007294381850000001
5.0,0.15,0.015,4,0.1197313376431828,0.09389592086442919,0.1371508137453753,0.002117240386604491,0.0007139057935714284
5.0,0.15,0.03,1,0.09797695787492437,0.09617291693332201,0.09529655350484535,0.0008433968850060832,0.0015609675321428572
5.0,0.15,0.03,2,0.1031721466109769,0.09320470961242003,0.10698918985688001,0.0011409587625830556,0.0015831995428571431
5.0,0.15,0.03,3,0.10496614890975496,0.09016155355461232,0.11313570470959083,0.0021099023461732705,0.0015992451535714286
5.0,0.15,0.03,4,0.10241325430583506,0.08569097169162064,0.11198842495238202,0.001204771827648529,0.0015947167392857142
5.0,0.15,0.06,1,0.09042167792918486,0.09349055607546856,0.08268050469512912,0.0017298604530288845,0.003708804439285715
5.0,0.15,0.06,2,0.0889518546319234,0.08946778176679411,0.08310911760681737,0.001139996154126085,0.003621148267857143
5.0,0.15,0.06,3,0.09403415710930695,0.09215485837187605,0.0915331533292495,0.0004422351190806718,0.0036934249892857153
5.0,0.15,0.06,4,0.09536445571870561,0.09392569425024706,0.09304330084075217,0.00131199340939111,0.0037330660750000003
5.0,0.15,0.125,1,0.07705501112902836,0.09096941066978806,0.05988817621654362,0.0008709798100061612,0.009333783989285716
5.0,0.15,0.125,2,0.07777715227372131,0.0892611398727326,0.05966227433010296,0.0010461038771320463,0.009354795782142858
5.0,0.15,0.125,3,0.08777212088728287,0.10191024945436122,0.06698748127615814,0.0007687620511741029,0.009334055639285714
5.0,0.15,0.125,4,0.08108087854945488,0.09815966896570165,0.06010687054707067,0.0016146758338393993,0.009391706260714287
5.0,0.1,0.00075,1,0.29737517841108885,0.2826297292243174,0.30439721999592567,0.0016599413491437853,6.527231110714285e-05
5.0,0.1,0.00075,2,0.2765816590620107,0.18984867341012082,0.35676447850601367,0.00037305312374560353,7.179818335714286e-05
5.0,0.1,0.00075,3,0.2505091591793251,0.2161261006959106,0.27473275111313633,0.003417329335449558,6.631655882142858e-05
5.0,0.1,0.00075,4,0.20262499894917077,0.10957109462079563,0.2876329519652666,0.0022765192399300483,6.504475039285714e-05
5.0,0.1,0.0005,1,0.4035307545840496,0.46353067751175736,0.3299615995779633,0.006240164663202143,6.805221314285714e-05
5.0,0.1,0.0005,2,0.19905046076975852,0.12202009791821124,0.26698568340749024,0.0022146503032169813,7.092983792857143e-05
5.0,0.1,0.0005,3,0.25734264232357534,0.1875432870889338,0.32161175434994904,0.0011981464177628122,6.913251671428571e-05
5.0,0.1,0.0005,4,0.1709995780222322,0.07995675699692577,0.257675412711399,0.000636435368803731,7.789176157142858e-05
5.0,0.1,0.0015,1,0.15631509977540767,0.10599872925271987,0.1972729654017672,0.0062415587920931674,8.365857714285715e-05
5.0,0.1,0.0015,2,0.15338696898656407,0.1077537738633822,0.188433145817495,0.0058843917338959615,8.711982203571428e-05
5.0,0.1,0.0015,3,0.16141512353085227,0.11354682635144082,0.19785350837741927,0.006118514460156501,8.503623142857145e-05
5.0,0.1,0.0015,4,0.1586288200431289,0.11231769996896691,0.19535689143007257,0.0062977494837840355,8.259960907142857e-05
5.0,0.1,0.0025,1,0.15143889122848575,0.11153044965381594,0.18335375312315294,0.004278141063160182,0.00012571845964285715
5.0,0.1,0.0025,2,0.14599662152191964,0.10637232223146648,0.17556537498994507,0.0041053064279468,0.00013095510714285715
5.0,0.1,0.0025,3,0.14253286755493433,0.10540284945422518,0.1697914368680921,0.0044799876756688745,0.00013310050392857143
5.0,0.1,0.0025,4,0.1382676835702817,0.09450551547958369,0.17399838469828766,0.004375674878760004,0.00012972171678571432
5.0,0.1,0.006500000000000001,1,0.12596740695793848,0.09683099844878408,0.15090368745692262,0.0011582977236544295,0.00031798721357142854
5.0,0.1,0.006500000000000001,2,0.10814243981072305,0.07423374589492507,0.1360521296822731,0.002168983802325235,0.0003176065846428572
5.0,0.1,0.006500000000000001,3,0.1240570327405731,0.09323886881282312,0.14758569345169914,0.0017193095165153416,0.0003185531017857142
5.0,0.1,0.006500000000000001,4,0.11598444838457232,0.08752073610575317,0.14072738191855103,0.001967593969253923,0.00033194348678571435
5.0,0.1,0.015,1,0.11225113295606122,0.09297171107889454,0.12678613473651495,0.001020146743820242,0.0008057455207142858
5.0,0.1,0.015,2,0.11140226033936657,0.08842134470097367,0.13075409096203489,0.0008415033759501053,0.0007817839346428571
5.0,0.1,0.015,3,0.10676435163252598,0.08783736399560083,0.12131708079608426,0.001291531371908241,0.0007911115446428571
5.0,0.1,0.015,4,0.09980850757222089,0.08579646541178372,0.1087218196590361,0.0012802277733467303,0.0008161963521428571
5.0,0.1,0.03,1,0.09172176804550841,0.08374313521996694,0.0962327043822792,0.0008573853312328144,0.0018000981642857146
5.0,0.1,0.03,2,0.0895261827461413,0.08599941155920006,0.09000991176080281,0.0005620713997159078,0.0018309446964285716
5.0,0.1,0.03,3,0.09544230717153351,0.08570513055136714,0.10162886174896067,0.0008425464981526101,0.0017866081142857144
5.0,0.1,0.03,4,0.09172511581553675,0.08009330855129966,0.09419297858535106,0.0014037020204252955,0.0018720748785714285
5.0,0.1,0.06,1,0.08596345000957804,0.09095386606994647,0.07761104708906799,0.00036141250957223725,0.004261173353571428
5.0,0.1,0.06,2,0.0804177639271478,0.0908998608025785,0.06638159469549133,0.0006806399375799068,0.004220657967857143
5.0,0.1,0.06,3,0.10217730631992245,0.10491249313655922,0.09569305496462584,0.0006368724800121044,0.0042388377428571435
5.0,0.1,0.06,4,0.07670154359511878,0.08105101951951318,0.06971309133568161,0.0004096454353602691,0.004291640710714286
5.0,0.1,0.125,1,0.06970609616940844,0.07879447728069447,0.056904810306052184,0.00042935431369178285,0.010797384821428571
5.0,0.1,0.125,2,0.07216102794124163,0.08114988775589653,0.05646251611088439,0.0003711985613091273,0.010714280499999998
5.0,0.1,0.125,3,0.0805335654236937,0.09832986277730126,0.06082231254627424,0.000633097019337778,0.010637300214285715
5.0,0.1,0.125,4,0.08070924216001835,0.10609650758999092,0.051852349244778106,0.0008805924635145615,0.010789605357142854
5.0,0.2,0.00075,1,0.30164515302642836,0.2865198683529402,0.30583428393289086,0.00456083713848069,6.147012517857143e-05
5.0,0.2,0.00075,2,0.31383302389011736,0.24863306048062112,0.3712704308954469,0.0014769274407917061,5.7371518250000006e-05
5.0,0.2,0.00075,3,0.3381894912110105,0.32929355547647843,0.3321465787546174,0.006640504507107013,5.9297675321428585e-05
5.0,0.2,0.00075,4,0.3249377421107217,0.3439130846415785,0.2958991229688908,0.0028322940377583945,5.509805346428572e-05
5.0,0.2,0.0005,1,0.32815961588383996,0.2687754270416064,0.37195300744314497,0.005778246748554002,5.860651210714286e-05
5.0,0.2,0.0005,2,0.3886304076297303,0.4667419776127296,0.2980186499234703,0.0065975453497003535,6.369002682142856e-05
5.0,0.2,0.0005,3,0.39696932828599774,0.512053120605431,0.2619542697399851,0.009646196395985383,6.152757399999999e-05
5.0,0.2,0.0005,4,0.38654337633711106,0.4496734753085844,0.30794326703345803,0.006497264683789159,6.42825435e-05
5.0,0.2,0.0015,1,0.2148453105666758,0.14801161910024935,0.25437000962432044,0.02116385947190212,9.380697257142859e-05
5.0,0.2,0.0015,2,0.20219955292032138,0.13937262456852617,0.2382631710329885,0.020802023377170818,9.27673505357143e-05
5.0,0.2,0.0015,3,0.2092299079618952,0.1431249146158995,0.2487265236901767,0.020601109340910376,9.927798128571428e-05
5.0,0.2,0.0015,4,0.20777089570627577,0.1443128407925381,0.24569054363455634,0.019394894989769176,9.581501107142857e-05
5.0,0.2,0.0025,1,0.2021426414816653,0.1494375744353511,0.23439528593920114,0.01726644201428993,0.00014165482678571428
5.0,0.2,0.0025,2,0.1905041174114337,0.1315563165126632,0.22687079228188983,0.015880432502517413,0.00014056887035714287
5.0,0.2,0.0025,3,0.2058344838648003,0.14285896420162525,0.24423439787032553,0.01755562557365614,0.00014154441142857145
5.0,0.2,0.0025,4,0.19278380826966096,0.1319328972959104,0.23296795697257602,0.016480665286338955,0.0001423701642857143
5.0,0.2,0.006500000000000001,1,0.16159071972451938,0.1287675468598875,0.18013304376576705,0.007399745060602524,0.0003227450789285714
5.0,0.2,0.006500000000000001,2,0.15705479941420955,0.11742192305098362,0.18461300924585328,0.008188944065748098,0.00032187570249999996
5.0,0.2,0.006500000000000001,3,0.16249026234421662,0.11789851696825854,0.1919506074883498,0.007542105117780394,0.0003231017671428571
5.0,0.2,0.006500000000000001,4,0.15899849146824,0.11726266807607505,0.18563024488893748,0.008646165943885484,0.00032394802000000004
5.0,0.2,0.015,1,0.13745274994885337,0.1129123027335242,0.15343032128843717,0.003314017083640448,0.0007012869992857144
5.0,0.2,0.015,2,0.13034051685084622,0.10724058137035819,0.14447432888408926,0.0032153080925662325,0.0007121365078571429
5.0,0.2,0.015,3,0.12235635543575236,0.09226123253077391,0.145856424097781,0.0027775972608165803,0.00070945899
5.0,0.2,0.015,4,0.1376052409091168,0.11029666235343273,0.1545598988031523,0.004677055457183912,0.0007086710860714286
5.0,0.2,0.03,1,0.11602693844857183,0.10721924487803186,0.11779986166212386,0.0022151742155019014,0.0014683161714285715
5.0,0.2,0.03,2,0.11942087438068533,0.105613573198829,0.12606930644287362,0.002067752283269728,0.0014847800714285712
5.0,0.2,0.03,3,0.10775661455531178,0.08610379380437518,0.12352692462905887,0.0021107519582260854,0.0014788999892857144
5.0,0.2,0.03,4,0.10649164466386901,0.08974831652336962,0.11763151213412575,0.0008327017234327365,0.0014857091321428572
5.0,0.2,0.06,1,0.09087800662700497,0.08909143553561742,0.08569674905826026,0.0010136674164998574,0.0033682217000000005
5.0,0.2,0.06,2,0.09627040207054473,0.08948103752246814,0.09401179236683849,0.0023905388801401632,0.003380990260714286
5.0,0.2,0.06,3,0.10105689566910045,0.09303437554040404,0.10343429502951944,0.0006895172995432577,0.0033784709821428577
5.0,0.2,0.06,4,0.09115877755737961,0.093383872161879,0.08551762820997072,0.0004737710245852412,0.0033873682142857146
5.0,0.2,0.125,1,0.09172162759265493,0.11119174922626779,0.06377647375632756,0.001802185861456073,0.008516512778571428
5.0,0.2,0.125,2,0.08092785273974624,0.0932910882415896,0.06305889475073828,0.0017148209096099025,0.008394748453571427
5.0,0.2,0.125,3,0.09449002958724252,0.10861026238457305,0.07641231042817959,0.0007370870057030387,0.008516022685714286
5.0,0.2,0.125,4,0.07183649087220376,0.08895065189452513,0.04998978586621835,0.001491088085421129,0.008618453217857144
5.0,0.3,0.00075,1,0.38871543292945787,0.4571349056890987,0.31073064221815333,0.0014943454698549978,6.290803842857143e-05
5.0,0.3,0.00075,2,0.2227606442940256,0.15486027536827746,0.2789725907387509,0.004270106207263232,5.8178283e-05
5.0,0.3,0.00075,3,0.2501425888986107,0.22457160615480082,0.2667355730877583,0.002378512477984336,5.592451617857144e-05
5.0,0.3,0.00075,4,0.34742908390647664,0.35621993405941166,0.3213591810760273,0.007959723642311397,5.870745439285715e-05
5.0,0.3,0.0005,1,0.4245768000837605,0.5141419803728527,0.31425345614615435,0.00933260069673702,5.8648706071428584e-05
5.0,0.3,0.0005,2,0.39621871201097425,0.3907392751331447,0.3869747562142206,0.0062254485457155055,6.7261615e-05
5.0,0.3,0.0005,3,0.2993267977403697,0.23295914042328808,0.356995564283336,0.0024106598830316906,6.426327267857143e-05
5.0,0.3,0.0005,4,0.32361822632108883,0.2769796004301369,0.3590327510690895,0.005168718467523937,6.653739046428572e-05
5.0,0.3,0.0015,1,0.23987406837376307,0.16215983102630874,0.27652269750147035,0.03723444669534161,0.00010456977571428573
5.0,0.3,0.0015,2,0.25199577516857163,0.17839117269694285,0.28346253350693795,0.037953545153879706,0.00011261863392857143
5.0,0.3,0.0015,3,0.2311586590742104,0.15362898678629447,0.2705531056110423,0.03125121356237613,0.00011596806071428573
5.0,0.3,0.0015,4,0.24073436896081116,0.16228336568876206,0.2764135071972996,0.035601802440564996,0.00011553777478571427
5.0,0.3,0.0025,1,0.21702843186224213,0.14349941168001143,0.2594836020260218,0.02690024802295476,0.00016777184142857148
5.0,0.3,0.0025,2,0.23670347124042598,0.16843468836409825,0.26821424618794887,0.03286156080717198,0.00016945445499999998
5.0,0.3,0.0025,3,0.23081252842086217,0.1549491374882155,0.26878039520781505,0.030928849011051578,0.00017140168678571427
5.0,0.3,0.0025,4,0.23038935336248936,0.15875735383257517,0.2610259212699818,0.03340816143278794,0.00016827738428571427
5.0,0.3,0.006500000000000001,1,0.18446333225495848,0.12075248930463818,0.2223705402550769,0.019428460465029686,0.00034252555214285714
5.0,0.3,0.006500000000000001,2,0.2003072817435254,0.14179212099789318,0.23491080391242983,0.01994363074502569,0.00034076791035714287
5.0,0.3,0.006500000000000001,3,0.18255420198105418,0.12308047003529222,0.2159036299026701,0.01977625031586662,0.0003625549310714285
5.0,0.3,0.006500000000000001,4,0.19236412032629477,0.13302526412569562,0.22843863018349472,0.01679507579760899,0.0003691407385714286
5.0,0.3,0.015,1,0.15621583941894354,0.11819068818037899,0.1788635123488545,0.009105330058817621,0.0007299080642857143
5.0,0.3,0.015,2,0.16070782019526045,0.11958503200767777,0.18772145056142625,0.008477760160427322,0.000727483175
5.0,0.3,0.015,3,0.1562228834897079,0.11928766181252966,0.17753234784741226,0.009051215567806102,0.0007228409996428572
5.0,0.3,0.015,4,0.15019122014491537,0.10878072409905482,0.17941590796141887,0.008667188218342468,0.0007434479407142856
5.0,0.3,0.03,1,0.12481153452185205,0.10401340744565617,0.13444337209992424,0.004142213316203418,0.0014157334714285715
5.0,0.3,0.03,2,0.1279470968254489,0.10610694935014958,0.14108710269196206,0.003811947190981324,0.001395989682142857
5.0,0.3,0.03,3,0.1274967138657435,0.10114033756183821,0.14084804456010167,0.004423297405526078,0.001423971839285714
5.0,0.3,0.03,4,0.12486606305305663,0.11274656045535231,0.1280530387994811,0.0046195146196876015,0.001408576242857143
5.0,0.3,0.06,1,0.11125767113285237,0.10586501439570856,0.11074250838378727,0.0028711790923093383,0.0029693713392857147
5.0,0.3,0.06,2,0.11595367498744441,0.1181928309916264,0.10406054777900547,0.0033213386833138283,0.0030042385428571427
5.0,0.3,0.06,3,0.11481729546707752,0.11145331376567899,0.1081623871883586,0.002506671204359461,0.0030173841428571433
5.0,0.3,0.06,4,0.10780244295983664,0.10119039632764641,0.10922879358543933,0.0029668053172240225,0.0030306730321428567
5.0,0.3,0.125,1,0.09584211047125073,0.1104705318427511,0.0783798509726705,0.0005882782837651104,0.0076912802749999985
5.0,0.3,0.125,2,0.09459256966385934,0.10683775695831912,0.07476714875011813,0.003744102227124518,0.00755175574642857
5.0,0.3,0.125,3,0.09100265412126303,0.10178540029836752,0.07330934907108025,0.0012648673599255575,0.007538524817857142
5.0,0.3,0.125,4,0.08985811513408298,0.09959314647366597,0.07390023105437543,0.0022530835505580335,0.007793213710714285
5.0,0.5,0.00075,1,0.3369463207641698,0.3781992363024975,0.2844772112246068,0.004407120314209783,5.7403904392857146e-05
5.0,0.5,0.00075,2,0.37577644507778124,0.4324349682496778,0.3037178290003875,0.006175463529385055,5.584837910714285e-05
5.0,0.5,0.00075,3,0.40450490968189895,0.4581235350176702,0.33678103055525976,0.005942165228570274,6.176507496428572e-05
5.0,0.5,0.00075,4,0.40398951285739043,0.4549478108222723,0.3416790377036163,0.0028862657669116295,5.716064671428571e-05
5.0,0.5,0.0005,1,0.23148802250398076,0.2449477930057566,0.19971387335625077,0.00755040560683516,5.5956884142857144e-05
5.0,0.5,0.0005,2,0.27987258314064545,0.1443962989352796,0.40966918001512975,0.0019072486822978782,5.878683682142857e-05
5.0,0.5,0.0005,3,0.27139241813105186,0.1373022356091392,0.39466312368026113,0.0056536179604794535,5.763777235714285e-05
5.0,0.5,0.0005,4,0.35153104054629963,0.3940104069558368,0.2963126113580954,0.005228977208203132,6.039516482142857e-05
5.0,0.5,0.0015,1,0.2573100767464108,0.18684842773894164,0.2619315149532837,0.057843788829965735,0.00014921076928571428
5.0,0.5,0.0015,2,0.2260027655125016,0.14671218552329748,0.24363243345895733,0.05696885116996601,0.0001455933942857143
5.0,0.5,0.0015,3,0.25443888817788807,0.17137803606609092,0.26959816686796984,0.059955154229981183,0.00014335486785714284
5.0,0.5,0.0015,4,0.2590846900132838,0.1801245964562629,0.2687498911224882,0.06425652395266626,0.00014199868464285714
5.0,0.5,0.0025,1,0.2530648210481321,0.17903344631883195,0.2625578084965586,0.055519641091894674,0.00022010649392857143
5.0,0.5,0.0025,2,0.21988114048093557,0.144044817908124,0.2330651379350497,0.05639570749123773,0.0002071521028571429
5.0,0.5,0.0025,3,0.24470288400917775,0.16440648572727784,0.2666085375639128,0.050729525534325845,0.0002104280467857143
5.0,0.5,0.0025,4,0.24557968613375664,0.1774071911448815,0.2559389213119554,0.05482865642340203,0.00021486121107142857
5.0,0.5,0.006500000000000001,1,0.2183920979031908,0.1604839468351973,0.23226378369745346,0.03646407085683023,0.000449026595
5.0,0.5,0.006500000000000001,2,0.20157745156276194,0.1363111407881692,0.2266648765608291,0.03688084056369575,0.00045977243285714276
5.0,0.5,0.006500000000000001,3,0.22009692567887254,0.15039098494050554,0.24817883017542014,0.0374142028048352,0.00044401129464285717
5.0,0.5,0.006500000000000001,4,0.21443492911160358,0.15430722004352623,0.22985698822985137,0.03791865578971517,0.0004352727150000001
5.0,0.5,0.015,1,0.1927964989348624,0.15059366299912483,0.20590564677263135,0.023055384094726482,0.0008532647367857142
5.0,0.5,0.015,2,0.17987347374293658,0.13078607802557177,0.20067629613635227,0.021111732355608207,0.0008512159878571428
5.0,0.5,0.015,3,0.18541455326522385,0.13428728425916825,0.21002350224435037,0.021421645267310614,0.0008376942242857142
5.0,0.5,0.015,4,0.18847116997269497,0.1386209034701214,0.21229527906427817,0.020343317206358957,0.0008455329735714286
5.0,0.5,0.03,1,0.15724819722028227,0.12666977225473217,0.16894126357581418,0.01229458895937219,0.0014955017499999998
5.0,0.5,0.03,2,0.16044001485032242,0.1259540167034102,0.18013000757556996,0.00935762928280684,0.001483323525
5.0,0.5,0.03,3,0.15438685534730964,0.125442609261753,0.16815937673263606,0.010582502851637452,0.001457357825
5.0,0.5,0.03,4,0.153599547240949,0.12869364139111042,0.1652983205945024,0.009985560727202211,0.0015081058142857144
5.0,0.5,0.06,1,0.1280817157627919,0.11779538885013603,0.12411284105140862,0.007593407639972167,0.002911069803571429
5.0,0.5,0.06,2,0.10358102366793026,0.09509194257526404,0.10511291544259843,0.006242599637173275,0.002922223982142857
5.0,0.5,0.06,3,0.12285411754989095,0.1113209367008464,0.12251458837542525,0.006904458735851333,0.0030463583357142857
5.0,0.5,0.06,4,0.11713023578108674,0.11041819182351936,0.11527975610835689,0.006455265951395003,0.0029869653571428572
5.0,0.5,0.125,1,0.10057360592812184,0.10738046822659837,0.08432197763698805,0.00538845733338399,0.006861675542857145
5.0,0.5,0.125,2,0.10023806448712097,0.11225506271543072,0.07701822080608034,0.006826166981703369,0.007023394828571428
5.0,0.5,0.125,3,0.10077783447369545,0.10969115364898996,0.08265080351681953,0.004623246610811916,0.007095898224999999
5.0,0.5,0.125,4,0.0932091991761103,0.10388845898700295,0.07618092155569875,0.003873521054930887,0.0070172455964285715
50.0,0.05,0.0075,1,0.11866327558867806,0.07324734410532217,0.1594945010928419,0.0030835912756429266,0.0006246742207142857
50.0,0.05,0.0075,2,0.12262587711493023,0.07021964783155336,0.16737173483853335,0.0029964006158671452,0.0005904708292857143
50.0,0.05,0.0075,3,0.14210938349830546,0.08422701472363744,0.19367178739278015,0.0028916810370272065,0.0006729402114285713
50.0,0.05,0.0075,4,0.12790619088275676,0.07488720457169158,0.1722069884922154,0.002934729471362473,0.0006377072292857142
50.0,0.05,0.005,1,0.13042366103631176,0.07393286255252302,0.18063416277458505,0.0036422781615428157,0.00045085991892857143
50.0,0.05,0.005,2,0.13219417119536053,0.08130080191025577,0.17610472058221532,0.003453198749317683,0.0004614129639285714
50.0,0.05,0.005,3,0.14545295618410561,0.08634474205917683,0.19746187414718713,0.003952802846225418,0.00045631013821428575
50.0,0.05,0.005,4,0.14276413210410385,0.07779873725792456,0.19911443363926462,0.003797711357882119,0.00044520292571428573
50.0,0.05,0.015,1,0.1084147792298395,0.07187700111539679,0.14116187177283876,0.0019177791262858343,0.0011808783710714286
50.0,0.05,0.015,2,0.11215525206931114,0.05934830122433357,0.1584737225954792,0.0018825608930986431,0.0011278212507142857
50.0,0.05,0.015,3,0.11579068088800801,0.06351207403338549,0.16292706817572258,0.0016751056324428712,0.0011440107250000001
50.0,0.05,0.015,4,0.11987167235240406,0.06583889159932507,0.1667285936149196,0.0019452897710615013,0.0011925587535714286
50.0,0.05,0.025,1,0.11163459965957023,0.06932756669251094,0.150280612182088,0.0011991124749339424,0.0018401086214285714
50.0,0.05,0.025,2,0.10454088683360216,0.06107444364466427,0.14361528980751856,0.0014517348667350879,0.0018230672535714287
50.0,0.05,0.025,3,0.10885333871727852,0.062074528782898826,0.15137845282539858,0.0010266053001587714,0.0018587466464285714
50.0,0.05,0.025,4,0.10760955974792386,0.059347398660718746,0.1509496400063795,0.001213228221079232,0.0018531380928571428
50.0,0.05,0.065,1,0.09187414240847966,0.06007845341228443,0.1224821186179057,0.0004328813173923603,0.005120260282142857
50.0,0.05,0.065,2,0.08656946642516809,0.05627089147351974,0.11467755234806838,0.000768565382206884,0.0051253749714285715
50.0,0.05,0.065,3,0.09056372423017672,0.053495444969993845,0.12470904302708652,0.0004952855705256198,0.005037914875
50.0,0.05,0.065,4,0.09675169676634604,0.06270805942626294,0.1263494672023766,0.000482686318287013,0.005216536128571427
50.0,0.05,0.15,1,0.08562023774311157,0.059085685326597144,0.10965177971871436,0.0001801021873503349,0.013239712714285713
50.0,0.05,0.15,2,0.08735541915229374,0.05653325917039885,0.1145513287171586,0.00036578046864372253,0.01324298857142857
50.0,0.05,0.15,3,0.08767675368985496,0.05522405788679647,0.11517743333893143,0.0004026605836737389,0.013292398214285715
50.0,0.05,0.15,4,0.09276674716701716,0.06075025486952774,0.11851589853065053,0.0001874488412762642,0.013428630928571427
50.0,0.05,0.3,1,0.08140030627874317,0.05654606281880541,0.10448245315647565,0.00018526954110859302,0.029842620857142853
50.0,0.05,0.3,2,0.07738424448897525,0.05443816874780246,0.09600503578777217,0.00021641091278896146,0.029833439821428564
50.0,0.05,0.3,3,0.08675250925310124,0.05875740207075412,0.10995182529919484,0.00048605141879336965,0.029366161821428573
50.0,0.05,0.3,4,0.07282435282442075,0.05249645264463379,0.08881411170097107,0.00028468686764866866,0.029858028892857137
50.0,0.05,0.6,1,0.07528390781144227,0.057018682022659806,0.09049828275424208,0.00013648650383611856,0.06712195182142858
50.0,0.05,0.6,2,0.07601754969174096,0.05663088502975696,0.08914369629718337,0.00029689126523047953,0.06663873478571429
50.0,0.05,0.6,3,0.07749506509604032,0.060950495128741795,0.09041616420979362,2.8097785183431188e-05,0.06695685214285715
50.0,0.05,0.6,4,0.07363458784890894,0.058400453241861244,0.08419723526112709,0.00020932047291087347,0.06720999103571428
50.0,0.05,1.25,1,0.057953705200431714,0.05478866448763572,0.05746959928230612,6.648650251785002e-05,0.15792425714285718
50.0,0.05,1.25,2,0.05841916067247008,0.05569597250837904,0.058774387242577525,0.00021149562540587292,0.15616691035714284
50.0,0.05,1.25,3,0.06495299425131955,0.059197059234266214,0.0687017638119073,0.0001545294883466702,0.1573750939285714
50.0,0.05,1.25,4,0.06355932128099305,0.05619899845077376,0.0645351040770059,0.0003463671870056121,0.1593254975
50.0,0.15,0.0075,1,0.202230653564597,0.11969627680458769,0.2610777581353854,0.020001045848698263,0.0006693896232142857
50.0,0.15,0.0075,2,0.19347209674803897,0.10264253093560216,0.26085075834815474,0.021571498542739088,0.0006017317249999999
50.0,0.15,0.0075,3,0.2062279205026768,0.10691673727926437,0.28183792570582544,0.020251821799674035,0.0006270478060714286
50.0,0.15,0.0075,4,0.19535320784684962,0.1054437671996065,0.2590819663503812,0.022491349140778757,0.000632181461785714
50.0,0.15,0.005,1,0.20648284225254906,0.12244462290487945,0.2647422878348085,0.022496690200582245,0.0004538834642857143
50.0,0.15,0.005,2,0.19593764064757846,0.106904267463342,0.2619664888059031,0.023077588308488557,0.0004427989942857143
50.0,0.15,0.005,3,0.2124756876924209,0.11105701993802453,0.2878118809782316,0.022343834013003393,0.000451673795
50.0,0.15,0.005,4,0.2010875034175274,0.10978558626325846,0.2639670596423932,0.024148845652127587,0.00044364430321428575
50.0,0.15,0.015,1,0.1926632037430159,0.11162404719160657,0.25327752875864923,0.01581604778219547,0.001197902667857143
50.0,0.15,0.015,2,0.17669738310907673,0.1005469958911302,0.23680340604387043,0.015735619915299745,0.0011734463071428568
50.0,0.15,0.015,3,0.19301986917311967,0.10480638618497941,0.26277767927468554,0.01630039464861053,0.0011543129928571429
50.0,0.15,0.015,4,0.17856741225295963,0.09453846159515236,0.2419563513559947,0.016806067341169365,0.0011649019142857143
50.0,0.15,0.025,1,0.18080686390519723,0.10379013344817607,0.240462809244831,0.013013702947616465,0.0018270062678571429
50.0,0.15,0.025,2,0.1683530836101412,0.09982820408993809,0.2210999370051565,0.013830683061158415,0.0017924141535714288
50.0,0.15,0.025,3,0.17320861399483678,0.09323452991833936,0.23901448897063618,0.012451112829027352,0.0018296242321428572
50.0,0.15,0.025,4,0.16670138132246964,0.08626855202131481,0.23032403558524203,0.013030745068250067,0.0018529249892857145
50.0,0.15,0.065,1,0.15728299992014913,0.09375753274587131,0.21030904673917603,0.006509916779715536,0.004329042392857143
50.0,0.15,0.065,2,0.13880090611155163,0.08522708327816125,0.1847431835573562,0.006770731167160178,0.004371627492857143
50.0,0.15,0.065,3,0.1372362142967047,0.0801961450757412,0.18594943071492434,0.005468786788063,0.004440948360714286
50.0,0.15,0.065,4,0.14301168987235552,0.08567149953454707,0.19200690227535497,0.006449314925885297,0.004403881414285714
50.0,0.15,0.15,1,0.12358700052290139,0.07706230340605796,0.16446996674706907,0.0032602800061187977,0.009818265303571428
50.0,0.15,0.15,2,0.11566517371184729,0.07239317727403119,0.15513877446399596,0.003492495704961049,0.009934306021428571
50.0,0.15,0.15,3,0.11330838504450928,0.06824386416738298,0.15601020545220584,0.0015859154560876275,0.009747800275
50.0,0.15,0.15,4,0.11083001741542617,0.0663916401507046,0.15105363885792025,0.0023529192673027097,0.010191929514285715
50.0,0.15,0.3,1,0.1034073560868557,0.06578966063103837,0.13713590969831307,0.001212904104648733,0.020911723999999996
50.0,0.15,0.3,2,0.09467224656740648,0.06760374444579058,0.11968803184797837,0.0008410501660107464,0.02064081082142857
50.0,0.15,0.3,3,0.09885275494728912,0.06845707318858399,0.12541166325911185,0.0004799873423760359,0.02106498510714286
50.0,0.15,0.3,4,0.10242514559082623,0.07144650249356357,0.12978694501908972,0.0012454590076830146,0.020960728535714287
50.0,0.15,0.6,1,0.0905061324977258,0.06465745836515215,0.11063410031710537,0.0012175133730781694,0.04638009635714285
50.0,0.15,0.6,2,0.09940703200968139,0.06783090175921312,0.12527185950376402,0.0010365836688731006,0.04606816646428571
50.0,0.15,0.6,3,0.08580009341285683,0.06383059725573181,0.10509481375057346,0.0010345546487752514,0.046223558857142855
50.0,0.15,0.6,4,0.08452593179390816,0.06480321778734485,0.10093474934117036,0.00124274657343548,0.04652319067857143
50.0,0.15,1.25,1,0.06961528378596625,0.06342432213274034,0.07191828448879677,0.0006371013910440557,0.11370790107142857
50.0,0.15,1.25,2,0.07295363169621223,0.06699334304334759,0.07305587589017956,0.0008278562748152948,0.11350218821428572
50.0,0.15,1.25,3,0.07039054885929154,0.06505639989860673,0.0736713282761426,0.0008714786567278288,0.11351592178571426
50.0,0.15,1.25,4,0.06942234316130065,0.06268306668904608,0.07136416032959896,0.00042958775609733,0.11443498642857143
50.0,0.1,0.0075,1,0.1721129039630162,0.08909126778243397,0.24079880130853196,0.010099277547218578,0.000604486909642857
50.0,0.1,0.0075,2,0.17220603591876152,0.09394636947050644,0.2346780425083825,0.01071890841475793,0.0006057316671428572
50.0,0.1,0.0075,3,0.17606640483148603,0.09796726017979546,0.23888353731810819,0.011703047932649011,0.0005747402632142856
50.0,0.1,0.0075,4,0.17392846581355936,0.09572988131424903,0.23659510550490281,0.011026903073824411,0.0006166777339285714
50.0,0.1,0.005,1,0.1752381980240742,0.09258845482716103,0.24112670701095767,0.012378470231866128,0.00042653506500000003
50.0,0.1,0.005,2,0.1800169478032809,0.10046888941128954,0.24217642945979437,0.012596015170315089,0.0004703341317857143
50.0,0.1,0.005,3,0.17446978998468135,0.09664954972116048,0.23562497737629087,0.013459693858480424,0.00043602336821428573
50.0,0.1,0.005,4,0.1796707340911003,0.09972703502704754,0.24144404787629373,0.013182794917119291,0.0004332356732142857
50.0,0.1,0.015,1,0.16377570185540338,0.09987683822555943,0.21619645223550815,0.008175856320448465,0.0011008206464285714
50.0,0.1,0.015,2,0.16415637376245512,0.08653996460086454,0.22917400895146006,0.0074626002995716685,0.0010865909142857143
50.0,0.1,0.015,3,0.15303445695976586,0.08617704226170969,0.20634820829152722,0.008590515190336918,0.0010877953642857143
50.0,0.1,0.015,4,0.16259996148414665,0.08561633117468809,0.2268434200898407,0.00821484605388642,0.0010764374685714284
50.0,0.1,0.025,1,0.14873714915577052,0.09085204289364933,0.19612403992700222,0.005932823072799056,0.0017802464678571427
50.0,0.1,0.025,2,0.13933706089254697,0.08091674490550534,0.1882524185530169,0.005211494259392261,0.001766474585714286
50.0,0.1,0.025,3,0.14131257676470516,0.07776553842941865,0.19721098220995095,0.005849289451614417,0.0017443128607142857
50.0,0.1,0.025,4,0.1531265590898464,0.08830789489962587,0.20719723245810084,0.005828625539728885,0.0017436648964285712
50.0,0.1,0.065,1,0.11678649848586832,0.07377469459544354,0.15488545607033688,0.0024950012383566653,0.004371515442857144
50.0,0.1,0.065,2,0.11885624406410485,0.0719619350471792,0.16151652032677108,0.0024892672653864284,0.0043730932964285716
50.0,0.1,0.065,3,0.11432228638829048,0.06847110832461653,0.15599938876917427,0.0024094527559408523,0.004438486432142856
50.0,0.1,0.065,4,0.11422140943514372,0.06324367945520389,0.15737525340764333,0.0025489890215612014,0.004346205603571429
50.0,0.1,0.15,1,0.09535852974572795,0.06611323882540586,0.12222583212718623,0.0006093351901609442,0.010621803571428568
50.0,0.1,0.15,2,0.09248786778575134,0.05789205390469828,0.12485235198319572,0.0005111695484431192,0.010386897260714284
50.0,0.1,0.15,3,0.1038410700102665,0.06255100218403262,0.14285171667285532,0.0006213396510520953,0.010463928567857144
50.0,0.1,0.15,4,0.09653641221032647,0.06696390890382625,0.12217714960529046,0.0011666102927387991,0.010728303589285714
50.0,0.1,0.3,1,0.08540755751417438,0.05578712957197066,0.1119047436228512,0.00016799732538259874,0.02318711689285714
50.0,0.1,0.3,2,0.09192367069785017,0.06135593045761242,0.1211306249243581,0.0005852854719359911,0.02295244339285715
50.0,0.1,0.3,3,0.08144184290857787,0.05695406748266073,0.1025551331614194,0.0005174948010555041,0.023528602357142856
50.0,0.1,0.3,4,0.09181283199650848,0.060058181958806425,0.11936868197387646,0.0007705241779844987,0.02341671257142857
50.0,0.1,0.6,1,0.07757847745699954,0.060226666806969656,0.09132682883457516,0.0003921248441640058,0.05413395082142858
50.0,0.1,0.6,2,0.07731777418169669,0.05539258715672585,0.0963950895747601,0.0005569571129250069,0.05331723142857142
50.0,0.1,0.6,3,0.07617864378410805,0.05680708735165965,0.09373126980567176,0.0002194008222591123,0.05264260060714286
50.0,0.1,0.6,4,0.08529758973911025,0.05708852776607901,0.11162355417972031,0.0006613684069047965,0.05342115607142856
50.0,0.1,1.25,1,0.08065234789624597,0.07527975458066347,0.08372307428109971,-0.00019435493767000207,0.12934104785714287
50.0,0.1,1.25,2,0.07284488100975739,0.06131234369934359,0.08079097176399433,0.000436258836936896,0.12994702714285714
50.0,0.1,1.25,3,0.0633774553712001,0.05742840139804966,0.06546312514604853,-0.00015995340938422338,0.1283174057142857
50.0,0.1,1.25,4,0.06859410181611168,0.05422432214047573,0.07949653125594419,0.0002665266910441219,0.1312517617857143
50.0,0.2,0.0075,1,0.21883847221658312,0.11274813844458416,0.28547607661436153,0.031722351918256994,0.0006757811192857143
50.0,0.2,0.0075,2,0.21797226113236098,0.11760068587242752,0.2824494862420484,0.03414662247491607,0.0006895499514285716
50.0,0.2,0.0075,3,0.2124912026931923,0.1112340428903269,0.27929865822588257,0.03054816262976518,0.0006977515042857141
50.0,0.2,0.0075,4,0.21971312829243367,0.11137564249082302,0.2914102244154141,0.03304744971846987,0.0006649019739285714
50.0,0.2,0.005,1,0.22110717627701337,0.11413192230090992,0.289191820325759,0.03238527573488808,0.0004856123721428571
50.0,0.2,0.005,2,0.21927052737747404,0.11750816604791127,0.2825287948029666,0.03549914716484895,0.0004925166021428572
50.0,0.2,0.005,3,0.2172466813282551,0.11474712942433264,0.2845811584472707,0.03261950324524935,0.0005212340575
50.0,0.2,0.005,4,0.22673789554567803,0.1186999393340065,0.29381184030630697,0.036296092703112626,0.00046576236392857135
50.0,0.2,0.015,1,0.2100423794739114,0.10959353459111575,0.27730914900054954,0.02627993582031376,0.0012266166321428572
50.0,0.2,0.015,2,0.20454485459984692,0.11255912554177179,0.26543872599011337,0.02892091102374817,0.0012673412964285715
50.0,0.2,0.015,3,0.19938249545468023,0.11017716185816198,0.2607894271275751,0.02492000858578953,0.0012530498535714284
50.0,0.2,0.015,4,0.2091777464240451,0.10692492744399805,0.27831150245754444,0.028254198395532046,0.0012297818714285711
50.0,0.2,0.025,1,0.194165142902681,0.10546537093505028,0.25521642922366017,0.021696167880745926,0.001934668292857143
50.0,0.2,0.025,2,0.19244517353447624,0.10413589709133726,0.2549565625449155,0.023735864446787366,0.0020110042392857143
50.0,0.2,0.025,3,0.1894926285705464,0.10922659755838447,0.24965078723492112,0.019400495292165296,0.001930274757142857
50.0,0.2,0.025,4,0.19921170087439538,0.10353243220775714,0.2677114304616293,0.022286443444087884,0.0019337349678571428
50.0,0.2,0.065,1,0.1588520788198421,0.09274100603497565,0.2094716629008126,0.011849109507077318,0.004625184996428571
50.0,0.2,0.065,2,0.16128691857355373,0.08970900442231843,0.21787817602690598,0.012306695637932945,0.004656727292857143
50.0,0.2,0.065,3,0.1580635922228551,0.09635973095464286,0.20530335400690583,0.01213236160082081,0.004568158849999999
50.0,0.2,0.065,4,0.16869491907900838,0.09459408392646212,0.22391996532745934,0.012508868234386903,0.004665674585714285
50.0,0.2,0.15,1,0.12894544986525128,0.07091609381189679,0.17569953824591875,0.006102369011732697,0.01017233965357143
50.0,0.2,0.15,2,0.1258889603369004,0.07515590426062985,0.17032804495474205,0.0054258047583581066,0.010030553135714285
50.0,0.2,0.15,3,0.13630872896078883,0.0858835999367338,0.17906615615558893,0.005700388611508931,0.009986803825
50.0,0.2,0.15,4,0.13004478530922914,0.07360416377534217,0.1750090166966881,0.005890302991870695,0.01002629449642857
50.0,0.2,0.3,1,0.11198200363235851,0.0680332137886606,0.15084599532486667,0.0027589183342749874,0.02017193825
50.0,0.2,0.3,2,0.10182884383198229,0.06525865803030632,0.1334471691685466,0.0024054505185154367,0.019876271642857147
50.0,0.2,0.3,3,0.11056053258063255,0.07177527180051778,0.14305179397583456,0.0035585534836831303,0.019915347678571428
50.0,0.2,0.3,4,0.11708812392103145,0.07577212307444617,0.15190079393222242,0.002549722590294692,0.02010319732142857
50.0,0.2,0.6,1,0.09667025778617956,0.06854996666650827,0.11831791650413355,0.001604162182032044,0.04221464603571429
50.0,0.2,0.6,2,0.083239584426065,0.057692696481578626,0.10760673668462023,0.0011314740522280567,0.0422908360357143
50.0,0.2,0.6,3,0.08776892449865163,0.060393664747424386,0.11293982010637767,0.0011427945123614937,0.042087355928571435
50.0,0.2,0.6,4,0.09777079760614554,0.06309340520481466,0.12565921541008923,0.00103683399816304,0.04284217932142857
50.0,0.2,1.25,1,0.07425556709195584,0.06164863397935259,0.08380212284277397,0.0005814349752153653,0.10287465103571429
50.0,0.2,1.25,2,0.07337266697762812,0.0632941817253955,0.08137185306239048,0.00023303019463557646,0.10306781321428572
50.0,0.2,1.25,3,0.07513344307712565,0.06125222690741937,0.08257653606373291,0.0011378129945237136,0.102223917
50.0,0.2,1.25,4,0.07159043078597944,0.05725571099888279,0.08295455998967943,0.0006859717483048236,0.10295259324999999
50.0,0.3,0.0075,1,0.2560677635376228,0.1439124341403238,0.308253584948825,0.053332917220674854,0.0007868520035714286
50.0,0.3,0.0075,2,0.25458602449082846,0.1339308056736794,0.3166495542432636,0.05337771909220888,0.0007259206032142857
50.0,0.3,0.0075,3,0.23973400016420573,0.13750092242159578,0.2864854099808261,0.04990405341269148,0.0007534828546428571
50.0,0.3,0.0075,4,0.24654958322454032,0.13581775462183862,0.2997690307751831,0.0542039634120643,0.0007819981914285713
50.0,0.3,0.005,1,0.2609733211994162,0.14539632145157097,0.3130614534801016,0.05618733548382474,0.0005514697517857143
50.0,0.3,0.005,2,0.2580075124654443,0.13995199059361424,0.31508413471572205,0.054596830309156,0.0005250815739285715
50.0,0.3,0.005,3,0.24139955121133205,0.13917337865268772,0.2864649337466294,0.051887189321438515,0.0005535863828571428
50.0,0.3,0.005,4,0.2560917003912173,0.1377822814612172,0.3132059483182373,0.05852503748345869,0.0005335831060714286
50.0,0.3,0.015,1,0.2521069372772379,0.14233866749487845,0.306894299353018,0.04908352895785433,0.001390977282142857
50.0,0.3,0.015,2,0.24290729965400729,0.13244605343307314,0.3025685447721766,0.04433249846733141,0.0013569636392857143
50.0,0.3,0.015,3,0.2371577920536264,0.13521361754855096,0.2879029615507908,0.04593241703330617,0.0013681031571428572
50.0,0.3,0.015,4,0.24259013464643062,0.13094840030064828,0.3010254669893485,0.051152180580190415,0.0014027527892857144
50.0,0.3,0.025,1,0.23829408536182736,0.13655083657098152,0.29454371764715087,0.03966907139992637,0.0021333895464285715
50.0,0.3,0.025,2,0.22974003012734062,0.12542826953232247,0.2925672220953375,0.03689648820776183,0.0021905745892857147
50.0,0.3,0.025,3,0.22743476768876297,0.1323964572950081,0.278590253003306,0.03829233204774664,0.0021838432999999997
50.0,0.3,0.025,4,0.23195725934494046,0.1281047916049246,0.2892988360305189,0.04399478178548395,0.002134703892857143
50.0,0.3,0.065,1,0.21304490371938972,0.12077921822152754,0.27332652638385935,0.02653115942323959,0.005071145232142857
50.0,0.3,0.065,2,0.21148520253997408,0.12597377892779663,0.269040807497116,0.02471559360083854,0.005053411814285715
50.0,0.3,0.065,3,0.19676260935033263,0.11894548517564314,0.24470999943669552,0.024946700711088784,0.00497247560357143
50.0,0.3,0.065,4,0.21182723300567294,0.11774056941087066,0.27365503519043544,0.028423831469884156,0.004977079317857144
50.0,0.3,0.15,1,0.17641082704897115,0.09558773502806447,0.23645353905582045,0.015079191137496818,0.010775212285714287
50.0,0.3,0.15,2,0.17468820827990317,0.10233069768308958,0.22822630921405235,0.016524097138825012,0.010727240642857142
50.0,0.3,0.15,3,0.16577592474261493,0.09828201394617744,0.21522178284194948,0.013946654216002876,0.010511624678571429
50.0,0.3,0.15,4,0.1812244544257048,0.10403763610678388,0.2386640153987998,0.015812612494306766,0.010624729178571426
50.0,0.3,0.3,1,0.13429502156160844,0.0854249417473423,0.1722273150269005,0.006017417267651034,0.020185299107142857
50.0,0.3,0.3,2,0.1347710488490281,0.08162983755974659,0.17584373073500872,0.00748432168392432,0.020241330000000002
50.0,0.3,0.3,3,0.12303664734014196,0.07480214499028703,0.16322452484750308,0.005624861042753386,0.02035280935714286
50.0,0.3,0.3,4,0.1446307854271997,0.0952720631047499,0.183003323972539,0.006845947591773293,0.0203813975
50.0,0.3,0.6,1,0.1165629401691306,0.07628998131300412,0.14783902573199034,0.0032216246322344998,0.039757082035714285
50.0,0.3,0.6,2,0.10161992356518869,0.06707464111857742,0.12913232433837163,0.003188844943769806,0.04049990153571429
50.0,0.3,0.6,3,0.10312741242947572,0.07043766443434755,0.13016219043419383,0.003085024010913246,0.04017488139285714
50.0,0.3,0.6,4,0.1051181082978229,0.07022000598944807,0.1303444868789496,0.003418705392934817,0.04070247253571429
50.0,0.3,1.25,1,0.08065689020345464,0.06590013847147991,0.09038519863126483,0.002033745107193565,0.09188460675
50.0,0.3,1.25,2,0.08323237403264158,0.06888641457854602,0.09398073711526715,0.0014224376907996618,0.0936222567142857
50.0,0.3,1.25,3,0.08957799344421458,0.0697615397653749,0.10334497456300744,0.0012579164090627572,0.09255477407142858
50.0,0.3,1.25,4,0.09032802890853693,0.07205970617282238,0.10558266968389288,0.0012542374494710648,0.09352242539285714
50.0,0.5,0.0075,1,0.27784311199340883,0.16060375804065738,0.30045464011712547,0.08708927511821563,0.0009518469707142858
50.0,0.5,0.0075,2,0.24060834902661002,0.1300999609078624,0.26505834885192525,0.08010874514424277,0.0009035190242857143
50.0,0.5,0.0075,3,0.26854214939398147,0.15027930736978548,0.29267251153915974,0.08650525110663493,0.0009775273053571427
50.0,0.5,0.0075,4,0.2517040897815227,0.14669970385503822,0.2644635928481915,0.08644334400617722,0.0009429368903571428
50.0,0.5,0.005,1,0.2790028516881521,0.1583455855239517,0.3061926578581635,0.08615653433569509,0.0006814820014285714
50.0,0.5,0.005,2,0.2492901725654838,0.13920231856138576,0.26966519667365535,0.08302657358704935,0.0006820296896428572
50.0,0.5,0.005,3,0.2677881444065291,0.15009935367453694,0.2876671949731704,0.08869267451561068,0.0006708751475
50.0,0.5,0.005,4,0.24930726610321174,0.14516885825633172,0.26221673893577535,0.08727784824917877,0.0007049291825
50.0,0.5,0.015,1,0.2659711482817392,0.1483941219072899,0.2988433656138418,0.07822138515534371,0.0016767681249999999
50.0,0.5,0.015,2,0.23464556028257702,0.12431772896975482,0.26444198711131023,0.07419470348917812,0.0016599275285714282
50.0,0.5,0.015,3,0.25483509070008176,0.13967891243753397,0.28616083777243023,0.07687936465792321,0.0017257557285714283
50.0,0.5,0.015,4,0.2448208138700475,0.1427770936208783,0.2652543109010152,0.07684087969446772,0.0016347579071428575
50.0,0.5,0.025,1,0.2638123220249876,0.14212495262419128,0.303087742183205,0.07464735490901286,0.002592057760714286
50.0,0.5,0.025,2,0.23230567665238894,0.12560145509864806,0.2656449823040714,0.06669610242402614,0.0026108309035714284
50.0,0.5,0.025,3,0.24491727477694786,0.13309533798694637,0.28374139764898576,0.06393228593451698,0.002689467828571429
50.0,0.5,0.025,4,0.24229889183979372,0.13423495133950647,0.27267207106002345,0.07231870644899359,0.002533597807142857
50.0,0.5,0.065,1,0.23840674012869353,0.13161408916370204,0.2862041786576757,0.05017359761745835,0.0059854321749999995
50.0,0.5,0.065,2,0.2238517783146779,0.11587031074211177,0.2698134189539586,0.055490969777540367,0.006024917803571429
50.0,0.5,0.065,3,0.2232251448508983,0.12646413407625168,0.2618660470660465,0.052603666527324275,0.005964877503571428
50.0,0.5,0.065,4,0.22000171365438517,0.12085879196173714,0.2570890431736024,0.056180179478556726,0.006018820942857143
50.0,0.5,0.15,1,0.20636900927837337,0.11464332940193568,0.255740209508577,0.03419105566882379,0.012168314071428571
50.0,0.5,0.15,2,0.1969233165037233,0.10865990179974983,0.24436002586722086,0.03450817005760512,0.012239942571428571
50.0,0.5,0.15,3,0.2055721674731918,0.10664883345774778,0.263086009491168,0.035327743052547975,0.012207405964285711
50.0,0.5,0.15,4,0.19201862166834363,0.1107075188536154,0.2313609621403205,0.03600781516566361,0.01204172232142857
50.0,0.5,0.3,1,0.1768098825892771,0.1072020041510081,0.2207155528887574,0.019913234881976716,0.022131574071428572
50.0,0.5,0.3,2,0.155098142563001,0.08809063662660434,0.20008181853925747,0.01984130260934867,0.02231734360714286
50.0,0.5,0.3,3,0.1761567358072515,0.10322316911308016,0.22296724714560245,0.020777093776738555,0.021921769107142858
50.0,0.5,0.3,4,0.16601475418616998,0.09417126780809351,0.21221844613474902,0.020867871803341445,0.022449547892857146
50.0,0.5,0.6,1,0.13894402613966955,0.09415100690173844,0.1720897555840163,0.009229040150447461,0.04136992939285714
50.0,0.5,0.6,2,0.1214681255533539,0.07700288498817297,0.15416110380495338,0.00935509066470464,0.040995276178571426
50.0,0.5,0.6,3,0.13432298224280256,0.0931225621913137,0.16471240741071666,0.007016521502043496,0.04219427610714287
50.0,0.5,0.6,4,0.1271345250514632,0.08583486487868498,0.1581793349068249,0.007160682449366444,0.04268415503571428
50.0,0.5,1.25,1,0.09647840950669723,0.07817066007299295,0.1056314574682044,0.005910800734158144,0.08750267285714283
50.0,0.5,1.25,2,0.09388423076451888,0.07128899449948996,0.11205978580517144,0.0031346560778710156,0.08737634274999999
50.0,0.5,1.25,3,0.09530926545176407,0.06975016817437114,0.11541728559663672,0.0031548271116635857,0.08805868132142858
50.0,0.5,1.25,4,0.09853643528275959,0.07588614804436025,0.11413863787643222,0.0038301189106726666,0.08849533667857143
