mu_g,Tgran,seed,mu,Theta,a_c,a_n,a_t
0.05,0.0005,1,0.12233240848148148,7.821464870370372e-05,0.2699084587924652,0.28514769588233274,-0.310391337711835
0.05,0.0005,2,0.12526585831481482,9.00578407037037e-05,0.18514627891862934,0.33151619553335343,-0.2661307578223531
0.05,0.0005,3,0.12172811885185186,8.975685111111109e-05,0.2958151975779568,0.31313888428172265,-0.36549784415597575
0.05,0.0015,1,0.12160125981481483,0.00010662740740740739,0.08639859887457531,0.1559540291900366,0.0008498915650177463
0.05,0.0015,2,0.14668072425925927,0.00010865080398148147,0.11072403057206122,0.18089124352671382,0.001746174419743507
0.05,0.0015,3,0.13189462944444444,0.000107148737962963,0.10131456632568728,0.15564327674704045,0.006831415816161146
0.05,0.001,1,0.1403862537037037,8.082930355555552e-05,0.10656259776856467,0.1679008774518888,0.006309032186953917
0.05,0.001,2,0.13740536888888888,8.097791614814816e-05,0.09918485463705391,0.1776791550178589,-0.0020532718771350267
0.05,0.001,3,0.14564640166666667,7.69837182037037e-05,0.09869902914025876,0.18617526195262843,0.006418512240446178
0.05,0.003,1,0.13529214055555558,0.00019848862703703704,0.09453823541630844,0.16910629978230154,0.006939745912501155
0.05,0.003,2,0.13399284685185184,0.0001912721505555556,0.10174523859627398,0.1609288703546765,0.005311584752753173
0.05,0.003,3,0.12269436414814815,0.0001968423966666666,0.09132413948191224,0.15319202892538844,0.0008725598889956221
0.05,0.005,1,0.12258584870370368,0.0003211456277777778,0.0830808024610161,0.15617619571792335,0.005914699228467907
0.05,0.005,2,0.12007796314814813,0.0003155152794444445,0.09577675555039454,0.14313356876886396,0.001245601977037769
0.05,0.005,3,0.11100876164814813,0.0003043916848148149,0.08010795931594579,0.14907150068018826,-0.007161936699837779
0.05,0.008,1,0.10369018701851852,0.0005192122033333334,0.07873852257429412,0.13248979259328572,-0.0038479411305427924
0.05,0.008,2,0.11741666966666668,0.000514464322037037,0.09575009186493942,0.1418108183911929,-0.002727570922798933
0.05,0.008,3,0.1035648712592593,0.0004956454449999999,0.07299134424821788,0.13030341801237852,0.003834980257922199
0.05,0.013,1,0.11040045844444446,0.0008415354507407408,0.08049975526182651,0.1341002608402972,0.006200900786765218
0.05,0.013,2,0.10388668496296297,0.0008613123429629631,0.08198258149684425,0.12350167180699256,0.002289116622089138
0.05,0.013,3,0.09497613451851855,0.0008528481492592592,0.07216975688275594,0.11783835618909792,-5.5844034816759924e-05
0.05,0.02,1,0.08966393240740739,0.001406239683333333,0.06861749000161026,0.10443228653542369,0.006278088277780827
0.05,0.02,2,0.09898583911111108,0.0013804839925925924,0.07201645273088728,0.12391278579384049,0.0020424396974944026
0.05,0.02,3,0.09720168140740741,0.0014218149574074075,0.07185936634955238,0.12110576141114118,0.001438235054121259
0.05,0.03,1,0.08344845298148149,0.0022544847222222223,0.0706825629029153,0.10064032332834497,-0.004425980268297297
0.05,0.03,2,0.10593536722222224,0.0022768397851851852,0.0842773918195738,0.12958082840119076,-0.001987485776320075
0.05,0.03,3,0.09380469851851855,0.0022382064666666666,0.07535427335520066,0.10766584137619499,0.004589282305641457
0.06,0.0015,1,0.1430794764814815,0.0001045810411111111,0.10032618298363354,0.17664194182681012,0.009190828152519342
0.06,0.0015,2,0.14704841055555556,0.00011227360994444444,0.10237057040412792,0.1847296532858534,0.006996597421129819
0.06,0.0015,3,0.14482053148148147,0.00010451524625925924,0.09398963109307565,0.1844290309939267,0.011222400875960575
0.06,0.0015,4,0.16741756055555554,9.74252266111111e-05,0.12122872953773993,0.21035980861653175,0.0032465829568393834
0.06,0.0015,5,0.14758921074074074,0.00010135263366666669,0.10837884765628533,0.18451626737460672,0.0022833064505894396
0.06,0.001,1,0.15765495518518524,8.187682433333331e-05,0.1123236576129238,0.19559542940342306,0.0073908233540236346
0.06,0.001,2,0.15642023037037037,7.931558283333334e-05,0.10378636808191377,0.19973608977100762,0.009318002887819338
0.06,0.001,3,0.1497638475925926,8.182940455555556e-05,0.10925944152518985,0.17727064390789035,0.012997609752104983
0.06,0.001,4,0.1611093072222222,7.452775105555554e-05,0.11145750102446317,0.20728235208519066,0.0034787613347905533
0.06,0.001,5,0.14766416870370375,7.742886025925927e-05,0.10704885233839449,0.18440445959662205,0.003875025472390936
0.06,0.003,1,0.13862392870370369,0.00019177805685185185,0.09111921129058394,0.1791037281241933,0.007024917992630136
0.06,0.003,2,0.1360548261111111,0.00018421287685185185,0.09605166457455465,0.17096507021528776,0.005092917432379801
0.06,0.003,3,0.12692408705555558,0.00019060549518518517,0.09290864107602645,0.15203659299032146,0.008902940044763247
0.06,0.003,4,0.1474714062962963,0.00017607822851851854,0.106237682668191,0.19035246650141907,-0.0016473365770174886
0.06,0.003,5,0.12854867,0.00018314349388888888,0.08808844602503374,0.16211872227712784,0.006890171697838426
0.06,0.005,1,0.12675517851851853,0.0002959784296296296,0.09054155530275435,0.15515829324073774,0.0078105084935449764
0.06,0.005,2,0.1320292912962963,0.00029157386425925926,0.09862066404715394,0.16063811502559266,0.004799803519845963
0.06,0.005,3,0.11203865212962964,0.00029285433722222226,0.08282625395402776,0.14051869909321985,0.0007323512120116782
0.06,0.005,4,0.13038574092592595,0.0002968787411111111,0.09634310338644683,0.16526815201787687,-0.0008397735524718064
0.06,0.005,5,0.1049777123888889,0.00030014945333333337,0.0663577975510286,0.14386895744685715,-0.0002713302201079737
0.06,0.008,1,0.12151373722222224,0.00047412971111111113,0.09483026740537023,0.14669927388839565,0.0014979331506785876
0.06,0.008,2,0.11939370074074074,0.0004707164511111111,0.08875758745874708,0.14739188053849883,0.0026379334842355773
0.06,0.008,3,0.10987963903703701,0.00046774849629629625,0.09271842133041963,0.13161204990499267,-0.004571193161338277
0.06,0.008,4,0.11720831561111111,0.00047409958666666665,0.08702409529752103,0.1409093777414782,0.006483158183223009
0.06,0.008,5,0.12127897574074074,0.0004673539111111111,0.08478080691535386,0.16050103775119717,-0.002723893185069548
0.06,0.013,1,0.09545417377777778,0.0008078965857407407,0.06999377857895205,0.1129723966465432,0.00794217233006031
0.06,0.013,2,0.10608296403703704,0.0008046668479629632,0.08414642328733565,0.1341022325852957,-0.006082727798557258
0.06,0.013,3,0.1021106572962963,0.0008021475218518521,0.07230137284978808,0.12478046591824762,0.007139475824556901
0.06,0.013,4,0.10222768988888892,0.0008005813688888889,0.08394350299675873,0.12238454240726078,-0.001872665626241679
0.06,0.013,5,0.10277447894444443,0.0007931132011111111,0.07672388146510951,0.13034639888488836,-0.0015213224611090315
0.06,0.02,1,0.1072128487777778,0.0013111965537037033,0.08984914203350007,0.12405861007950165,0.0005179454425538743
0.06,0.02,2,0.1118794942962963,0.001304196709259259,0.09125324510381007,0.13029438199737195,0.002211361491410574
0.06,0.02,3,0.08524668035185183,0.0013000611222222223,0.0692036576704645,0.10412910425958091,-0.002839401226341756
0.06,0.02,4,0.0962346580925926,0.0012926051907407407,0.07733227953146778,0.10905920597585254,0.006077830677864882
0.06,0.02,5,0.0987955053888889,0.0013119317407407406,0.0743737419674729,0.12520220162590417,-0.0019849328155992774
0.06,0.03,1,0.1044701153888889,0.002099105461111111,0.09753794823082125,0.11191171880923105,-0.0005094362622745097
0.06,0.03,2,0.10325813572222221,0.002090752366666667,0.085583733879607,0.1183168475169688,0.0026156900478686296
0.06,0.03,3,0.09422400542592593,0.002093076825925926,0.08205292126975548,0.1082625581896629,-0.001867468607566522
0.06,0.03,4,0.11421505827777777,0.0021176753703703705,0.09073949404310547,0.13130762405020716,0.0063829984622429115
0.06,0.03,5,0.10697369888888889,0.0020726756481481484,0.09277040852784109,0.11928771676059582,0.001889272489340857
0.08,0.0015,1,0.16653196944444448,0.00010574064209259261,0.1154794750554321,0.21402977593304812,0.0035546879004087484
0.08,0.0015,2,0.16071431148148146,0.00010358072987037035,0.1118200623607201,0.20299857795100684,0.006609982651235968
0.08,0.0015,3,0.1747034318518519,0.00010052316898148146,0.11229222258944635,0.2250033733126296,0.012111267801627829
0.08,0.0015,4,0.15232465592592592,9.915689064814815e-05,0.10380046129031037,0.19369926369756554,0.007149586863975932
0.08,0.0015,5,0.15154570388888886,0.00010003601077777777,0.09718465428033553,0.20284237465104824,0.0030643788463939614
0.08,0.001,1,0.1601755885185185,7.564825120370372e-05,0.10153722980298574,0.208342623208992,0.010471324025059292
0.08,0.001,2,0.18165072574074073,7.153000231481482e-05,0.12887054154201902,0.22401965542290184,0.010411254516560609
0.08,0.001,3,0.17022015092592593,8.270113111111114e-05,0.12029988457094924,0.206508411752346,0.013632005528556618
0.08,0.001,4,0.17771020592592596,7.60329013148148e-05,0.1275723064247885,0.2218808866097656,0.005967218817297809
0.08,0.001,5,0.16094050277777783,7.319903585185184e-05,0.1059688435467085,0.20840612873112244,0.007506033277724727
0.08,0.003,1,0.1361062562962963,0.00018105230777777772,0.09583238650131196,0.17464974038263675,0.0017303857086438945
0.08,0.003,2,0.14882255203703704,0.00018097700240740736,0.10146366414668322,0.1835057554255544,0.012675684501836454
0.08,0.003,3,0.1518291138888889,0.00018437346240740739,0.11181822954274304,0.18891629373910945,0.0029237044959253
0.08,0.003,4,0.14018899796296294,0.00017554005870370373,0.10577819720416015,0.16585406104505315,0.008745737676712578
0.08,0.003,5,0.14881395055555555,0.00018247181666666663,0.09789417985735718,0.19709263634005714,0.002641084913696773
0.08,0.005,1,0.12785306833333335,0.0002827384898148148,0.08701601778763515,0.1680270264084039,0.000663092470627652
0.08,0.005,2,0.14741771537037035,0.0002794050333333333,0.10936371687659951,0.18271179058618559,0.0027599232779556004
0.08,0.005,3,0.1312398314814815,0.00028432549777777775,0.10022046958200455,0.16076864123640403,0.00149055214455443
0.08,0.005,4,0.12754355074074072,0.0002822014246296296,0.09644278846469984,0.14482818709210293,0.01381612592467868
0.08,0.005,5,0.12373039574074073,0.0002860301022222222,0.08649767321804178,0.15630752072758208,0.004655597535857592
0.08,0.008,1,0.1345497738888889,0.0004501010764814814,0.10205987292107639,0.16749744578245657,-0.0004577709257551632
0.08,0.008,2,0.12601142,0.00044657457537037036,0.09654096638281402,0.15157992251729935,0.003901951099886669
0.08,0.008,3,0.12771256925925925,0.0004362305605555555,0.09669165395103263,0.1528279231627112,0.005905561404774662
0.08,0.008,4,0.11046584233333333,0.0004443034912962963,0.0902523527651364,0.12576934243724852,0.004909989464281728
0.08,0.008,5,0.12324280137037036,0.00046479641407407403,0.08449718876886578,0.16320226658497047,-0.001213852613095534
0.08,0.013,1,0.1100433025925926,0.0007286584514814814,0.08759635136437224,0.13264093528542714,-0.00015068146461419407
0.08,0.013,2,0.1256791326111111,0.0007304645137037038,0.09278175319372228,0.15681797026256458,0.0017585417659353453
0.08,0.013,3,0.11890888296296297,0.0007328017125925926,0.09874485015905535,0.13802568814139865,0.001047227625471936
0.08,0.013,4,0.11834600999999996,0.0007247523912962962,0.09720188816402912,0.13954152105973308,-5.138922376227151e-05
0.08,0.013,5,0.11716772346296296,0.0007374027712962962,0.08773708423117191,0.14298748971356753,0.0036108729811864804
0.08,0.02,1,0.11359544464814818,0.0011968125018518517,0.08680058472773591,0.14238247328670312,-0.001992168718142673
0.08,0.02,2,0.11401010553703703,0.0011466499277777778,0.08407680441103706,0.14081350292842287,0.0031299037346141367
0.08,0.02,3,0.11713595388888891,0.0011635017481481482,0.09086572261010101,0.14618308063815658,-0.0027768954704797677
0.08,0.02,4,0.10436420579629632,0.0011628393722222224,0.08024161472594635,0.12658007072748725,0.0019067261391590429
0.08,0.02,5,0.11076745483333333,0.0011717896925925928,0.08689229450137767,0.135479741635552,-0.0008371264702629888
0.08,0.03,1,0.10533007055555554,0.0018372220407407408,0.08726573696258884,0.12604043824577557,-0.002646034097253322
0.08,0.03,2,0.09535212844444442,0.001874120572222222,0.07602137185865318,0.11530102362542849,-0.0006181385951928298
0.08,0.03,3,0.0986125884074074,0.001858561540740741,0.08106301433001113,0.11298694552524872,0.003175216959554944
0.08,0.03,4,0.09314342455555552,0.001877485074074074,0.06778476716977447,0.11459618521846833,0.0039058967228682434
0.08,0.03,5,0.11723461261111111,0.0019016888166666671,0.09084566808134026,0.1409155660626026,0.002707991078279348
0.0,0.0005,1,0.1051417692962963,0.00028621603499999997,0.2676078526478318,0.31690701382100006,-0.37423132787623925
0.0,0.0005,2,0.09486191222222223,0.00029567267333333334,0.1373972848500088,0.3102293168017749,-0.25790277720733923
0.0,0.0005,3,0.09943956720370369,0.00031058969185185185,0.2875401746038436,0.3146978475615159,-0.40335888775795214
0.0,0.0015,1,0.09557450988888887,0.00034011654166666666,0.0718836399703357,0.12567072880916982,-0.006405349001727789
0.0,0.0015,2,0.09662403033333335,0.000382367688148148,0.07527937270629957,0.11488677486671794,0.0030819130936491773
0.0,0.0015,3,0.10478551203703702,0.000403539302962963,0.06984177287811058,0.14071704597780563,-0.0009877947818421606
0.0,0.001,1,0.09552756583333333,0.00035591651462962967,0.07075370067253946,0.12046209631091816,-0.00016066531679095886
0.0,0.001,2,0.10150264601851851,0.0003075723407407408,0.0778687753303535,0.1188969192561996,0.0062395974504839136
0.0,0.001,3,0.10420292422222223,0.00033143235444444444,0.07855130268859674,0.1255199350243543,0.00433461073149341
0.0,0.003,1,0.09675006559259257,0.0005794596766666667,0.07579659721392344,0.11848525828968184,-0.0007817243184201489
0.0,0.003,2,0.09407418794444443,0.0005873619853703704,0.07339439936513392,0.11225405688184545,0.002499919641909487
0.0,0.003,3,0.09247961903703704,0.0005719492877777778,0.0761769579797476,0.10847207648464656,0.0003102036096799127
0.0,0.005,1,0.08800837496296295,0.0008044122033333333,0.07551934427887287,0.1003274049038303,0.00017000074322272296
0.0,0.005,2,0.0839705767037037,0.0008396006805555553,0.06752895186678848,0.09545417041315721,0.0049580311274617095
0.0,0.005,3,0.09030880088888889,0.0008177607466666666,0.07484722704975247,0.10497463490477081,0.000795739823254496
0.0,0.008,1,0.0873336453888889,0.0012684885203703704,0.07230742442186303,0.10103897592980868,0.001320890426106086
0.0,0.008,2,0.09627083318518519,0.0012463100148148148,0.07169240552973957,0.11318436387731916,0.007664896963311643
0.0,0.008,3,0.08457851437037041,0.0012266036925925926,0.07571278838404871,0.09938212354292947,-0.005937883186237364
0.0,0.013,1,0.09377881218518518,0.0018834130685185188,0.08212922622274611,0.10916826057902926,-0.0037398624314050194
0.0,0.013,2,0.09488175187037039,0.0018194756240740744,0.07505060512789405,0.11838805869888465,-0.0036751600860379235
0.0,0.013,3,0.08559651842592592,0.00188816715,0.07265248444263347,0.09536300057779822,0.0031775518314201417
0.0,0.02,1,0.09424415457407409,0.002749889572222222,0.08176121927016272,0.10810404127856824,-0.0013769514005827765
0.0,0.02,2,0.08494429422222224,0.0027756173703703704,0.06565236931253325,0.10377312111856037,0.0004630980133508711
0.0,0.02,3,0.08504605716666669,0.002745457379629629,0.06962510904041644,0.0986135426134228,0.0018534626794941417
0.0,0.03,1,0.08446611740740739,0.004104250718518518,0.06986746393439654,0.09610587415171683,0.002958896728701421
0.0,0.03,2,0.08992658577777776,0.00408414041111111,0.07759651143670049,0.10127083778850136,0.0009858223303536723
0.0,0.03,3,0.09438420918518516,0.0041142853314814825,0.0842248616899939,0.10283372006503991,0.0017098366153365102
0.11,0.0015,1,0.18057404518518522,0.00010065388227777779,0.12356923987046298,0.22687580048428785,0.010703050015619608
0.11,0.0015,2,0.18527739037037033,0.0001048116318333333,0.13007460565370985,0.23110576427469498,0.009374410812335837
0.11,0.0015,3,0.1955118577777778,0.00010234888222222221,0.13753637413440714,0.24118415550655362,0.012303185914594866
0.11,0.0015,4,0.1960834662962963,0.0001014937067222222,0.1319455725842554,0.25409805275810077,0.006123307250236409
0.11,0.0015,5,0.2055130237037037,0.00010221201631481482,0.14671576564886807,0.2514549590357741,0.012855322722765239
0.11,0.001,1,0.1855254816666667,7.231528350000001e-05,0.12053932466651782,0.23497871755004457,0.015532921116771015
0.11,0.001,2,0.1805611446296297,7.701540162962961e-05,0.12972338519850374,0.21591025849075846,0.015488645569997184
0.11,0.001,3,0.19548427055555553,7.459096929629628e-05,0.13635439787191078,0.23837395480482773,0.016240188434372554
0.11,0.001,4,0.1908421796296296,7.30499647037037e-05,0.1336065574712735,0.2394484987780309,0.008629303009954792
0.11,0.001,5,0.2136092322222222,7.092670327777777e-05,0.1436416666252287,0.26264287484852533,0.020933922970690355
0.11,0.003,1,0.18280781166666668,0.00017527359851851853,0.11480427441967767,0.24075021263940707,0.010061136274248622
0.11,0.003,2,0.16435741981481478,0.0001836128524074074,0.12000539319524176,0.20077237587826233,0.00793707055612547
0.11,0.003,3,0.18078155111111116,0.00017873477129629628,0.1334138097000939,0.21983405231746467,0.00831524020466376
0.11,0.003,4,0.17815507907407405,0.00018114805074074075,0.11974979134980226,0.2364603612893997,0.00010000550894612159
0.11,0.003,5,0.18228765500000005,0.00018219375370370368,0.12453721999399639,0.2262267963055729,0.013811293700430799
0.11,0.005,1,0.16028908796296298,0.00028301246462962966,0.11768321580219032,0.19925700132332447,0.0036379588004111785
0.11,0.005,2,0.16559220518518517,0.00028469453314814813,0.11854638808372597,0.20774150176659,0.004896520520054348
0.11,0.005,3,0.1594325512962963,0.00028124602444444443,0.11299025991889992,0.19661843752171074,0.009256405151981922
0.11,0.005,4,0.15743695333333335,0.0002810294348148148,0.11139630120084139,0.20051219456948655,0.0029654108963387826
0.11,0.005,5,0.16475096314814816,0.0002846819953703704,0.1107915866198862,0.20843537293435585,0.010274966742054276
0.11,0.008,1,0.1427108148148148,0.0004414111790740741,0.10738584319838743,0.17905891381338468,-0.0010231273821425246
0.11,0.008,2,0.14536819574074072,0.0004362586188888889,0.1065775910392508,0.1816257296222264,0.0025330708200042573
0.11,0.008,3,0.15086709092592596,0.0004296816118518519,0.11346735435820128,0.1858949947608382,0.00237183273281244
0.11,0.008,4,0.15173556666666668,0.0004407838185185185,0.10671220029798342,0.19211673546012148,0.004642197575228463
0.11,0.008,5,0.15011844296296298,0.0004355557607407408,0.11006945934194182,0.1844282787026904,0.0057391478812937324
0.11,0.013,1,0.14062002703703705,0.0006927160724074073,0.1083440598213837,0.17071434226962445,0.002181651983065941
0.11,0.013,2,0.12540610092592594,0.0007121641264814813,0.09689402846039082,0.149554805704403,0.004363367687058084
0.11,0.013,3,0.13211449611111112,0.000681866128888889,0.09861510924339478,0.16256033770348588,0.0030535452753415737
0.11,0.013,4,0.1397702688888889,0.0007007627862962962,0.10372370755922707,0.17271942707532711,0.0030974031432236537
0.11,0.013,5,0.1300128712962963,0.0006953956753703703,0.09717759014304615,0.1569068927874869,0.005941259662059523
0.11,0.02,1,0.11608984092592592,0.0010976206833333332,0.08814823267117365,0.1437500840831009,0.00028136509757728523
0.11,0.02,2,0.11524358555555556,0.0010936762814814816,0.08476804698076976,0.14214418038546975,0.003574943744871606
0.11,0.02,3,0.11342206722222219,0.0010570758335185183,0.08993116680009883,0.13459990116801404,0.0023130664763315045
0.11,0.02,4,0.12643509611111112,0.0011058065407407408,0.0936994918361771,0.15843083580476267,0.0007398645812824733
0.11,0.02,5,0.114790215,0.0010814908333333334,0.09037390231306339,0.1357232878696098,0.0034832398173268164
0.11,0.03,1,0.11671376875925923,0.0016950142037037033,0.09706851072843645,0.13911533594755177,-0.002756309157469744
0.11,0.03,2,0.12049409462962962,0.0017216681592592592,0.09197999093837445,0.1451999542379066,0.003808244082978196
0.11,0.03,3,0.12374701744444445,0.0016413430462962966,0.10130030197699857,0.1496553771759557,-0.0034616442640653666
0.11,0.03,4,0.1222250387037037,0.0017079521629629628,0.08940302696025133,0.15225217465744206,0.002794875789713991
0.11,0.03,5,0.1078483807222222,0.0016782648592592595,0.08847741337007257,0.12289908534905933,0.004320262725312524
0.12,0.0015,1,0.20625214518518517,0.00010629821968518521,0.14451854245540952,0.2523884799484071,0.015597267966553752
0.12,0.0015,2,0.2099824144444444,0.00010148759018518519,0.1522887835780526,0.2578054343413904,0.009870610969445803
0.12,0.0015,3,0.20215338296296295,0.00010516369255555554,0.13595647938196484,0.25764650330375,0.010703783240211096
0.12,0.0015,4,0.1920842222222222,0.00010255127525925928,0.1270516372338854,0.23988898083736848,0.017227826373190536
0.12,0.0015,5,0.20196977462962962,0.00010155388368518518,0.13320728931671502,0.25202389864647806,0.018708361296066178
0.12,0.001,1,0.20438272074074074,9.124216755555555e-05,0.138370764670554,0.2526503331534534,0.017744343657474015
0.12,0.001,2,0.20705767833333336,7.585746740740742e-05,0.13731125493949262,0.2629050923582388,0.013899009368935289
0.12,0.001,3,0.2060698601851852,7.597945896296298e-05,0.14457058622970298,0.2537094425015276,0.013859691639139804
0.12,0.001,4,0.19965115185185187,7.547538062962963e-05,0.13772153304212337,0.23956528849865433,0.022015482162926037
0.12,0.001,5,0.20569092703703704,7.979442781481481e-05,0.1377139153954588,0.25702374718429427,0.016644191494321003
0.12,0.003,1,0.19242937499999999,0.00018209898037037042,0.13360073204363807,0.2414597318442296,0.00979828611213232
0.12,0.003,2,0.18659830277777778,0.00018587677796296292,0.1314057905797566,0.22757081499944992,0.01421999997634904
0.12,0.003,3,0.19289703999999996,0.00018714387222222223,0.13504725503486306,0.23705773902943364,0.013689085935703255
0.12,0.003,4,0.1794960062962964,0.00019060657981481482,0.12503071892708723,0.2238673572917603,0.010093936373745255
0.12,0.003,5,0.17914101629629628,0.00018457443925925932,0.11884562250609451,0.2242858721611552,0.01515053792534285
0.12,0.005,1,0.1670455614814815,0.00028237338574074077,0.11864867389726441,0.2016348209476233,0.013807628118075288
0.12,0.005,2,0.16837598499999998,0.0002761472788888889,0.11948217921870172,0.2131884025432072,0.004081388238091038
0.12,0.005,3,0.1636276574074074,0.0002770314544444445,0.11990454364772277,0.20004690257179067,0.007303868595301355
0.12,0.005,4,0.1602543577777778,0.0002862010098148148,0.10968529942879739,0.20661255892420125,0.004210857202556956
0.12,0.005,5,0.16894541833333332,0.0002934331568518519,0.11352041568441806,0.2104577525773658,0.013912668404882783
0.12,0.008,1,0.1473281524074074,0.00042910798037037036,0.10049035543204812,0.18993879437428912,0.004227155008477562
0.12,0.008,2,0.15354252277777777,0.0004378677768518518,0.11224327912960994,0.1899122401472145,0.004929526278731111
0.12,0.008,3,0.15932887259259257,0.00043426238870370365,0.11379021097686923,0.19845493062508562,0.006412603583230286
0.12,0.008,4,0.14812035685185185,0.00043593822388888895,0.10426545636560822,0.19159786122359085,0.00037739611450463006
0.12,0.008,5,0.15149852999999996,0.0004348673561111111,0.10339109142964405,0.19552700352762495,0.004078965042730948
0.12,0.013,1,0.12789191833333333,0.0006937620090740739,0.09386866871025172,0.1569811371503888,0.004934030806026113
0.12,0.013,2,0.1427542575925926,0.0006546266505555557,0.10459485253531334,0.17224880661179834,0.008664856038073543
0.12,0.013,3,0.13018509092592592,0.0006707235031481482,0.10029487836486202,0.15551659209765195,0.004558711389337888
0.12,0.013,4,0.1393241838888889,0.0006668624151851851,0.10089275986654773,0.1732485699402287,0.004507037971001382
0.12,0.013,5,0.14216457055555556,0.0006768136370370372,0.0945047876386186,0.1821060020318382,0.0077183514406543585
0.12,0.02,1,0.13109913925925928,0.0010810784427777778,0.09677397502187414,0.16602753712538093,-0.0006032336287364881
0.12,0.02,2,0.12731479222222222,0.0010737473342592593,0.10147903422569102,0.14978871765505883,0.0033618325636946
0.12,0.02,3,0.1276777127777778,0.0010623335511111111,0.10001122381013208,0.15307332653454328,0.0022708752108802632
0.12,0.02,4,0.13240284481481482,0.0010737723937037037,0.09682257773062736,0.1650907924000415,0.0028923194989607937
0.12,0.02,5,0.12860626277777776,0.0010826610133333333,0.09363444310687799,0.16014728334923406,0.0034307990994434656
0.12,0.03,1,0.11112576277777778,0.0016322383462962957,0.09009646860799739,0.12830949523362678,0.0038455617139313836
0.12,0.03,2,0.12103668000000001,0.001639503225925926,0.0975678962318677,0.14042831445525386,0.0040771493128784475
0.12,0.03,3,0.11459777737037037,0.0016478665296296299,0.0988335667220164,0.1349869988979225,-0.0046250108791981714
0.12,0.03,4,0.11761820574074074,0.0016688979722222223,0.09608897516490902,0.1344170611265025,0.004730375190069941
0.12,0.03,5,0.12326241370370371,0.0016482489222222221,0.093609777908345,0.14696292117850254,0.005952128320559885
0.13,0.0015,1,0.1969178587037037,9.937270585185186e-05,0.12393280357041761,0.25652206644320424,0.013380847393785589
0.13,0.0015,2,0.2012755801851852,0.00010127641777777774,0.14090968119185876,0.24980238701995439,0.011839092158557274
0.13,0.0015,3,0.2085734637037037,0.00011022635118518519,0.14964492948346256,0.2458395432836455,0.02166245464029931
0.13,0.0015,4,0.20985637814814814,0.000104474717,0.13370457755016782,0.2682291774941121,0.01777900125201637
0.13,0.0015,5,0.2018622051851852,0.00010799164962962965,0.13754346277539153,0.2549884927438324,0.01119245485114645
0.13,0.001,1,0.20365720296296297,7.445774088888888e-05,0.13169921270713597,0.26157236099004455,0.014042832228745417
0.13,0.001,2,0.21037939037037034,7.466385957407407e-05,0.14873565151778728,0.2587142756471522,0.013308853575801194
0.13,0.001,3,0.2188917933333333,7.54644065e-05,0.15020324515329192,0.26632547989798966,0.021254861615385034
0.13,0.001,4,0.2043995438888889,8.2177958e-05,0.13216333561448826,0.2568497600358222,0.01978599212746729
0.13,0.001,5,0.2074657624074074,7.725637624074073e-05,0.1351462113366524,0.2644232298753891,0.015362083602773358
0.13,0.003,1,0.16906752481481482,0.00017821981796296296,0.11826863357074953,0.2120725208142066,0.007793895244673527
0.13,0.003,2,0.18679043185185182,0.00018343233037037036,0.13166652848769342,0.23211265957984412,0.009801675636166102
0.13,0.003,3,0.19368900759259258,0.00018098481074074074,0.12991514432196322,0.2414593492240275,0.01600352163919444
0.13,0.003,4,0.18149646388888893,0.0001849871081481482,0.12276470789462919,0.22628589329725374,0.013942326585894949
0.13,0.003,5,0.19539948814814814,0.00018884221351851848,0.13461650734002067,0.2456109554803688,0.010571513475906819
0.13,0.005,1,0.15060289425925927,0.0002879766737037037,0.1076895573045273,0.18538397754129385,0.008132253672697404
0.13,0.005,2,0.1718859509259259,0.0002802879664814815,0.12860808630844758,0.20972134906167797,0.005442466481726249
0.13,0.005,3,0.16991160166666666,0.0002836270479629629,0.12418740261078096,0.2083417400537265,0.007294060668825875
0.13,0.005,4,0.17616677074074072,0.00028944630074074075,0.12465396679883103,0.21713175818352237,0.010547816499128032
0.13,0.005,5,0.17554598907407407,0.00029125050833333333,0.12341078240432721,0.21677371022823694,0.010907485515583987
0.13,0.008,1,0.15126590203703708,0.0004281944818518519,0.10361793921483922,0.19697965833373188,0.0019342065255030516
0.13,0.008,2,0.15040515925925926,0.0004297619490740741,0.09720583138107483,0.196068956571422,0.0075355305660216865
0.13,0.008,3,0.15234841962962964,0.000438184335925926,0.10544987423787722,0.18901733654397546,0.010229628477406605
0.13,0.008,4,0.16198455703703699,0.0004478167366666667,0.11051821328882568,0.20519358901706478,0.008257311768183534
0.13,0.008,5,0.16042276148148152,0.00044385011703703705,0.11795510165215121,0.19759346163642624,0.005296959674385565
0.13,0.013,1,0.13037287314814816,0.0006868210212962964,0.09246339819455439,0.16967423306681975,-0.001391884965077833
0.13,0.013,2,0.12569691629629626,0.000702389085925926,0.09142258151807502,0.1577575798491866,0.0022136712253308932
0.13,0.013,3,0.13842051907407407,0.0006813564846296297,0.0996301217755231,0.17579046165397397,0.0014204547186510708
0.13,0.013,4,0.14525309685185184,0.0006917671388888889,0.10382940325766062,0.1805565947927681,0.006120195653274985
0.13,0.013,5,0.1308627998148148,0.0006776569840740742,0.09367146456319964,0.1678942412404611,0.00015989382596887092
0.13,0.02,1,0.11517537562962962,0.001040772782962963,0.08381175979966039,0.14307224545606853,0.0034667460035303355
0.13,0.02,2,0.11689142135185186,0.0010573538301851852,0.08908730983779246,0.14277072456519466,0.0019248083007165906
0.13,0.02,3,0.12985842759259258,0.0010680208898148147,0.10649302646790312,0.1560889299591915,-0.0028651012419094457
0.13,0.02,4,0.12744462722222222,0.0010682996990740742,0.098006027951695,0.1518486784541353,0.0050345480386141395
0.13,0.02,5,0.12835964166666666,0.001071094700185185,0.09900891868113292,0.15613252120434135,0.0015778434478590508
0.13,0.03,1,0.10971944644444445,0.0016267299703703701,0.08716551020170346,0.12775636490700976,0.004517017780175686
0.13,0.03,2,0.12153170574074074,0.001606974288888889,0.09092138410162567,0.14979145464567936,0.002350572734176437
0.13,0.03,3,0.12317793833333332,0.0015663346148148147,0.09340897891143639,0.1493943811740868,0.0035525165811434445
0.13,0.03,4,0.1240443340740741,0.0016561645685185184,0.1022499116615873,0.143145991582134,0.0026927649044269086
0.13,0.03,5,0.11887744627777777,0.0016112255296296294,0.08922153721051268,0.14522320388675009,0.003310151458292776
0.15,0.0005,1,0.1426234924074074,5.884769959259258e-05,0.283574475424767,0.32260566807907665,-0.32093315868902883
0.15,0.0005,2,0.1389716125925926,6.26473677962963e-05,0.10887126170225492,0.2523338320707138,-0.0832618685877835
0.15,0.0005,3,0.12834133714814813,6.153143838888889e-05,0.40053501808062997,0.3407353444823689,-0.4845876882667026
0.15,0.0015,1,0.2082202481481481,0.00010845277492592594,0.14046292096430868,0.25692509241367634,0.019052482918311187
0.15,0.0015,2,0.21079479018518515,0.00010961584764814815,0.14751844044587045,0.258502617454311,0.015568522470188806
0.15,0.0015,3,0.19683462962962964,0.00011167245611111112,0.13152292069313107,0.24590588720489373,0.016240451361234504
0.15,0.0015,4,0.2119477375925926,0.00011088166501851854,0.15212873026294166,0.25190807375033586,0.019858671171907705
0.15,0.0015,5,0.2037626109259259,0.00010558132849999999,0.14119849717613048,0.24245373973222542,0.023872984943495906
0.15,0.001,1,0.21002495796296294,7.969587170370369e-05,0.14212349565001622,0.2587140065030153,0.019212413772894343
0.15,0.001,2,0.21213579203703706,7.965845916666666e-05,0.1492825370530101,0.2564756354467025,0.018513411574361538
0.15,0.001,3,0.20542004648148152,8.043923335185185e-05,0.13723502062232354,0.2550366334316393,0.018568438909000173
0.15,0.001,4,0.2244244435185185,8.039869618518518e-05,0.16034156914616357,0.2670812027542826,0.021426115136590873
0.15,0.001,5,0.219282232037037,7.86866794074074e-05,0.15366999034856607,0.26269057150507563,0.02220390222043228
0.15,0.003,1,0.18921657703703704,0.00018965761962962962,0.12345232632557104,0.23931649731829494,0.015664330430208123
0.15,0.003,2,0.19682223814814817,0.00019429559888888888,0.14215140461718928,0.2399546189789082,0.011538452700198848
0.15,0.003,3,0.17936033703703702,0.00019644135240740743,0.12183817405316015,0.21872906826826063,0.018153431752653243
0.15,0.003,4,0.1919031638888889,0.00019083478499999992,0.12905450097777743,0.23762159123143073,0.01713023556856963
0.15,0.003,5,0.19374326537037037,0.00018365020166666665,0.13458781254547564,0.2406975714452088,0.012201146750056291
0.15,0.005,1,0.16940509444444446,0.00029105942851851855,0.11504671246653608,0.21494304206859433,0.00882043435375851
0.15,0.005,2,0.17399675166666664,0.00029267387759259253,0.12716745030182156,0.218330174329488,0.002495878702023724
0.15,0.005,3,0.1804427598148148,0.00029440882370370373,0.12492580766125683,0.22366947849487087,0.012290233473501916
0.15,0.005,4,0.18132805277777775,0.00028414155518518517,0.1259357373763015,0.22650312440940276,0.010217243769851225
0.15,0.005,5,0.19163990518518517,0.0002839816681481482,0.13038710719483068,0.23895049214203867,0.013942211033501017
0.15,0.008,1,0.1676076112962963,0.00044394086277777775,0.11453883709467445,0.21221147168568905,0.008464913812229136
0.15,0.008,2,0.16095993592592586,0.00044926346518518517,0.12016213883183424,0.19872561011789613,0.003032122902121348
0.15,0.008,3,0.1587810033333333,0.0004593612677777778,0.10632876737213903,0.2028880261159732,0.008345213178554384
0.15,0.008,4,0.16276309259259258,0.0004339510129629631,0.10871953010495299,0.2107414038759689,0.006065251204263267
0.15,0.008,5,0.1678784831481481,0.0004274110114814815,0.12500773032071064,0.20087088851027546,0.009878347465310106
0.15,0.013,1,0.15763450037037038,0.0006895977192592592,0.11157876347326064,0.1984423462425327,0.0052478910249474375
0.15,0.013,2,0.14867917314814819,0.0006928976961111112,0.10407081899841349,0.18722706025750163,0.006060467040381268
0.15,0.013,3,0.15372436185185184,0.0006893437805555557,0.1104107525318685,0.19493422272856364,0.002103748443271547
0.15,0.013,4,0.15655283962962963,0.0007058791209259259,0.1136271037906051,0.1931960961161509,0.006282479352503256
0.15,0.013,5,0.13816799148148148,0.0006979879325925926,0.09917820654417138,0.16886656745529743,0.008291208963494168
0.15,0.02,1,0.14672421037037037,0.0010308923237037036,0.10756334950015609,0.1865928636058036,-0.0007077923652189511
0.15,0.02,2,0.12391049259259257,0.0010555795609259258,0.0878829282241098,0.15846912574792296,0.0014689312131523635
0.15,0.02,3,0.1338581535185185,0.0010762664907407408,0.09830621388025042,0.1710796305154873,-0.001669537358700679
0.15,0.02,4,0.1306586596296296,0.0010323128474074076,0.09774795298674821,0.15910302341286858,0.004466342859642425
0.15,0.02,5,0.12970177703703703,0.0009984901051851853,0.09127565253449894,0.16425943069046073,0.0038684708491144026
0.15,0.03,1,0.13232364185185186,0.0015506146444444447,0.10512710540371943,0.15945937477034017,6.0803529644104515e-05
0.15,0.03,2,0.12409078666666666,0.0015957521240740743,0.09904464622704642,0.14223730068818619,0.006899626418100713
0.15,0.03,3,0.12661539944444444,0.001603273212962963,0.10252943022350673,0.14662704170210455,0.004074326963277586
0.15,0.03,4,0.12721760296296297,0.0015374821925925924,0.10044083033937101,0.1468123023623074,0.0071820732242475205
0.15,0.03,5,0.1139505309259259,0.0015085022000000004,0.0891790467181035,0.13452747230990497,0.0041945428238433224
0.17,0.0015,1,0.22661926111111105,0.00010539646792592593,0.15069852612828277,0.2726697681337524,0.029870227960186957
0.17,0.0015,2,0.2092308862962963,0.0001083120239074074,0.15264536140145535,0.24763839454010425,0.018178016651032997
0.17,0.0015,3,0.22406313,0.00011219483944444445,0.14229310462257216,0.27863315836957503,0.027199997007852805
0.17,0.001,1,0.23147712296296297,7.773891214814816e-05,0.15935251218386554,0.2730676559561472,0.030534077785913216
0.17,0.001,2,0.21569447907407405,8.301887796296297e-05,0.1573894899201065,0.2602665489384783,0.013732919289563272
0.17,0.001,3,0.23553945074074073,7.755627787037036e-05,0.1550498708473882,0.2846913107819519,0.031337719852141344
0.17,0.003,1,0.20707834444444442,0.00018484226592592595,0.14001821322032204,0.25961260030067923,0.014525875367887575
0.17,0.003,2,0.19225144796296298,0.00019268994,0.13430385371038428,0.23624243837374354,0.013956603841798143
0.17,0.003,3,0.21752952277777773,0.0001947571446296296,0.1432988489550724,0.2733671723171763,0.018393024283306803
0.17,0.005,1,0.19266730018518524,0.000299064427037037,0.1290038722859173,0.23976949707927994,0.016561231005173233
0.17,0.005,2,0.1762008974074074,0.0003009603524074074,0.12404867349206508,0.21598322874988343,0.012369892572866303
0.17,0.005,3,0.1979575390740741,0.0003004861040740741,0.14404538506382297,0.23503971723599132,0.0168299758483339
0.17,0.008,1,0.1756906914814815,0.0004424043868518518,0.12832487989544794,0.21152605986138107,0.011530443206134
0.17,0.008,2,0.17211052574074073,0.00045747144333333324,0.12233122311551829,0.2129434545912395,0.008946373774723654
0.17,0.008,3,0.179456377037037,0.00044435513851851855,0.12862324446246,0.21691812917459333,0.013371380437020686
0.17,0.013,1,0.1609669427777778,0.0006612705446296295,0.12083827431062788,0.19956532551917902,0.0015302857257486757
0.17,0.013,2,0.16057111592592593,0.0006885677864814816,0.11261363522421086,0.20619756794283423,0.0023310286848067796
0.17,0.013,3,0.15378124092592593,0.000686245978888889,0.10985996345440294,0.18776221797905226,0.009940300418396664
0.17,0.02,1,0.1356706837037037,0.001042289029074074,0.0939971636340638,0.17652852726165622,0.0008156765116873743
0.17,0.02,2,0.14316479851851852,0.0010445463448148149,0.10050989127214027,0.1853852088028449,0.0004344969620518613
0.17,0.02,3,0.14246981574074072,0.0010324915390740742,0.1075443874270047,0.16951981573149463,0.007875428322982103
0.17,0.03,1,0.12115468351851852,0.0015612416518518521,0.09035163529050941,0.14753288110926271,0.0044248506372649155
0.17,0.03,2,0.12446207518518516,0.001554997922222222,0.09863729702313366,0.14784468755018917,0.0024421657970475075
0.17,0.03,3,0.13447260055555554,0.0015296465351851852,0.10111156209981673,0.16435656903541168,0.0034770699758826795
0.1,0.0005,1,0.1322279155925926,5.9944242740740744e-05,0.17120313157488867,0.2978223744708884,-0.20456967486059188
0.1,0.0005,2,0.15182060907407405,6.911912837037038e-05,0.3250951234352698,0.3083946718849819,-0.3298485771721036
0.1,0.0005,3,0.14326088666666667,6.499291568518518e-05,0.3405137249002418,0.3492204300957097,-0.40321238166261814
0.1,0.0015,1,0.16955623796296296,0.00010228046975925925,0.12149303056803777,0.20688766074929651,0.010731784608591616
0.1,0.0015,2,0.17271168999999997,0.00010517242085185185,0.10929943438369058,0.2220763614753388,0.01404758414097057
0.1,0.0015,3,0.1841187161111111,9.420777800000001e-05,0.12036614349052681,0.23718955725833796,0.010681731473357436
0.1,0.0015,4,0.18825917000000003,9.938451377777778e-05,0.13497066201436364,0.23640159000143135,0.005146087984205072
0.1,0.0015,5,0.18151197574074074,0.00010095953925925927,0.12398124589280635,0.22624273914185808,0.012799966446817052
0.1,0.001,1,0.1731616477777778,7.483123472222221e-05,0.12388220775495196,0.21061030093976912,0.011830786860834497
0.1,0.001,2,0.18991034685185187,7.521925657407407e-05,0.12058348224223528,0.2479652668148828,0.011271944646585708
0.1,0.001,3,0.18462757037037036,7.504486579629629e-05,0.1219621210088544,0.23599497187767965,0.011298047854206683
0.1,0.001,4,0.18828543370370368,7.361751037037038e-05,0.13264834374026305,0.22971737700107875,0.014205146666065566
0.1,0.001,5,0.18431141759259262,7.129124331481481e-05,0.12049543958158034,0.23198604101796633,0.01614135458563859
0.1,0.003,1,0.16309141185185183,0.00018317577666666668,0.12265687287964704,0.1991471922752972,0.004378758548759409
0.1,0.003,2,0.1681421937037037,0.0001787828861111111,0.11142869645322022,0.21720737086178038,0.007648320092406791
0.1,0.003,3,0.15879635203703704,0.00017462642,0.10825336438047758,0.20529985709550808,0.004039482598088423
0.1,0.003,4,0.17281220777777775,0.0001788414640740741,0.12023787680260431,0.21958190426735497,0.005804634485596233
0.1,0.003,5,0.16412928259259263,0.00017716145796296297,0.11226800944601618,0.20083379902374596,0.01515675671542313
0.1,0.005,1,0.1490343148148148,0.0002839516731481481,0.11085056135214585,0.1848705874925614,0.0023474807849223345
0.1,0.005,2,0.1435031861111111,0.00026683812462962957,0.09854011111709958,0.18302434804416284,0.005441913060959758
0.1,0.005,3,0.1414978585185185,0.00027602025666666663,0.09443904635340634,0.18613163267431906,0.0024250380093116253
0.1,0.005,4,0.15181608203703703,0.0002794030987037037,0.10015042144977948,0.19676888095720893,0.006712861667085651
0.1,0.005,5,0.15949020388888893,0.00027940940370370376,0.10361239211422284,0.2050018670595008,0.010366148604054215
0.1,0.008,1,0.13702879,0.0004487216942592593,0.09727172399866606,0.17062348080296244,0.006162375198371511
0.1,0.008,2,0.12306884537037034,0.00044315497981481486,0.07685243786876607,0.16847734602604575,0.0008079068459288519
0.1,0.008,3,0.13457493703703705,0.00042274077796296294,0.0943387771508808,0.17354883048348296,0.0012622664397103356
0.1,0.008,4,0.1351010851851852,0.00043142664592592597,0.09196471262706223,0.1722806930866508,0.005956764656657371
0.1,0.008,5,0.12805638574074077,0.0004387050231481481,0.08974820762016197,0.15904597487398503,0.0073185889873345344
0.1,0.013,1,0.110302943,0.0007182085562962962,0.08558525716004325,0.13253739050157162,0.002483238338385124
0.1,0.013,2,0.12623422666666667,0.0006913033131481482,0.08425376116986558,0.16163226263613037,0.006582429527337397
0.1,0.013,3,0.1200335475925926,0.0006897885057407407,0.08933033205609749,0.14537487635755808,0.005361886771529656
0.1,0.013,4,0.12929810055555557,0.0007038083220370371,0.10215751227213514,0.15513401378359887,0.0013046750553771247
0.1,0.013,5,0.11885587296296293,0.0007031835855555557,0.09213508574897544,0.13973528939831323,0.005841370778637195
0.1,0.02,1,0.12083063555555554,0.001120712451851852,0.09651520653789522,0.14553469927384277,-0.0003886347006269164
0.1,0.02,2,0.1188855451851852,0.001090728100925926,0.0906247090701029,0.14693593684669215,0.00021044445357534802
0.1,0.02,3,0.12060491166666666,0.0011053679722222225,0.0940254186631864,0.14522507115521513,0.001959333514931799
0.1,0.02,4,0.11735486166666664,0.001102567022222222,0.08712659395708627,0.1439847464969356,0.0035983828793114125
0.1,0.02,5,0.12199010981481483,0.0011060761296296298,0.09008995562494447,0.1588982845012432,-0.005008020496557991
0.1,0.03,1,0.12005453481481482,0.0017340439555555555,0.09852653544720699,0.14011743117201514,0.0014651030104075036
0.1,0.03,2,0.10493973842592595,0.0017239561240740742,0.09418421334778584,0.11606880285628966,-0.00037353935222360357
0.1,0.03,3,0.10420179251851851,0.0017271329351851853,0.08806352699063266,0.12120784102255847,-0.0008677829761541134
0.1,0.03,4,0.1062874706111111,0.0017677543500000002,0.08782357087242133,0.12394135775736459,0.0008100125924362794
0.1,0.03,5,0.10651707474074075,0.0017430565111111113,0.09362342044612844,0.11545675053361473,0.003953978501738328
0.25,0.0015,1,0.24745173537037043,0.00012229485333333333,0.1651495665067063,0.2846934893785563,0.04506041485547824
0.25,0.0015,2,0.2489632037037037,0.00012331396703703704,0.17499920870150343,0.28594480531457156,0.03698239339133241
0.25,0.0015,3,0.23016879481481484,0.00012269356462962964,0.16370524204565035,0.26529749187951596,0.03133485570446337
0.25,0.001,1,0.2520635501851852,9.509529903703703e-05,0.17147433789540933,0.2908572518793058,0.04179551059565534
0.25,0.001,2,0.26001438870370375,9.053755450000001e-05,0.1826255529160487,0.29616868070769437,0.041234543783664424
0.25,0.001,3,0.23512257203703704,8.795435731481481e-05,0.15914873664977555,0.2762600295695041,0.03483637785479449
0.25,0.003,1,0.23847930722222224,0.00022438141962962966,0.16343475725916917,0.2796549177129563,0.033868939472319004
0.25,0.003,2,0.24074713925925925,0.00022003588925925926,0.16264199256664072,0.2849008260252643,0.03395145992661347
0.25,0.003,3,0.22424244611111113,0.0002223220953703704,0.14805908579987478,0.2733029923069546,0.027122814115392913
0.25,0.005,1,0.22604313240740737,0.0003432549853703704,0.14692776040271574,0.2780319104090499,0.02712659400304912
0.25,0.005,2,0.22782579129629624,0.00033652522425925923,0.16287844606893506,0.2639917902097736,0.02878134631388385
0.25,0.005,3,0.21075259907407407,0.0003371521957407407,0.14772804148442167,0.25096054477773977,0.022816611885986715
0.25,0.008,1,0.2148761590740741,0.000499525124074074,0.14599050115083237,0.26163344591125204,0.022128371086063803
0.25,0.008,2,0.20028283518518522,0.0004994656916666667,0.13680149201525876,0.2419841814108258,0.021779996944285868
0.25,0.008,3,0.1950769264814815,0.0005111884890740741,0.13272234795359522,0.23960703635386613,0.017824468655501663
0.25,0.013,1,0.19891320333333334,0.0007560256025925924,0.13518458085058246,0.24716313671823995,0.01547868909784425
0.25,0.013,2,0.20236669759259257,0.0007433119116666665,0.13682672078190689,0.25373551549318857,0.014171158910089687
0.25,0.013,3,0.18558727574074074,0.0007315180585185187,0.1318179399219525,0.22867944580909488,0.010677165750434092
0.25,0.02,1,0.1806832001851852,0.0010843607925925926,0.12317661142641792,0.22671362437804454,0.011476164565907915
0.25,0.02,2,0.17303209851851853,0.0010582646437037036,0.1305247595452169,0.20737418279401848,0.008165254697801688
0.25,0.02,3,0.17777821685185186,0.001071790890740741,0.1413707272160088,0.20956677500141813,0.004618931486276789
0.25,0.03,1,0.15684903185185187,0.0015768047500000003,0.11017950577640875,0.19260022606166877,0.010918331865626213
0.25,0.03,2,0.1625384987037037,0.0015415554296296296,0.12194652499704924,0.19267093944274408,0.010459532967614121
0.25,0.03,3,0.15839335611111113,0.0015587366351851853,0.11735599342204969,0.19292233679279808,0.006508382007374497
0.2,0.0005,1,0.15081554925925927,5.491111003703703e-05,0.2528184625704079,0.30186946992379193,-0.2530568339756813
0.2,0.0005,2,0.1405873474259259,5.6501891611111114e-05,0.20259630669794046,0.3306480104062087,-0.25206962225229734
0.2,0.0005,3,0.15471220962962964,5.03802338888889e-05,0.37055619081373603,0.30530643800096696,-0.3664382095554437
0.2,0.0015,1,0.21779210944444444,0.0001151324038148148,0.15459020182399213,0.25100742460584236,0.029986592459054384
0.2,0.0015,2,0.22185746629629632,0.00012534160833333334,0.1523020358375027,0.26167318869840195,0.02973970805668802
0.2,0.0015,3,0.24213926925925922,0.00011568011666666666,0.17157475202216105,0.2839977805248604,0.028706005971496973
0.2,0.001,1,0.22362877574074083,7.913080588888889e-05,0.1549814791415272,0.2612716061843578,0.031004466155596655
0.2,0.001,2,0.223570685,8.53355737222222e-05,0.1540685875977807,0.25791058445969534,0.035162197942523954
0.2,0.001,3,0.24239936944444446,8.841740653703704e-05,0.16936519451384235,0.2809128335697655,0.034520710805281074
0.2,0.003,1,0.20475068907407404,0.0001972728111111111,0.14702433286102995,0.23995325371566203,0.022523791571456092
0.2,0.003,2,0.20395061018518515,0.0002122568672222222,0.14512119939079432,0.24352595812329678,0.019254062856279203
0.2,0.003,3,0.22923107351851849,0.00020360627740740743,0.157534346493245,0.2710794149100702,0.029848385633721775
0.2,0.005,1,0.19303102500000002,0.00030643964370370366,0.14080489414865785,0.2280421510486767,0.017215004802665496
0.2,0.005,2,0.1889034144444445,0.0003228152883333334,0.1331553848469927,0.22527336377136162,0.01937808027053467
0.2,0.005,3,0.20483055629629626,0.00032580210629629635,0.14307729281534867,0.24152488314669682,0.025058936630547063
0.2,0.008,1,0.19129580296296297,0.00046069169407407415,0.13577135948144345,0.2350192300110653,0.011801016433417189
0.2,0.008,2,0.17982342796296294,0.0004593356883333333,0.12805308831280993,0.22011480605735773,0.011478961555758227
0.2,0.008,3,0.18717564740740744,0.00047530301629629623,0.1374769710962828,0.2173644021863149,0.0195099215322172
0.2,0.013,1,0.17815184277777776,0.0007005784270370372,0.12629849309396196,0.21780968156500738,0.012195510896586187
0.2,0.013,2,0.1694291022222222,0.000742188142222222,0.12362179109940856,0.21041770122900355,0.004818712116032298
0.2,0.013,3,0.17577164074074073,0.0007314350999999999,0.12372983359182015,0.21657342674891816,0.011240021140743128
0.2,0.02,1,0.15327824499999998,0.0010384278914814815,0.11510302908661181,0.1888936438808399,0.0025598170325482617
0.2,0.02,2,0.14590255666666668,0.0010826083740740741,0.10627263900682,0.18541608244923752,0.00011639187727585654
0.2,0.02,3,0.1651969735185185,0.001052361441296296,0.1291992557962539,0.20013127497451277,0.0010634162662703228
0.2,0.03,1,0.13617451759259258,0.0015498954499999999,0.10214943244678787,0.1604732248871565,0.00972637785124078
0.2,0.03,2,0.1385330690740741,0.0015400852925925926,0.1039604347294572,0.17470716554195245,-0.0016014621232614823
0.2,0.03,3,0.15330221814814818,0.0015482698851851853,0.12904096874312704,0.1742693971903778,0.003294070362791529
0.3,0.0005,1,0.1588771196296296,5.307311653703705e-05,0.4388705628053466,0.32927233550091634,-0.4503886590470037
0.3,0.0005,2,0.14145108222222222,5.6145026296296295e-05,0.26492091108631316,0.2779020340031246,-0.2599207806449933
0.3,0.0005,3,0.13620356870370368,5.4220332888888885e-05,0.25778778238505806,0.33081667464666015,-0.31619731962431086
0.3,0.0015,1,0.2692619411111112,0.00013016406685185185,0.1855519142262898,0.3050298066830156,0.04794216131291695
0.3,0.0015,2,0.2597346264814815,0.000130133485,0.17667235070261308,0.2931997724563391,0.049597129804010764
0.3,0.0015,3,0.2509919761111111,0.00013292872296296295,0.17084160835514633,0.2967589209623026,0.03438342290477331
0.3,0.001,1,0.27748840925925927,9.499454424074075e-05,0.19802280083179244,0.3051857705313517,0.05176824715537437
0.3,0.001,2,0.2579051618518518,9.696005105555556e-05,0.1801409434792272,0.28544742942494267,0.05022195079953373
0.3,0.001,3,0.24852156425925925,9.943460112962963e-05,0.16034670415153315,0.29201632625763413,0.044680098109351196
0.3,0.003,1,0.25008797555555556,0.0002449404272222222,0.18114726929663108,0.28228613254958856,0.03674254926489151
0.3,0.003,2,0.24331193185185185,0.00024011722611111112,0.1687172263127674,0.2796131751266168,0.038293462264319456
0.3,0.003,3,0.24019999351851848,0.00023471357351851854,0.15614059252268017,0.28849453323484553,0.035764861279511284
0.3,0.005,1,0.24136237722222223,0.0003474289638888889,0.1745190637922452,0.27493241329955354,0.033273277352645736
0.3,0.005,2,0.24751471685185192,0.0003479359668518519,0.16191480480701287,0.29702218217642795,0.036092446720263016
0.3,0.005,3,0.2299236424074074,0.0003520466740740741,0.16049721562458058,0.26992383649170965,0.029426232698524568
0.3,0.008,1,0.22748133703703705,0.0005266305022222222,0.1660630370991602,0.2630171914593878,0.025882445515526098
0.3,0.008,2,0.22258184277777782,0.0005329650385185186,0.14692496933974447,0.26621209975000926,0.032026616465801905
0.3,0.008,3,0.20918503648148143,0.000519340223148148,0.140923904433139,0.25697675508751505,0.020469413442308793
0.3,0.013,1,0.20964129314814814,0.0007967890090740742,0.13915752257747158,0.2610174468454215,0.019107616873403233
0.3,0.013,2,0.19950387,0.000779910621851852,0.13887920157803893,0.23726926620916258,0.02285927221279846
0.3,0.013,3,0.20211594277777778,0.0007806621503703703,0.14117842343509304,0.24261725739685672,0.020436204723605828
0.3,0.02,1,0.19497353777777773,0.0011235675037037035,0.14054627889023774,0.2383479905011169,0.011052806164200818
0.3,0.02,2,0.1798611738888889,0.0011458611462962962,0.12846823752022257,0.21383750522129713,0.01741660503625808
0.3,0.02,3,0.17270287481481486,0.0011373265111111113,0.11815074231613583,0.2137539151478546,0.0135010921656393
0.3,0.03,1,0.17710585370370371,0.0016361574166666665,0.13654323193363777,0.2152706973023999,0.002397778171369769
0.3,0.03,2,0.1665477262962963,0.0016392671666666666,0.12511694066033735,0.20024740563775492,0.007731106294500328
0.3,0.03,3,0.14870374648148146,0.0016367130648148151,0.10766589173704792,0.17942885774544898,0.010312743480466013
0.5,0.0005,1,0.15755181759259257,5.275188122222221e-05,0.0880511804278244,0.2791712753091076,-0.05211882055174688
0.5,0.0005,2,0.14755262814814815,5.200880757407408e-05,0.3203643055328485,0.2977136068988315,-0.3229726561353837
0.5,0.0005,3,0.14147483666666666,4.8832424592592594e-05,0.295846784450997,0.26952879294210647,-0.28242590405977014
0.5,0.0015,1,0.27685283703703706,0.0001757699175925926,0.18728721963999992,0.3005279648746827,0.06589048955939147
0.5,0.0015,2,0.25714321074074076,0.00017357519814814818,0.1579318797625402,0.27635923188003464,0.07999530983890668
0.5,0.0015,3,0.2641380964814815,0.00017846474888888892,0.17698691827555876,0.27982947710076844,0.07145979758663579
0.5,0.001,1,0.2729521822222222,0.0001323321064814815,0.18447837820532564,0.2945792049167174,0.0668467813224013
0.5,0.001,2,0.25837077333333336,0.0001300214498148148,0.16760281096707866,0.2680925200475338,0.08104621565205428
0.5,0.001,3,0.26516845333333333,0.0001313351118518519,0.19010344535786178,0.270053522089871,0.0701799392189339
0.5,0.003,1,0.2643566366666667,0.0003025773477777778,0.18110567651352452,0.28874208204072505,0.05886551477908386
0.5,0.003,2,0.24974893222222216,0.00030587106925925923,0.15608842994372515,0.27165113060456597,0.07175830389615317
0.5,0.003,3,0.26676262888888885,0.00030094230018518515,0.17709127067070213,0.29166740697365917,0.06476658013341641
0.5,0.005,1,0.2569584255555556,0.0004650482172222223,0.16405553772977663,0.2926742707698295,0.057187042611505035
0.5,0.005,2,0.24327945722222225,0.00045493545944444447,0.15346044096767414,0.2674586388400287,0.06563983463674167
0.5,0.005,3,0.24922069666666669,0.00046305705648148145,0.1589439961827069,0.2762958848463128,0.06320151230431365
0.5,0.008,1,0.25463673666666664,0.0006858663255555556,0.16214275418703253,0.2865750930971017,0.06055562604919906
0.5,0.008,2,0.23847324166666667,0.0006647039322222222,0.14211083089371224,0.27770431840810506,0.057131334031516046
0.5,0.008,3,0.23823497888888892,0.0006619114648148148,0.16079480032957932,0.2698701507441265,0.045805006704072004
0.5,0.013,1,0.24126698018518522,0.0009982979518518519,0.16484693919164806,0.27454611865426526,0.043140902524457125
0.5,0.013,2,0.21072777000000006,0.0009770175477777777,0.13719042689876376,0.24157992322443528,0.04268518987680109
0.5,0.013,3,0.22654705814814816,0.0009951849140740741,0.1495628563448676,0.2607601131728512,0.04277114677857752
0.5,0.02,1,0.22151998499999997,0.0013963187722222223,0.14282511479673624,0.26572678919107984,0.034488066012183904
0.5,0.02,2,0.19395706814814814,0.00138628685,0.11536957473291136,0.2293391808767323,0.04320538068665261
0.5,0.02,3,0.21559496870370368,0.001366289275925926,0.15229028717296955,0.24500960758331755,0.03389004265112025
0.5,0.03,1,0.21455161407407408,0.0018972496037037037,0.14454797096980565,0.2463372767849216,0.03821798039342092
0.5,0.03,2,0.18425201629629628,0.0018970145425925922,0.12970819569358924,0.21535212695843153,0.023443709940571794
0.5,0.03,3,0.19362464092592588,0.0018968898055555558,0.15144227783384073,0.21231250023606946,0.023494503781941567
1.0,0.0005,1,0.14594010777777777,5.18462826851852e-05,0.19403558481589878,0.33025977817741337,-0.2324151474377566
1.0,0.0005,2,0.14666477944444445,5.0564441944444445e-05,0.22430215012196936,0.27650362172475806,-0.20747621295783852
1.0,0.0005,3,0.1579169875925926,5.221643061111111e-05,0.32023865978777377,0.31242145840569635,-0.31682614300828493
1.0,0.0015,1,0.2645290303703704,0.0002577660101851852,0.18256375099128425,0.23327159620181298,0.11322271354764357
1.0,0.0015,2,0.27237838722222224,0.0002710972435185185,0.18937103016456533,0.25748331456439644,0.09790242971548269
1.0,0.0015,3,0.251657847962963,0.000266103582962963,0.17473456998943787,0.22456553449579514,0.10401559144069294
1.0,0.001,1,0.2722497292592592,0.0002141776988888889,0.19179242087369908,0.24151021587847438,0.11119682176634499
1.0,0.001,2,0.278829635,0.0002194280385185185,0.20036632762482753,0.24941334074992988,0.10787960162524263
1.0,0.001,3,0.26021360648148156,0.00020753427185185184,0.19066123203141855,0.22864348443531113,0.10112249649623345
1.0,0.003,1,0.2598036731481482,0.00043377024129629614,0.1815089290233725,0.22610028649277153,0.1119981307801523
1.0,0.003,2,0.26113587629629625,0.0004255715901851853,0.17676837334251422,0.25318836884112755,0.09231501040895074
1.0,0.003,3,0.27276082574074073,0.0004112434240740741,0.19607915868972264,0.24977974959750168,0.09966274319425714
1.0,0.005,1,0.24354594000000007,0.0006237025327777778,0.16587224888565116,0.2395047251071908,0.08171490600715817
1.0,0.005,2,0.2531425133333333,0.0006225924594444444,0.17593372562926163,0.23327989848131114,0.09707140255609387
1.0,0.005,3,0.2525804038888889,0.0006258009522222223,0.17270518650241726,0.23528412249743744,0.09717149877792311
1.0,0.008,1,0.24861241481481477,0.0009095749027777779,0.16727550204367242,0.24826064652649626,0.08168868105946087
1.0,0.008,2,0.24992736592592596,0.0008949597987037036,0.17325312526036277,0.24925882240142255,0.07734278419006663
1.0,0.008,3,0.24454627333333334,0.0009015873677777777,0.16903653261137527,0.230647236614203,0.08940877744108838
1.0,0.013,1,0.23116744851851848,0.0013016887555555555,0.15830041016299223,0.2314187935112429,0.07261569336280183
1.0,0.013,2,0.24378658870370368,0.0012947128981481485,0.1735806662720148,0.2427607464882307,0.07123176464716185
1.0,0.013,3,0.25266673166666664,0.0013217894499999996,0.17755045799251207,0.25249432710111325,0.07528867823970797
1.0,0.02,1,0.22828712388888892,0.001783742351851852,0.16405740563219434,0.2341849078037533,0.05833193434183018
1.0,0.02,2,0.23888804277777778,0.0017621073851851851,0.1513737303298878,0.2564245362751555,0.06997781895051225
1.0,0.02,3,0.22978079314814817,0.0017301118481481484,0.1706046773469255,0.229827954554697,0.05912895439467386
1.0,0.03,1,0.22054533685185188,0.0023861780666666666,0.16255527474196912,0.23206329811512738,0.046472100846607245
1.0,0.03,2,0.21761989499999998,0.002397696831481481,0.14449482169692335,0.23460281091392865,0.05614215738914796
1.0,0.03,3,0.22531506444444446,0.002372843903703704,0.1588873611698896,0.2307844602798585,0.060958307439140824
