mu_g,Tgran,seed,Theta,mu,mu_n,mu_t,A_c,A_n
0.05,0.0005,1,0.00018904998910778442,0.4225727128118058,0.4213393861362802,0.0012333266755257053,0.06409703390359933,0.07634942755394965
0.05,0.0005,2,0.0001958953877245509,0.3512654739678617,0.35047042131452594,0.0007950526533357452,0.04100861746922938,0.07581485783470979
0.05,0.0015,1,5.977700688622754e-05,0.2593084574939286,0.2567693036947357,0.002539153799192855,0.03677769649576147,0.04881207074178881
0.05,0.0015,2,5.788036832934131e-05,0.25285436383088383,0.2501174315234144,0.0027369323074694077,0.03581930913087024,0.04755316757337306
0.05,0.001,1,4.139684645508981e-05,0.26876554094569405,0.2653289340807912,0.0034366068649027953,0.037087292924153595,0.05135568457929416
0.05,0.001,2,4.21774428263473e-05,0.2720024209715931,0.26867339412485536,0.0033290268467377412,0.037621844716653405,0.05193595383566461
0.05,0.003,1,0.00011530779401197605,0.2234416042553652,0.2221498556451975,0.0012917486101677,0.03206428454258816,0.04198566779390685
0.05,0.003,2,0.00011604862517964072,0.2278842545155794,0.22650517285439184,0.0013790816611875334,0.03327594056193029,0.04222578441661755
0.05,0.005,1,0.00019201961802395206,0.20858929310302718,0.20778022387398037,0.0008090692290468253,0.030757205314295002,0.038502868727392545
0.05,0.005,2,0.00019566267059880244,0.20787217017288576,0.2071349531399464,0.0007372170329393952,0.03007995724418014,0.038965026316039965
0.05,0.008,1,0.00033386873413173654,0.20522621263835547,0.20475457133023037,0.00047164130812515,0.02930309028232299,0.03894843383346803
0.05,0.008,2,0.0003331744508383233,0.19265352712775272,0.19195435780707873,0.0006991693206740013,0.028465306048579487,0.03551947870949775
0.05,0.013,1,0.0005848562969161677,0.18523967476128927,0.18488742916465964,0.0003522455966296056,0.027264285450142572,0.034364857311258726
0.05,0.013,2,0.000595453817245509,0.193421197713471,0.1932027671204556,0.00021843059301541497,0.029511453336153664,0.03488946778664315
0.05,0.02,1,0.0009951726581736528,0.17875678019511626,0.17827402697330108,0.0004827532218151539,0.028022355416613215,0.031402320915752846
0.05,0.02,2,0.001005384446526946,0.19381475632934395,0.19343205066092994,0.0003827056684140355,0.02849588471475934,0.03598146598245801
0.05,0.03,1,0.001661202131437126,0.16994813621683585,0.16948587000660442,0.00046226621023144653,0.026054856293089363,0.030440433372992542
0.05,0.03,2,0.0016568444335329341,0.17400824471126355,0.17379176631496498,0.00021647839629858388,0.02838279831687945,0.0295477916713198
0.05,0.05,1,0.0031165495188622758,0.1699017530624063,0.16977508604033129,0.0001266670220750269,0.028901848389856884,0.027689847779189716
0.05,0.05,2,0.0031345179733532937,0.16595475833320847,0.16569769259047695,0.0002570657427314834,0.027089608330288697,0.028142953377621217
0.05,0.08,1,0.005665281968562874,0.1569015964111289,0.15676345904550926,0.00013813736561968536,0.02786409791973583,0.02439038864072755
0.05,0.08,2,0.00569310122005988,0.16641220528577766,0.16608895273441024,0.0003232525513673927,0.028621710133779222,0.026741274379030858
0.05,0.12,1,0.009406510227544912,0.14832449398420638,0.1480507792520243,0.00027371473218206854,0.028099083769631987,0.021251174143822892
0.05,0.12,2,0.009373240897005988,0.16044181089122617,0.16025334039183253,0.00018847049939366424,0.030167519986771942,0.023250260277957218
0.0,0.0005,1,0.00017758697423952098,0.544654493894601,0.544654493894601,0.0,0.10124078649785663,0.08031071219387896
0.0,0.0005,2,0.00018465669315868263,0.5702531960226644,0.5702531960226644,0.0,0.11033640283789983,0.0797479968046398
0.0,0.0015,1,0.0002938929551497006,0.159030817537804,0.159030817537804,0.0,0.023929310901664905,0.029080962834680292
0.0,0.0015,2,0.00030080037038922157,0.16891768529756845,0.16891768529756845,0.0,0.02508210502312391,0.03122379043339374
0.0,0.001,1,0.00023624378937125748,0.1593083426872093,0.1593083426872093,0.0,0.023413198119383225,0.02968958236970952
0.0,0.001,2,0.0002364077639520958,0.15853377057268936,0.15853377057268936,0.0,0.023499958432477874,0.029344629925629095
0.0,0.003,1,0.00046343277071856287,0.15531286787059334,0.15531286787059334,0.0,0.02332503356074711,0.02844592386538907
0.0,0.003,2,0.00046977457059880237,0.15859395302674287,0.15859395302674287,0.0,0.02427601313080286,0.02858863715079547
0.0,0.005,1,0.0007083070791616766,0.15494611183267196,0.15494611183267196,0.0,0.023728393603338845,0.027920312810932543
0.0,0.005,2,0.0007055806651497005,0.16199148868783692,0.16199148868783692,0.0,0.02486645024857023,0.02913071356839837
0.0,0.008,1,0.0010588711288023953,0.1582096918180515,0.1582096918180515,0.0,0.024339398330823003,0.02839716661554606
0.0,0.008,2,0.001058243704491018,0.14972892257290032,0.14972892257290032,0.0,0.02390087593647909,0.02600876677533358
0.0,0.013,1,0.001641535751497006,0.1565130627611973,0.1565130627611973,0.0,0.024303413565482553,0.027867606121822326
0.0,0.013,2,0.0016461742766467064,0.14092196882546995,0.14092196882546995,0.0,0.022742652177501526,0.02423133677116332
0.0,0.02,1,0.0024683047715568862,0.1533646814071341,0.1533646814071341,0.0,0.026210725464792944,0.024910833334383202
0.0,0.02,2,0.0024712654350299403,0.15162458813167112,0.15162458813167112,0.0,0.025289336415408075,0.025252191881754007
0.0,0.03,1,0.0036790147781437118,0.14742658688168267,0.14742658688168267,0.0,0.025539618775358944,0.02360257813070799
0.0,0.03,2,0.0036559650026946108,0.14630016583024852,0.14630016583024852,0.0,0.02541105622130431,0.023355665550947813
0.0,0.05,1,0.006064347408982036,0.13518625972122694,0.13518625972122694,0.0,0.025076768707559965,0.019985317161745175
0.0,0.05,2,0.006104969171257485,0.14139940012767166,0.14139940012767166,0.0,0.025376371050041896,0.021756761289803653
0.0,0.08,1,0.009831678582934133,0.14371960300518827,0.14371960300518827,0.0,0.026246270873675346,0.02166026511221491
0.0,0.08,2,0.009850672511377246,0.14129433462396745,0.14129433462396745,0.0,0.02610529994057185,0.020992811868295682
0.0,0.12,1,0.015032898002994014,0.13086565343628426,0.13086565343628426,0.0,0.026144947721355023,0.017476937246608832
0.0,0.12,2,0.015069973901197605,0.13911605827159323,0.13911605827159323,0.0,0.027006951756141127,0.019365067535112614
0.15,0.0005,1,3.198865403293413e-05,0.44532912999418445,0.4280931602221845,0.017235969771999978,0.06002614734256666,0.0826715725125405
0.15,0.0005,2,0.00015018434722455088,0.4212744163829714,0.40748815736332883,0.013786259019642606,0.05564713641725993,0.0801822497721574
0.15,0.0015,1,6.690623151796407e-05,0.4056976991926008,0.38304224149397803,0.02265545769862285,0.052105376632365474,0.07557537228569432
0.15,0.0015,2,6.79454562754491e-05,0.4017211890020998,0.3795746480848685,0.022146540917231297,0.05051480360326162,0.07601007969189183
0.15,0.001,1,4.880055841017964e-05,0.4141875960524844,0.39069090335744955,0.0234966926950349,0.05140969108779274,0.07882061055094261
0.15,0.001,2,5.033252883233533e-05,0.4123051080777019,0.38885522752815715,0.023449880549544784,0.05346015861102455,0.07615825086760186
0.15,0.003,1,0.00012589551829341318,0.3870990723088669,0.37051075485866464,0.01658831745020225,0.048884089815169084,0.07461949478419794
0.15,0.003,2,0.0001261959980239521,0.3769767498778864,0.360786573821605,0.01619017605628126,0.04811786439584641,0.072144325005735
0.15,0.005,1,0.00018671544260479041,0.3534566340287432,0.3410907740650048,0.012365859963738495,0.046651830185327925,0.06704509526747365
0.15,0.005,2,0.0001901644275748503,0.3435935206917021,0.3313479621434326,0.012245558548269541,0.04342938122452659,0.06701993912892772
0.15,0.008,1,0.00028378699344311375,0.3226264140910673,0.3147026811054512,0.007923732985616126,0.04251310586547514,0.06238778935225371
0.15,0.008,2,0.0002858385303892216,0.31828583921079423,0.3096738145878319,0.008612024622962339,0.04254776319292372,0.06067684131725721
0.15,0.013,1,0.0004293658124251496,0.2764501756270889,0.27177145550960896,0.004678720117479933,0.03744823163818976,0.053142253510397794
0.15,0.013,2,0.00042445138745508983,0.2941819533860807,0.289884402624152,0.004297550761928738,0.04028567232534723,0.056342461726480234
0.15,0.02,1,0.0006684710319461078,0.2568924754823078,0.25423638620735,0.0026560892749577895,0.036616439664207565,0.048129022799381735
0.15,0.02,2,0.0006399876229041916,0.25411998552470705,0.251131328763399,0.0029886567613080835,0.036095819478237555,0.047614622977811716
0.15,0.03,1,0.000987602659760479,0.2346126104093538,0.23307233027913565,0.0015402801302181678,0.03494435806257231,0.042746419178123246
0.15,0.03,2,0.001005112913982036,0.22693430593760555,0.22506813733724665,0.0018661686003588953,0.03284090979061888,0.04218180428634706
0.15,0.05,1,0.0017618757101796406,0.21063081637835884,0.20962491137632563,0.0010059050020331571,0.03294910799248368,0.0369258623461266
0.15,0.05,2,0.0017735656733532934,0.20798702347400438,0.20701800376214116,0.0009690197118632097,0.032860570772775696,0.0361454322994761
0.15,0.08,1,0.003186458166766467,0.18896398874617595,0.18773415201132376,0.0012298367348522105,0.03217570703342354,0.030402344020659965
0.15,0.08,2,0.0032268891101796403,0.18717490455314384,0.18649390982069142,0.0006809947324523932,0.029417809494184995,0.03274682638243594
0.15,0.12,1,0.005373152710778444,0.17056658542117686,0.17008872709337797,0.0004778583277989008,0.031022369719943897,0.02567387348274232
0.15,0.12,2,0.005363725219161676,0.17578699805968193,0.1750465954087057,0.0007404026509762129,0.03191809513582407,0.0264307702811281
0.1,0.0005,1,0.00028514689488023953,0.3789318956842658,0.3744381590294942,0.004493736654771667,0.04676455973120566,0.07804816040167528
0.1,0.0005,2,0.00016718557702095812,0.45512377760393236,0.44975733716824645,0.005366440435685981,0.06843457452350658,0.08148453570209321
0.1,0.0015,1,6.248387744011975e-05,0.3405108054656933,0.3294172744518336,0.01109353101385965,0.04735970530425604,0.06244605293545192
0.1,0.0015,2,5.997963718862275e-05,0.34639196934272803,0.33536806554653265,0.011023903796195384,0.045996413867649424,0.06579293993068365
0.1,0.001,1,4.1974123113772454e-05,0.3486598571416885,0.33674741525540747,0.011912441886280992,0.04752620570406226,0.06472293259212523
0.1,0.001,2,4.3408896116766466e-05,0.35105941390076795,0.33817321711084797,0.01288619678991996,0.04394456343605824,0.06877984205982751
0.1,0.003,1,0.00011303789440419161,0.3210707127787241,0.3138398821542344,0.00723083062448965,0.04295407119923138,0.06165922384319355
0.1,0.003,2,0.00011266307669461077,0.30654735493957874,0.2990893079325173,0.007458047007061386,0.040938247188964876,0.05875818925252641
0.1,0.005,1,0.00017777013017964072,0.2880670130924884,0.28321464362951526,0.004852369462973131,0.03936563887161872,0.05503923977706282
0.1,0.005,2,0.00017903880332335327,0.2840450524128792,0.2792613747053252,0.00478367770755398,0.03877651093086606,0.054310616171842865
0.1,0.008,1,0.000275814266257485,0.25638413168075375,0.253830942027053,0.002553189653700755,0.03533235527830688,0.04927795717039676
0.1,0.008,2,0.0002750864691916168,0.25487274036900737,0.2518544402901623,0.0030183000788450275,0.03666297124645427,0.04728851036921856
0.1,0.013,1,0.0004406431907784432,0.23512031188554572,0.2331473767273137,0.0019729351582320636,0.03341304549011566,0.044302746062379175
0.1,0.013,2,0.00044759057931137734,0.229804726481708,0.22819641019443437,0.001608316287273621,0.034334118624081006,0.04173135106876479
0.1,0.02,1,0.0007124552591616767,0.22122544944427852,0.22005052964300473,0.0011749198012737893,0.03336343386167208,0.03998674163198607
0.1,0.02,2,0.0007182978114371257,0.2172897099932797,0.21627949650749506,0.0010102134857846062,0.0317638855765612,0.04032928194453679
0.1,0.03,1,0.0011560090062874252,0.1922833277743923,0.19135848321611756,0.0009248445582747305,0.02994211333904514,0.03384404660494768
0.1,0.03,2,0.001156208655988024,0.19838080128115376,0.19776962440384588,0.0006111768773078986,0.029688601587722404,0.03623460547996125
0.1,0.05,1,0.0021736989008982036,0.1884714406627171,0.18797642491045857,0.0004950157522585502,0.03028625416122832,0.032372557086592306
0.1,0.05,2,0.0021543380386227543,0.17992402724851259,0.17964029221153835,0.000283735036974253,0.029244969875169738,0.030635127158182864
0.1,0.08,1,0.004017440397305389,0.1663707091783269,0.16619382246011713,0.00017688671820972372,0.02848346495645552,0.026914475830101606
0.1,0.08,2,0.003997348501497007,0.1762873186901207,0.17593565398022537,0.00035166470989535974,0.0295322664813644,0.029112950096619156
0.1,0.12,1,0.006766835840419162,0.16729475739807642,0.1667436162233173,0.0005511411747591529,0.029772915745253155,0.025808290023906458
0.1,0.12,2,0.006825958865568862,0.1625949554333859,0.16197852283034683,0.0006164326030390721,0.030114578163007874,0.023878262437466706
0.2,0.0005,1,3.865121046706587e-05,0.49402800544019565,0.4676741241932188,0.02635388124697693,0.06352831662276531,0.09236305790290264
0.2,0.0005,2,3.865947356586827e-05,0.47851584603078867,0.45699267857368914,0.0215231674570996,0.06691552303710008,0.08541536900717953
0.2,0.0015,1,7.956240325149701e-05,0.4600947280551366,0.42806197753754976,0.032032750517586875,0.05511557559435615,0.08757175150616345
0.2,0.0015,2,7.738843576646707e-05,0.4568810345591263,0.42491680740881144,0.03196422715031496,0.058179841781123745,0.0834590906043317
0.2,0.001,1,5.3163414955089826e-05,0.4669642293282398,0.43110026486649283,0.03586396446174697,0.057739294768423974,0.08596079350178518
0.2,0.001,2,5.646941875748503e-05,0.45179354418042034,0.4154013182209557,0.03639222595946458,0.056021769972177594,0.08244533418919658
0.2,0.003,1,0.00013689026772455092,0.4265058498388942,0.39999471976652284,0.026511130072371387,0.053291060547758035,0.08004051354528227
0.2,0.003,2,0.00013838118068862276,0.42084031665878296,0.39441160284679344,0.02642871381198953,0.049296475461475406,0.08217405778552925
0.2,0.005,1,0.000213095884251497,0.40661367360918205,0.3848285521441924,0.021785121464989534,0.051688976316190786,0.07658720613187549
0.2,0.005,2,0.00020962309221556888,0.4008780814224704,0.3790703414231079,0.021807739999362523,0.051162242587595816,0.07519453727772495
0.2,0.008,1,0.0003069560560179641,0.3779611402919426,0.3619618432386748,0.015999297053267858,0.049479884809853186,0.07117406452418171
0.2,0.008,2,0.0003025439993413174,0.3724414853347066,0.3561088350408977,0.016332650293808888,0.04783123539409212,0.07087170820075347
0.2,0.013,1,0.00045330620032934133,0.3518783273005959,0.3412432502902497,0.010635077010346144,0.04799849086339208,0.06574925885044497
0.2,0.013,2,0.00045772793323353294,0.33678664792522445,0.3261473070768832,0.010639340848341294,0.04429846955637634,0.06441729953961037
0.2,0.02,1,0.0006454485498502994,0.29819621272684377,0.29150829143564433,0.006687921291199456,0.04108023796927488,0.05608919452781465
0.2,0.02,2,0.0006657784126946108,0.30390312870356084,0.29745024944187387,0.006452879261687052,0.041451690724501854,0.0576983920684804
0.2,0.03,1,0.000950585335,0.26558245454456464,0.261823735924224,0.0037587186203406455,0.03935329246551304,0.047921285888799264
0.2,0.03,2,0.0009435377967365268,0.267110642606477,0.2636429423827409,0.0034677002237360824,0.03885365445464567,0.049027324187346524
0.2,0.05,1,0.0016409285326347306,0.23280593565099306,0.23064660420818228,0.0021593314428108258,0.03437944598848261,0.042502755766099326
0.2,0.05,2,0.0016257982910179642,0.2323654396698972,0.2306424089638363,0.001723030706060876,0.03573450957395534,0.041146292385308945
0.2,0.08,1,0.002833843603892216,0.21171479899137027,0.21087226413887986,0.0008425348524904167,0.03459174745961066,0.035699006048618094
0.2,0.08,2,0.0027935366440119762,0.20553734810206287,0.2039818651712964,0.0015554829307664916,0.03393538736116581,0.03405856596771791
0.2,0.12,1,0.004665834999401198,0.19818550360437312,0.1971923875137333,0.000993116090639805,0.03474108275927003,0.030989714109094808
0.2,0.12,2,0.0046831276952095805,0.18609787092837882,0.18460909814677826,0.0014887727816005978,0.031883440939185326,0.029652924310830314
0.3,0.0005,1,0.00010019622325748504,0.55760967349407,0.506396947054679,0.05121272643939105,0.06975589479903904,0.09904308777820019
0.3,0.0005,2,7.565337294910179e-05,0.5113322093960481,0.4743208967063357,0.03701131268971232,0.05866423651558149,0.09944272941384602
0.3,0.0015,1,9.329342985029941e-05,0.512499564609077,0.46122418047629477,0.051275384132782105,0.0647608624421789,0.08898053181010979
0.3,0.0015,2,9.218607135628742e-05,0.5039805085666703,0.4537121939547918,0.05026831461187849,0.06223640874718107,0.08900099166745029
0.3,0.001,1,6.754900794011977e-05,0.5196105777584967,0.4672242957326206,0.05238628202587607,0.06413055628985896,0.09161087596967171
0.3,0.001,2,7.198735069760479e-05,0.5078717434360447,0.45516810473532904,0.052703638700715594,0.0633241314714616,0.08839857166329546
0.3,0.003,1,0.00016767661449101795,0.4928606420921837,0.44533382620729184,0.04752681588489195,0.059677539878572106,0.08876706861025158
0.3,0.003,2,0.00017396984215568866,0.4925591056065534,0.4471133608005775,0.045445744805975935,0.059728761190800596,0.0893090266339271
0.3,0.005,1,0.00024758245889221556,0.46831316840550014,0.4288002443364507,0.03951292406904945,0.056909423133076675,0.08602399024227209
0.3,0.005,2,0.00024365174511976046,0.46488602874743745,0.42566334544649553,0.039222683300941974,0.056259639773773934,0.08562813977782294
0.3,0.008,1,0.0003626934544011976,0.442610400582841,0.40884684270361066,0.03376355787923036,0.053553863452511785,0.08272841556950519
0.3,0.008,2,0.0003756238039820359,0.44219116224946226,0.40944246414925445,0.032748698100207786,0.05386214503536741,0.08261867673992458
0.3,0.013,1,0.0005276291430838323,0.4111412686255972,0.38603460731628964,0.025106661309307512,0.05188200088230391,0.07679620008299046
0.3,0.013,2,0.0005198430899700599,0.4119496698605705,0.38688852138001595,0.02506114848055468,0.05311513956323261,0.07584770159777239
0.3,0.02,1,0.00073449495751497,0.38406365777666895,0.36576114798041315,0.018302509796255834,0.05011173256152956,0.0718086492978333
0.3,0.02,2,0.0007370109808982037,0.37650349488284396,0.35642035997624266,0.02008313490660123,0.04965053618366684,0.06915625165802033
0.3,0.03,1,0.0010100710326946107,0.3323772298328512,0.32079675284356324,0.011580476989287903,0.04578160662716486,0.061150642327071514
0.3,0.03,2,0.0010252188981736527,0.3368745903542107,0.32575323878094076,0.011121351573269883,0.04705544757026694,0.061528964887587384
0.3,0.05,1,0.001617126144011976,0.2782571586306927,0.27171953004242055,0.0065376285882722245,0.040514735670473534,0.05005844207925039
0.3,0.05,2,0.0015879897059880238,0.2860984018361247,0.28116377700533973,0.004934624830784913,0.04118632825029058,0.05253493108500378
0.3,0.08,1,0.002497010274550898,0.23154694420021407,0.22846527372989958,0.003081670470314497,0.03663810541738279,0.039516985250923606
0.3,0.08,2,0.0025240373311377247,0.25247458001890133,0.24997141055973726,0.0025031694591641307,0.0404015574168068,0.042922247802317494
0.3,0.12,1,0.003922098186826347,0.2194061883507455,0.21625034728570372,0.003155841065041759,0.03644172385734111,0.035641725158332166
0.3,0.12,2,0.004009953077245509,0.22015091971382234,0.2187392600257099,0.0014116596881123718,0.03520636433461625,0.03770671958194575
0.4,0.0005,1,4.5578969661676646e-05,0.5626937094512412,0.5026189624389662,0.060074747012275005,0.06749733060396598,0.10004232372926661
0.4,0.0005,2,7.366129452095809e-05,0.5936090661840232,0.5257483206479083,0.06786074553611493,0.07614159995886569,0.0991078429917283
0.4,0.0015,1,0.0001165608723053892,0.5412835064614763,0.47321430236055395,0.0680692041009224,0.06594442083808043,0.0917936777562576
0.4,0.0015,2,0.00011554281173652694,0.5349235994934511,0.47031776008756027,0.06460583940589085,0.06569260696646348,0.09107997946298622
0.4,0.001,1,8.092318500598804e-05,0.5430861634833666,0.47069738779936876,0.07238877568399774,0.06839369438196886,0.08850543386753658
0.4,0.001,2,8.420736235329341e-05,0.5419752362902202,0.4765150657705582,0.06546017051966212,0.06674176060691218,0.09209659423652027
0.4,0.003,1,0.0001907111861976048,0.5252511167883157,0.46602267320745927,0.05922844358085644,0.06569839983861275,0.08964249245826957
0.4,0.003,2,0.00020252716164670658,0.5235086493774312,0.4650678983344707,0.0584407510429606,0.06298204662845187,0.09204058879989224
0.4,0.005,1,0.0002802558606886228,0.5091509247142234,0.45825330041038936,0.050897624303834016,0.06199960797610119,0.09075149347010646
0.4,0.005,2,0.0002910066122155689,0.5116791642943745,0.454612956445409,0.05706620784896567,0.06208327884395294,0.08945437401548696
0.4,0.008,1,0.00043673728251497,0.48513265940798944,0.43834168458247824,0.04679097482551123,0.05872614858683021,0.0873877460224101
0.4,0.008,2,0.0004252619282335329,0.49682954298799764,0.4472389082026324,0.0495906347853652,0.0613334759305219,0.08774616083868728
0.4,0.013,1,0.000579869155508982,0.45262895395714425,0.41302734661213286,0.039601607345011405,0.05431090838315651,0.08336487280961236
0.4,0.013,2,0.0006084221384131737,0.46706546338789673,0.4268590017113163,0.04020646167658047,0.05699185768381946,0.08529447521179019
0.4,0.02,1,0.0008154486124251495,0.44810298698958717,0.4160710094647536,0.03203197752483361,0.05426378688739928,0.08442655100150685
0.4,0.02,2,0.0008336212775149701,0.4394290230886447,0.4082445255322545,0.031184497556390255,0.05500598598136545,0.08107552351766352
0.4,0.03,1,0.0011181734309580838,0.38580516224667105,0.3633128620538298,0.02249230019284128,0.05009057656565514,0.07101370987849452
0.4,0.03,2,0.0011044278946107785,0.399282243280459,0.3769137747370158,0.022368468543443293,0.052259234941980606,0.0733786908213707
0.4,0.05,1,0.0016321352700598803,0.34097285194514493,0.328188212963457,0.012784638981687921,0.0469479504026004,0.062448121783303466
0.4,0.05,2,0.001650575559580838,0.33922248214214423,0.3276164165362221,0.011606065605922153,0.047384757145367364,0.061820712594846124
0.4,0.08,1,0.002459295745508982,0.2781380272590951,0.27122267027158886,0.00691535698750622,0.04131416997251296,0.04909338561302032
0.4,0.08,2,0.00250746249251497,0.2836405579893039,0.27811799992480657,0.005522558064497287,0.042002770042408266,0.05070323127940669
0.4,0.12,1,0.003761866830239521,0.2506035339650117,0.2468012751242039,0.0038022588408078164,0.037936696803466216,0.04433039749837897
0.4,0.12,2,0.0037403465467065865,0.24994027177540837,0.24527645432943826,0.004663817445970105,0.039313907393689396,0.04244491084792489
0.5,0.0005,1,5.1003910248502996e-05,0.5660863946863445,0.48466314527330356,0.08142324941304085,0.07038480171610789,0.09116958134031106
0.5,0.0005,2,6.177572017365268e-05,0.5984811858675203,0.5113703108225425,0.08711087504497786,0.07721423271574691,0.09324253818246085
0.5,0.0015,1,0.00012797153428143712,0.5606484409630508,0.4860997111741104,0.07454872978894049,0.06961493845683733,0.09241830075123694
0.5,0.0015,2,0.00012953405194610779,0.5512143834011065,0.4750788382612937,0.07613554513981281,0.06876287497110387,0.08959673966971243
0.5,0.001,1,9.423064763772455e-05,0.5416100797053266,0.46583209499426437,0.0757779847110623,0.06912582224241151,0.08615154258319062
0.5,0.001,2,9.38484901467066e-05,0.5492125898965311,0.473044142450364,0.07616844744616705,0.06816559679861599,0.08951578322514922
0.5,0.003,1,0.0002241832713772455,0.5374199827566927,0.46548991219114577,0.07193007056554687,0.06789136630609224,0.08727193969664702
0.5,0.003,2,0.00022476381233532938,0.5360839294876353,0.4680404034238385,0.06804352606379681,0.06458574321017056,0.09142772294826336
0.5,0.005,1,0.0003364564707185629,0.5159188984103954,0.45129505041477674,0.06462384799561866,0.06345730430094108,0.08697437815759546
0.5,0.005,2,0.00032654900341317364,0.5287829299300892,0.4659054614442315,0.06287746848585768,0.06434677500979125,0.09095504656174445
0.5,0.008,1,0.0004797452184431138,0.5078831469985463,0.4486471058320695,0.05923604116647676,0.061687887570578845,0.08786114725954353
0.5,0.008,2,0.0004856273584131737,0.5242009351022281,0.46660495195431645,0.0575959831479117,0.06378987564563013,0.09174510571082684
0.5,0.013,1,0.0006658334835029939,0.49270858434589226,0.4400609272625732,0.052647657083319054,0.05902094846010113,0.08766602611179393
0.5,0.013,2,0.0006886923481137724,0.5078461036592853,0.4567740225542711,0.05107208110501421,0.0637147386859444,0.08854326952139456
0.5,0.02,1,0.0009129111452994012,0.46108194395583235,0.4180570759270114,0.04302486802882094,0.058201702330537536,0.08115065785725199
0.5,0.02,2,0.0009048285012574851,0.467212975911208,0.4261129090698546,0.041100066841353325,0.059135777174018994,0.08290186024536168
0.5,0.03,1,0.0012097886314371257,0.43267046356365085,0.40069121926304874,0.031979244300602165,0.05418623081629575,0.07937751049563012
0.5,0.03,2,0.0012334123646706586,0.4416164249755924,0.4091446361151013,0.03247178886049106,0.05768045744203788,0.07870108620462545
0.5,0.05,1,0.001746996334730539,0.38647722657605177,0.36443362309188926,0.022043603484162507,0.05183774944444446,0.06964012468012817
0.5,0.05,2,0.0017829451116766469,0.3723848739196674,0.3527039426546672,0.019680931265000215,0.04872928180505906,0.06883869978255533
0.5,0.08,1,0.002557001652994012,0.3255046177853904,0.3161876341956346,0.00931698358975579,0.046771786268576164,0.05862409244565665
0.5,0.08,2,0.0025904108841317366,0.33071536256169987,0.3187993634059678,0.01191599915573206,0.04731464828023075,0.058951807139446345
0.5,0.12,1,0.003692395051197605,0.2719234724517821,0.2673164381280651,0.004607034323717018,0.04197394205304675,0.04713153719510255
0.5,0.12,2,0.0037253454706586827,0.27250877453475253,0.2661752482552394,0.0063335262795130645,0.043081648282223786,0.045643433823058896
0.6,0.0005,1,6.001038173952096e-05,0.5674231061887317,0.4797452967816431,0.08767780940708857,0.07298328548711427,0.08693181715030437
0.6,0.0005,2,6.0801805170658685e-05,0.5510406088743238,0.470711141992793,0.08032946688153081,0.07048081570172125,0.08642289691871627
0.6,0.0015,1,0.00014530884356287426,0.5434802901430538,0.4587691848742588,0.08471110526879487,0.06754965737625626,0.0853734001768833
0.6,0.0015,2,0.0001426857810778443,0.5622077153547015,0.4796564460685287,0.08255126928617273,0.07020827832797297,0.08967720354665679
0.6,0.001,1,0.00010635561744011975,0.5659780994575948,0.4831351881063639,0.08284291135123087,0.07349955829114967,0.08754550735002797
0.6,0.001,2,0.00010489059966766467,0.5641381415493545,0.48058936166287347,0.08354877988648106,0.07142713483414732,0.08876931815515847
0.6,0.003,1,0.00024966029047904193,0.5524000816508097,0.473809866397614,0.0785902152531957,0.06971546934556681,0.08822115318999854
0.6,0.003,2,0.00025193540673652695,0.5528979158279034,0.4758213163002605,0.07707659952764279,0.07027920177519528,0.08832790552659064
0.6,0.005,1,0.0003748292218263473,0.5344613226025666,0.462311184660084,0.07215013794248268,0.06644561076819772,0.0876581166087224
0.6,0.005,2,0.0003709931941916168,0.5434369068391952,0.4712292625594328,0.07220764427976244,0.06837238954545306,0.08870403114376212
0.6,0.008,1,0.0005282871344011976,0.5320262838734119,0.4634636081623719,0.06856267571103988,0.06570741724525818,0.08878045013481181
0.6,0.008,2,0.0005190366016467066,0.5383523496863835,0.4694691244991426,0.06888322518724097,0.06549371829589398,0.09099598929695196
0.6,0.013,1,0.0007368162583832336,0.5011522919466687,0.4426624405105703,0.05848985143609843,0.061827242544411604,0.08572690349351908
0.6,0.013,2,0.0007641731407185629,0.5065573005972662,0.44514367468966987,0.06141362590759625,0.06175564639076833,0.0866255772659008
0.6,0.02,1,0.0009836679072155689,0.48819660544031285,0.4383325800581923,0.049864025382120564,0.06163114943029063,0.08447970882586481
0.6,0.02,2,0.00097979459742515,0.4901439819086421,0.4368200142029444,0.053323967705697674,0.06018235934565363,0.08542431195474544
0.6,0.03,1,0.0013221461958083831,0.466444007153624,0.4257666229372528,0.040677384216371196,0.055717941354656915,0.0862042671092885
0.6,0.03,2,0.0013507201712574849,0.4645994051886243,0.4226450913932366,0.041954313795387575,0.056900843923665,0.08398085255244021
0.6,0.05,1,0.0018715258080838325,0.4181606127601152,0.3880964956495364,0.030064117110578766,0.05308000678477497,0.07628549224575237
0.6,0.05,2,0.0018973731308383234,0.42154526931610814,0.3935537544424793,0.027991514873628803,0.054236709232471106,0.07694787835289203
0.6,0.08,1,0.0026555887419161678,0.3559463288213665,0.34072461562641404,0.015221713194952484,0.04756740597020569,0.06600746439889955
0.6,0.08,2,0.0026897679383233535,0.34784198619741596,0.3323013792182192,0.015540606979196837,0.04924297762176748,0.06152414598037674
0.6,0.12,1,0.0037689772862275453,0.2974475795265985,0.2893219515184707,0.008125628008127762,0.04635822425741413,0.05008242772969303
0.6,0.12,2,0.003772034073952096,0.3048756298674117,0.2959918225321038,0.008883807335307792,0.045651848034845205,0.05301209282073052
1.0,0.0005,1,8.496855866766468e-05,0.5893047329133216,0.4802925476498675,0.10901218526345396,0.0748538411785982,0.08524367558935225
1.0,0.0005,2,8.696558218562874e-05,0.5577049880579212,0.46230957366291814,0.09539541439500296,0.07302610555853734,0.08107708608410127
1.0,0.0015,1,0.0001940766889221557,0.5716787300530812,0.47266809600599247,0.09901063404708876,0.07055780261810188,0.08699822920966556
1.0,0.0015,2,0.00018708557886227544,0.5718690115360032,0.47000848808362733,0.10186052345237584,0.07202377118083647,0.0846457235446373
1.0,0.001,1,0.00014025971461077843,0.5705032922331422,0.4658262826221199,0.10467700961102223,0.07310175963336266,0.08217367070941836
1.0,0.001,2,0.0001426778469760479,0.5748001406057799,0.4735732069358056,0.10122693366997428,0.07283991125764827,0.08501782621493273
1.0,0.003,1,0.0003198690899101797,0.5900289389533517,0.49642957721134834,0.09359936174200333,0.07598169827587292,0.08949483253633499
1.0,0.003,2,0.00032515373520958083,0.5711894238647466,0.47975360651776006,0.0914358173469865,0.07592294012136062,0.08399492826061149
1.0,0.005,1,0.0004717179768562874,0.5649920144832824,0.4696634919182162,0.09532852256506627,0.06997351616661608,0.08658098210700367
1.0,0.005,2,0.0004776469739820359,0.5617767911869371,0.4754794505348215,0.08629734065211553,0.06966645081806878,0.08882670037859121
1.0,0.008,1,0.0006620765089520958,0.5578807036972587,0.4701652059893356,0.08771549770792328,0.0686276544325263,0.08809408256842631
1.0,0.008,2,0.0006776818131137725,0.5547751966576898,0.4722764045004725,0.08249879215721737,0.0686566580907527,0.08876880884709533
1.0,0.013,1,0.000911290034041916,0.5568201269701776,0.4727368159467572,0.08408331102342037,0.06822649316047985,0.08935244585426966
1.0,0.013,2,0.0009316749227844312,0.547929697843025,0.4653510083132808,0.08257868952974431,0.06688484925175099,0.08823215505116047
1.0,0.02,1,0.0012068446335329341,0.5268219841886381,0.45424025621152686,0.07258172797711136,0.0650670873105334,0.0863463309566985
1.0,0.02,2,0.0012505418155688624,0.5086709487215837,0.4341611234038812,0.0745098253177025,0.06200948494136781,0.08271089183304933
1.0,0.03,1,0.0016325985691616766,0.5105930697395132,0.45044231699003195,0.060150752749481146,0.0618889596066067,0.08825847904157963
1.0,0.03,2,0.0016151247053892218,0.5036683883998206,0.4381580864440604,0.06551030195576012,0.06156254271965116,0.08449015267832831
1.0,0.05,1,0.002310796083233533,0.47556063824788924,0.4218926078634743,0.053668030384414936,0.05992925712380936,0.08070161228521514
1.0,0.05,2,0.0022660449233532936,0.482816072481433,0.4300635156596328,0.05275255682180009,0.06060076481592139,0.08275373868475325
1.0,0.08,1,0.0031107232703592815,0.43516920642016543,0.400114131972208,0.035055074447957434,0.056888836941442436,0.07648253964768516
1.0,0.08,2,0.003103389447305389,0.4249205361981591,0.3887480111934524,0.03617252500470669,0.05499534952153395,0.0745873198775149
1.0,0.12,1,0.004100889028143712,0.37080713425074624,0.3494750513505831,0.02133208290016309,0.05170267946614872,0.06478900298485638
1.0,0.12,2,0.004141854673952096,0.37645171581790754,0.3544832920427597,0.0219684237751479,0.05371736406819976,0.06444373431113806
