Tgran,Theta,frac_strong,label,life_all,life_strong,life_weak,mu_g,n_ep_all,n_ep_strong,n_ep_weak,rate_all,rate_path_all,rate_path_strong,rate_path_weak,rate_strong,rate_weak,seed
0.0005,0.0001122577,0.2504982370075119,mu0.001_T0.0005_s1,1.377562471255557,2.3999999999999995,1.0358437308242991,0.001,6523,1634,4889,0.0070961263740706194,0.014085727968443406,0.012338894276836971,0.01466955416032005,0.004114081908616883,0.00809278431159392,1
0.0005,0.00011819562333333333,0.2565619784554696,mu0.001_T0.0005_s2,1.3685889849795174,2.3999999999999995,1.0126469387755102,0.001,6591,1691,4900,0.007123701475831802,0.013821429858314443,0.01241841176502033,0.014305614265612474,0.004326458267246202,0.008089035815774302,2
0.0005,0.00014489811333333333,0.24208511264909438,mu0.001_T0.0005_s3,1.3226814902076274,2.389178832116788,0.9820322517971634,0.001,6791,1644,5147,0.009141250900624918,0.01563824199427399,0.014338949265356919,0.016053248259348726,0.0064860567886354135,0.009989344765033457,3
0.002,0.0004246037,0.16777531411677754,mu0.001_T0.002_s1,0.8851567944250869,2.309433606041535,0.5980246130423751,0.001,9471,1589,7882,0.014923364085735056,0.02727603474913288,0.02429726864104726,0.02787654976381799,0.007091269960403251,0.01650230313231616,1
0.002,0.00046636918000000005,0.16493252292160296,mu0.001_T0.002_s2,0.8483444936643658,2.2816677076826974,0.5652516654330125,0.001,9707,1601,8106,0.017722356760015958,0.030127372803554268,0.026516898999086404,0.030840470331429053,0.00903547818318848,0.019438084936860365,2
0.002,0.0004212014466666667,0.16083273803449333,mu0.001_T0.002_s3,0.8567527298703947,2.313616751269035,0.5775337468077344,0.001,9799,1576,8223,0.014789323540891231,0.027711009987225144,0.02463083914751065,0.028301347971341654,0.006752198813288105,0.0163296991423387,3
0.006,0.0011847022666666665,0.16008216364258815,mu0.001_T0.006_s1,0.49764053406367675,1.4138622754491017,0.323015407190022,0.001,14605,2338,12267,0.026731729496358082,0.04627219157440564,0.042408887240948254,0.04700850897324997,0.014746422517213122,0.029016040877889088,1
0.006,0.0012360816,0.17014323459880407,mu0.001_T0.006_s2,0.5032540675844805,1.4016510012259906,0.31905823209049017,0.001,14382,2447,11935,0.027783500305165007,0.047200463733235234,0.042032369389875354,0.048260063805141536,0.014871548511356473,0.030430802026107567,2
0.006,0.0011982494666666667,0.16457087885659313,mu0.001_T0.006_s3,0.5002989074417645,1.40701878914405,0.32168448758019413,0.001,14553,2395,12158,0.027043128683619477,0.0467309037095949,0.04296927275063567,0.047471906024672,0.015158615660126015,0.029384254583542727,3
0.015,0.0030481895333333334,0.2867417135709819,mu0.001_T0.015_s1,0.3081644777986241,0.5432224645583424,0.21366725120561159,0.001,19188,5502,13686,0.047840073315390634,0.07541644394722206,0.06974988248950627,0.07769449605451072,0.03632979242826633,0.0524673979859268,1
0.015,0.0030042533333333333,0.28805194805194806,mu0.001_T0.015_s2,0.3037527272727273,0.5335834084761045,0.21076395476103613,0.001,19250,5545,13705,0.04783141678612356,0.07566407236406594,0.06868391447449351,0.07848822234565508,0.0353408956647874,0.05288504244229349,2
0.015,0.0029765862666666664,0.29530756893786536,mu0.001_T0.015_s3,0.3000496663045165,0.5191818500350385,0.20822039497834227,0.001,19329,5708,13621,0.04878347681257647,0.07622392760862357,0.07022737330681929,0.07873683649598125,0.03742903472641977,0.053541655758893365,3
0.0005,0.00010750340533333332,0.25532252939307276,mu0.01_T0.0005_s1,1.4270734032411818,2.399383945239576,1.0937038617452528,0.01,6294,1607,4687,0.007601050221949455,0.013184940701892238,0.011332981125998884,0.013819909560108715,0.004939973614759642,0.00851343556604035,1
0.0005,0.00010085873000000001,0.26098108368066686,mu0.01_T0.0005_s2,1.4377637063161268,2.3999262899262894,1.0979804772234272,0.01,6238,1628,4610,0.006912342622391876,0.012754872755188317,0.0109270536043908,0.01340035856375629,0.004331316221425707,0.007823820058568215,2
0.0005,9.853986133333334e-05,0.26499032882011603,mu0.01_T0.0005_s3,1.4594003868471952,2.3999999999999995,1.1202894736842104,0.01,6204,1644,4560,0.007198176367327889,0.012713953860635785,0.011392712064621526,0.013190296297619872,0.005233643512451729,0.007906442159743766,3
0.002,0.0003604421966666666,0.1625896246309574,mu0.01_T0.002_s1,0.8850063264445379,2.3555642023346297,0.5994862754973557,0.01,9484,1542,7942,0.01409326592621881,0.025514292471908215,0.021778786899861853,0.02623956942885804,0.006594938177238408,0.015549123567735782,1
0.002,0.0003666161066666666,0.1689777491131893,mu0.01_T0.002_s2,0.8970590132215415,2.368511450381679,0.597857974388824,0.01,9303,1572,7731,0.013435293638957959,0.02546520842917804,0.021416733419065234,0.02628841405793206,0.005270874974137041,0.01509542378267785,2
0.002,0.00036126786,0.1653801416939833,mu0.01_T0.002_s3,0.8880659828698317,2.3572058823529405,0.5969555302166476,0.01,9457,1564,7893,0.012701380936900817,0.024547204288863787,0.0223287301368309,0.024986795518279658,0.0063007614634499895,0.013969665347958349,3
0.006,0.0010796084333333333,0.15348771533465122,mu0.01_T0.006_s1,0.5155556340016944,1.5303449862005518,0.33155629691409505,0.01,14164,2174,11990,0.024898075343774063,0.044017358288911734,0.03892917387989902,0.044939936512864494,0.012018603943833969,0.02723335230986829,1
0.006,0.0010870962,0.16391484578093163,mu0.01_T0.006_s2,0.5160788308859692,1.4663351907415345,0.3297806722689076,0.01,14233,2333,11900,0.025993465262743043,0.045006328824590956,0.03984288636869069,0.04601862388758385,0.012853636145438085,0.02856953428212728,2
0.006,0.0010710132333333333,0.16834898002399942,mu0.01_T0.006_s3,0.5181591021387731,1.4533207547169809,0.3288567306060091,0.01,14167,2385,11782,0.025348311269083813,0.0447509277981184,0.03909699847826987,0.0458954381892098,0.01265736635403796,0.027917306653770995,3
0.015,0.0030106934333333332,0.2858482701125469,mu0.01_T0.015_s1,0.3034576907044602,0.5381735326285089,0.2095097037793667,0.01,19192,5486,13706,0.04647444624708155,0.07337459395400615,0.06794953907068878,0.07554604084513991,0.03530626122537994,0.05094465367660548,1
0.015,0.0029523314666666666,0.2965206585896241,mu0.01_T0.015_s2,0.3048974836905871,0.5281613410162388,0.2107904614705233,0.01,19314,5727,13587,0.04506575502858763,0.07240039031290127,0.06703875379539914,0.07466035147693562,0.034027497206442214,0.04971844528746942,2
0.015,0.002798192133333333,0.2880128304620001,mu0.01_T0.015_s3,0.30584665528480515,0.5425812825579306,0.21008283679697717,0.01,19329,5567,13762,0.04594772048872813,0.0735344459312228,0.0676316392752335,0.07592224746107981,0.03466679269284567,0.05051107792512385,3
0.0005,7.288426e-05,0.2925971513979251,mu0.03_T0.0005_s1,1.6155424652716723,2.398539663461538,1.291677852348993,0.03,5687,1664,4023,0.0056246524539382906,0.009924495503304324,0.008373377576130115,0.010566071499033353,0.004067020210891616,0.006268922911912355,1
0.0005,8.104247633333333e-05,0.2822117892540428,mu0.03_T0.0005_s2,1.5576108502869062,2.3980221811460254,1.2271874999999994,0.03,5751,1623,4128,0.00694362068588862,0.010999663417444829,0.00916488523794098,0.011721040594124757,0.005175400545697006,0.00763882933112384,2
0.0005,7.939464733333335e-05,0.2681871150324621,mu0.03_T0.0005_s3,1.4856117862493756,2.3999999999999995,1.1505163785259327,0.03,6007,1611,4396,0.006975901593036617,0.011251561724447745,0.00880707690333935,0.012147390897970404,0.004704244380177639,0.007808394716311369,3
0.002,0.00027850579999999997,0.18041414025855165,mu0.03_T0.002_s1,0.9696888227891545,2.3827837666455287,0.6586264656616415,0.03,8741,1577,7164,0.011807568356496292,0.021845519818938862,0.01832015529246619,0.022621552741642292,0.0061640183654671455,0.013049874098519315,1
0.002,0.0002869714033333333,0.1879867831012509,mu0.03_T0.002_s2,1.011620250177012,2.3764595103578148,0.6956503415201278,0.03,8474,1593,6881,0.010655821689967902,0.021395396905190933,0.018180938573950887,0.02213956666564224,0.004731937308128024,0.01202724267823573,2
0.002,0.0002860331166666666,0.17493531330858364,mu0.03_T0.002_s3,0.955416807289909,2.388810289389067,0.6514998636487591,0.03,8889,1555,7334,0.01071581889387548,0.021460371224643678,0.017617689201990392,0.02227512041270283,0.004228307787874643,0.012091341087743943,3
0.006,0.00091520076,0.15187517892928715,mu0.03_T0.006_s1,0.5361243916404237,1.6358623939679546,0.3391924050632911,0.03,13972,2122,11850,0.022951261102257127,0.04034292077860007,0.03485247864828256,0.04132610374910925,0.010789143068163571,0.025129152618573288,1
0.006,0.0009736043199999999,0.1508437270726339,mu0.03_T0.006_s2,0.5467131327953044,1.64772373540856,0.3511301192327631,0.03,13630,2056,11574,0.023450411861942015,0.0411710666773392,0.03543341371124652,0.04219030069308886,0.011679692444470719,0.02554135700815949,2
0.006,0.0009842886466666667,0.14888791337430496,mu0.03_T0.006_s3,0.5364332748024583,1.6535233415233412,0.34101693458265275,0.03,13668,2035,11633,0.023559724490177132,0.04132297584144288,0.03599651384504051,0.04225475183754697,0.011480197613606597,0.025672836945590274,3
0.015,0.002526655666666667,0.2726117348019487,mu0.03_T0.015_s1,0.3211528277907223,0.6022902097902099,0.21578771112405357,0.03,18884,5148,13736,0.041526942030178274,0.06776863780794376,0.061601393887009304,0.07008000732636036,0.029462188688838598,0.046048589540459046,1
0.015,0.0026412440666666666,0.2724867724867725,mu0.03_T0.015_s2,0.32413994169096205,0.5977531206657419,0.22165936920222631,0.03,18522,5047,13475,0.04326842640522112,0.06838933491257947,0.06130130003571302,0.07104412615736942,0.031146280037055815,0.04780872122675213,2
0.015,0.0026218919333333337,0.27133642518257906,mu0.03_T0.015_s3,0.32145210299056454,0.6008074656188604,0.21742702465432734,0.03,18759,5090,13669,0.0420709320689057,0.06799570631337543,0.06130693684519192,0.07048643984128924,0.03048421414064626,0.04638554134938272,3
0.0005,0.00014397757999999998,0.24106338239711625,mu0.0_T0.0005_s1,1.3460033042955841,2.397196261682242,1.0121096378389074,0.0,6658,1605,5053,0.008784426423491726,0.015428713744131375,0.013731608835818029,0.015967770418946915,0.005562277592363099,0.009807887510758983,1
0.0005,0.0001579944,0.24878197320341047,mu0.0_T0.0005_s2,1.360404993909866,2.3962178702570376,1.017373327928658,0.0,6568,1634,4934,0.009561507284891628,0.01615284587775588,0.014362030521757914,0.016745912819730074,0.006370418508172098,0.01061830482464836,2
0.0005,0.00015497318333333333,0.24419642857142856,mu0.0_T0.0005_s3,1.3331339285714283,2.3923400365630707,0.9909096278795039,0.0,6720,1641,5079,0.009297547846745243,0.01612095420819836,0.014696357211978912,0.016581234513533293,0.006124216157935018,0.010322835758014704,3
0.002,0.0004047359466666667,0.16775531363400725,mu0.0_T0.002_s1,0.87298600311042,2.3275587144622985,0.5797882147751338,0.0,9645,1618,8027,0.01387847929498811,0.02670433092936345,0.02345148305509117,0.027360006506860966,0.005950405897517896,0.015476538689171091,1
0.002,0.0004273761133333333,0.15581717451523547,mu0.0_T0.002_s2,0.8229610209734863,2.310761904761904,0.5483464197820227,0.0,10108,1575,8533,0.015148236716322233,0.027674977165134066,0.02497393985159211,0.028173527940808334,0.007393740419801622,0.01657954243143063,2
0.002,0.0004088789566666666,0.15985973597359737,mu0.0_T0.002_s3,0.8574690594059404,2.3370193548387093,0.575944021605696,0.0,9696,1550,8146,0.014069898871788555,0.027283420142162982,0.024740836626862647,0.02776721641625033,0.005723565976654846,0.015658017701577074,3
0.006,0.0011917753333333333,0.16556200888281516,mu0.0_T0.006_s1,0.4953208062863,1.3928270738753608,0.3172453324598755,0.0,14635,2423,12212,0.026294624027106504,0.04634169938729482,0.04195794757775486,0.04721148571504748,0.013773867893144807,0.028778884763479673,1
0.006,0.0012219557999999999,0.1756107746920025,mu0.0_T0.006_s2,0.5045834203382752,1.3669441141498215,0.3208839918946302,0.0,14367,2523,11844,0.028802645196791807,0.04832187099522254,0.04378143455918088,0.04928907136065087,0.016622112841584158,0.03139733306678411,2
0.006,0.0012176731666666666,0.17065578306585502,mu0.0_T0.006_s3,0.4950581073602656,1.3807661126874744,0.3128042372174493,0.0,14456,2467,11989,0.02893325306930067,0.04829420510779656,0.04337048903712589,0.049307367802462046,0.015848516757307227,0.03162572487526345,3
0.015,0.0030993035666666666,0.29347770043825727,mu0.0_T0.015_s1,0.3008894044856922,0.5238246661981729,0.20828577683718896,0.0,19395,5692,13703,0.04873055991868722,0.07669147396644187,0.0709397383129217,0.07908065001109169,0.03686551662516934,0.05365910304258008,1
0.015,0.0030824051,0.30180891719745223,mu0.0_T0.015_s2,0.2958787261146496,0.5021593786932298,0.20670923952707634,0.0,19625,5923,13702,0.04804871808141766,0.07561294829773003,0.07033645505432745,0.07789383207241063,0.03779793878732966,0.052479849723432205,2
0.015,0.0029385352666666665,0.2925148762918885,mu0.0_T0.015_s3,0.3029533354212339,0.5391488222698073,0.20529659141212925,0.0,19158,5604,13554,0.048729497597282685,0.0764568865833895,0.06950446899018634,0.07933141426468729,0.03566594822142682,0.0541307172152771,3
0.0005,5.1239555e-05,0.28687916975537436,mu0.1_T0.0005_s1,1.6068736100815417,2.3999999999999995,1.2878092515592514,0.1,5396,1548,3848,0.004220899283753921,0.007477179849799654,0.005059319922121639,0.008449853230268875,0.0025287294546251986,0.004901637042457472,1
0.0005,4.7628639e-05,0.2921410209327947,mu0.1_T0.0005_s2,1.6123540213000365,2.399999999999999,1.287284046692607,0.1,5446,1591,3855,0.004481505277560541,0.007769803618123147,0.005078759020106895,0.008880426693465265,0.0026347980895565066,0.005243661214295799,2
0.0005,4.8929312666666665e-05,0.2877289377289377,mu0.1_T0.0005_s3,1.6168296703296703,2.399522597071928,1.3006531241964514,0.1,5460,1571,3889,0.004642738280924441,0.00776060712640405,0.005211333152715847,0.008790411552391235,0.002793900675159082,0.005389594510972623,3
0.002,0.00019964995666666666,0.20200051961548454,mu0.1_T0.002_s1,1.1065705378020263,2.3957749196141473,0.7802295295458244,0.1,7698,1555,6143,0.008716535124397979,0.01633822994739962,0.011525005526071901,0.01755661900407626,0.004444274709329066,0.009797987988704043,1
0.002,0.00019776520333333335,0.2007121192140314,mu0.1_T0.002_s2,1.1105301331926678,2.3979894875164254,0.7872314799538029,0.1,7583,1522,6061,0.009030211162973685,0.016758882533425917,0.01156929671633614,0.018062058513232986,0.004282686933601109,0.010222379431758548,2
0.002,0.00018845446333333332,0.19656366200794972,mu0.1_T0.002_s3,1.0911168098474162,2.3999999999999995,0.7708937120970315,0.1,7799,1533,6266,0.008549528169789817,0.01640409151636759,0.011275284803600094,0.017658872986312142,0.0037247001504928023,0.009729940131740394,3
0.006,0.0006609869599999999,0.1436143361938415,mu0.1_T0.006_s1,0.6505981827359918,2.0783655536028114,0.4111641615089891,0.1,11886,1707,10179,0.017378901702287692,0.031689380442616245,0.0246194059427192,0.03287500245571422,0.006725146729297444,0.019165517257734625,1
0.006,0.0006977346966666667,0.13908045977011493,mu0.1_T0.006_s2,0.6309556650246304,2.0116824085005898,0.4079010108716384,0.1,12180,1694,10486,0.017557767673031556,0.03203460906904311,0.02520264655140749,0.03313830394839412,0.007104791281134336,0.019246432751028306,2
0.006,0.0007145981,0.14476284584980237,mu0.1_T0.006_s3,0.6206669960474308,1.9346928327645045,0.3982466782206817,0.1,12144,1758,10386,0.017695357903302008,0.03227007828666339,0.02593745130464744,0.033341978752134606,0.007784218054167851,0.019372980073028356,3
0.015,0.002091493833333333,0.23935985155978198,mu0.1_T0.015_s1,0.3665806563840891,0.7676526162790698,0.2403704833053819,0.1,17246,4128,13118,0.0341046586479669,0.05614012208772045,0.04823340345147263,0.05862822504018507,0.02249701007097222,0.03775737806600577,1
0.015,0.0021240011,0.23257026948710519,mu0.1_T0.015_s2,0.3637606490872211,0.7742960378769,0.23934753058450386,0.1,17255,4013,13242,0.03316579737768646,0.055903259886779674,0.04713452274872491,0.0585606335565436,0.02053073029006286,0.036994865813167015,2
0.015,0.0019542314,0.23723452327157704,mu0.1_T0.015_s3,0.36226050610031624,0.7511142857142857,0.2413196090047393,0.1,17704,4200,13504,0.032240735313003865,0.05521061395874046,0.047045212702330766,0.057750208543820486,0.020475857595018236,0.0358998353141546,3
0.0005,5.954182599999999e-05,0.2681928159315094,mu0.3_T0.0005_s1,1.4548855388051367,2.3999999999999995,1.10851983723296,0.3,5373,1441,3932,0.004384180998786655,0.007799695434347198,0.005036249139903163,0.008812443682133018,0.0016971557606546015,0.005368922445416432,1
0.0005,6.099037933333333e-05,0.24765754179680324,mu0.3_T0.0005_s2,1.4369961418335475,2.3999999999999995,1.1199926739926738,0.3,5443,1348,4095,0.004761925075065022,0.008022520087245346,0.005186023029100799,0.008956243660964234,0.002066250132614608,0.0056492925530682355,2
0.0005,5.8729482666666664e-05,0.25435474808016484,mu0.3_T0.0005_s3,1.4592170818505337,2.3999999999999995,1.1382969103240388,0.3,5339,1358,3981,0.004396999789939112,0.007771570503171516,0.005111917418015832,0.008678832218730777,0.0019085460621241343,0.005245861925677053,3
0.002,0.00018336179666666669,0.2027274005342331,mu0.3_T0.002_s1,1.1068663011387598,2.3999999999999995,0.778053253394463,0.3,7113,1442,5671,0.007216922184645809,0.014173063240821562,0.009031302089017118,0.015480490428425517,0.002235554313958083,0.00848356518756094,1
0.002,0.00018854443333333332,0.20625724217844726,mu0.3_T0.002_s2,1.1488296639629199,2.3999999999999995,0.8237080291970803,0.3,6904,1424,5480,0.007027089618307451,0.013969847034417079,0.00905803645539806,0.01524620073232275,0.0026384489122180904,0.008167495524415343,2
0.002,0.00018172299,0.20198075045334077,mu0.3_T0.002_s3,1.113762030966662,2.3999999999999995,0.7882118510749868,0.3,7169,1448,5721,0.007050624475318957,0.014181777794639493,0.008816815401024431,0.015539663749184961,0.0020508096456683276,0.008316090630420181,3
0.006,0.0005331474533333333,0.14306372312734986,mu0.3_T0.006_s1,0.7384719946013689,2.272762803234501,0.4823253459331758,0.3,10373,1484,8889,0.012163772105571364,0.023921231822285415,0.016719779787490736,0.025123499211152023,0.0038819433023167325,0.013546406141349276,1
0.006,0.0005346524166666666,0.14549653579676675,mu0.3_T0.006_s2,0.7677758811125615,2.2735817805383016,0.5113819036427733,0.3,9959,1449,8510,0.011808280094552684,0.023933163811883092,0.016631415991297735,0.02517643438673952,0.0036726197174845408,0.013193541185783206,2
0.006,0.0005264459566666667,0.1385385756676558,mu0.3_T0.006_s3,0.7058206602373887,2.2207429718875495,0.4621937567276641,0.3,10784,1494,9290,0.012898438757936292,0.024954910012604848,0.016813937555819506,0.02626412560468636,0.003837495481601232,0.014355602294518058,3
0.015,0.0015389918999999998,0.18707418019738936,mu0.3_T0.015_s1,0.41797707736389683,1.0782028590878148,0.26604292316127515,0.3,15705,2938,12767,0.02364968280263747,0.041824670555178314,0.03344200633203586,0.04375372730207207,0.012796903043590943,0.026147173750556217,1
0.015,0.0015368398666666665,0.18840670727877912,mu0.3_T0.015_s2,0.4102763298373422,1.0246199999999999,0.26765998607134567,0.3,15923,3000,12923,0.023731463497840485,0.04210524969074548,0.033729996998120244,0.044049516353120766,0.013001397653704946,0.026222386467151526,2
0.015,0.0014897064666666666,0.1981226533166458,mu0.3_T0.015_s3,0.4132903629536922,1.0076152874289324,0.266448415795224,0.3,15980,3166,12814,0.02304667794933499,0.04151668986800189,0.03295906572176045,0.04363105213169788,0.012337457623299056,0.025692642640472014,3
0.0005,0.00010272206433333333,0.22678606190383493,mu1.0_T0.0005_s1,1.2457095581078448,2.3973218884120167,0.9079380664652565,1.0,5137,1165,3972,0.006329055395306638,0.010436767738259248,0.007712244995795962,0.01123587876418315,0.0025820147700369245,0.007428074108408154,1
0.0005,0.00011488546333333334,0.22915843540102726,mu1.0_T0.0005_s2,1.2713551955748712,2.3978793103448277,0.9364582265504868,1.0,5062,1160,3902,0.006498166721287912,0.010702644353805992,0.008130426907148394,0.01146732201606197,0.002846370169238418,0.007583785378483558,2
0.0005,0.00010288684833333333,0.23536463536463537,mu1.0_T0.0005_s3,1.2976843156843156,2.4,0.9583773190488633,1.0,5005,1178,3827,0.00563443328932614,0.009872286471522896,0.007189940674308562,0.010697947132384795,0.0018961789828678547,0.006785116219299451,3
0.002,0.00027175011,0.15861787511903142,mu1.0_T0.002_s1,0.8845612841790232,2.3946226415094336,0.5998835893290217,1.0,7351,1166,6185,0.00936955618186127,0.016741440213781607,0.012318040832821245,0.017575342182771063,0.002537285645945344,0.010657580020968458,1
0.002,0.00028548532333333334,0.16212552528127966,mu1.0_T0.002_s2,0.899987799918666,2.39636287625418,0.6104449118265651,1.0,7377,1196,6181,0.009060254971516172,0.01665202915689971,0.01231802852317387,0.017490641801768844,0.002593660478066417,0.010311516420175923,2
0.002,0.00027135311333333333,0.15416379903647626,mu1.0_T0.002_s3,0.9142794218857533,2.3953125,0.6443433685923514,1.0,7265,1120,6145,0.008817055849727692,0.01625205632308722,0.01190543634267373,0.01704427998103077,0.0023695369997821154,0.009992193540848774,3
0.006,0.0006428156266666667,0.12412289019533472,mu1.0_T0.006_s1,0.6388355774701308,2.2273796791443847,0.4137187398506008,1.0,10546,1309,9237,0.012794906279684782,0.024481447717145936,0.017927536813310375,0.025410219977957973,0.0027496628980595767,0.014218444613185638,1
0.006,0.0006548143033333334,0.1292952824694234,mu1.0_T0.006_s2,0.6532498543972044,2.219707207207207,0.42063879598662207,1.0,10302,1332,8970,0.012915862655519415,0.02460869320713379,0.018208733414902825,0.02555905512945839,0.0030793824161749715,0.014376530624171234,2
0.006,0.00066006782,0.12469845982557061,mu1.0_T0.006_s3,0.6173798478381888,2.197790178571428,0.3922291710833157,1.0,10778,1344,9434,0.012466962195533445,0.024263240040351616,0.018089016309146645,0.025142841131589634,0.0031513006776735823,0.013794103289449456,3
0.015,0.0015079637,0.17925591882750846,mu1.0_T0.015_s1,0.40712381457656344,1.0726526082130965,0.26176793794440856,1.0,15079,2703,12376,0.019711108331184387,0.03660148116843223,0.029689503460872454,0.03811110267324267,0.009918970357022768,0.021849775828288367,1
0.015,0.0016475582333333333,0.18685029464344832,mu1.0_T0.015_s2,0.4011057405813414,1.0325868178596738,0.2560003257063757,1.0,15103,2822,12281,0.020640108793595076,0.03769921260074793,0.02980828961277817,0.03951243503149873,0.009766701611883439,0.023138663884124375,2
0.015,0.0016531354666666665,0.18615921426725252,mu1.0_T0.015_s3,0.3877959421039028,0.9826067337729952,0.2517379912663756,1.0,15476,2881,12595,0.021502066669865396,0.038402725646648365,0.03024258272129954,0.040269289502776195,0.01055105333045037,0.02400701858974271,3
0.0005,0.00013087294333333333,0.2410657644322267,mu2.0_T0.0005_s1,1.3197589342355676,2.3994210526315785,0.9768180551685706,2.0,4729,1140,3589,0.007151979666701848,0.012054272918942288,0.009131324281965779,0.012982710212381472,0.002858966453253426,0.008515600470081954,1
0.0005,0.00014458641,0.22914488814551537,mu2.0_T0.0005_s2,1.277116872255906,2.3982481751824816,0.9438486574450773,2.0,4783,1096,3687,0.006834434505285816,0.011601580098882182,0.00962408561048088,0.012189411386999301,0.003227134035097432,0.00790674297160707,2
0.0005,0.00013091001,0.2222455403987408,mu2.0_T0.0005_s3,1.283477439664218,2.398781869688385,0.9647760388559092,2.0,4765,1059,3706,0.007085262530073496,0.011789600799127381,0.008939701292652275,0.012603967657561579,0.0027041529951605395,0.008337176992424498,3
0.002,0.0003639972433333333,0.16820757530569638,mu2.0_T0.002_s1,0.9227259170891737,2.396329787234042,0.6247292936536393,2.0,6706,1128,5578,0.010275177529777213,0.01808858181463532,0.014044709370239532,0.018906345908804995,0.0033527088061534884,0.011675060054023816,1
0.002,0.0003437649,0.16673916195447297,mu2.0_T0.002_s2,0.8947933884297519,2.39475652173913,0.5946441621715677,2.0,6897,1150,5747,0.010327568319358917,0.018108969139102017,0.013803940107221234,0.018970424400397107,0.0028193076731863284,0.011830004328250246,2
0.002,0.00034937530333333335,0.16347653480788318,mu2.0_T0.002_s3,0.8850701829008932,2.39846487424111,0.5893169491525424,2.0,7053,1153,5900,0.010396139162256601,0.018197068136850156,0.013601884098021915,0.019095076136302527,0.0028932998703231016,0.011862371993375127,3
0.006,0.0007330555499999999,0.12337039877300614,mu2.0_T0.006_s1,0.6043826687116565,2.1897202797202793,0.381273920174959,2.0,10432,1287,9145,0.014367725222248004,0.026137954166506824,0.02014337306541513,0.026981587395277194,0.0035179677217685693,0.01589464024719246,1
0.006,0.0007499463966666667,0.1253930817610063,mu2.0_T0.006_s2,0.6235318396226415,2.165360501567398,0.40247865168539326,2.0,10176,1276,8900,0.013395180275843199,0.025443881601997547,0.019590165595762172,0.02628313346985781,0.003153275773258568,0.014863570179809263,2
0.006,0.0007619519566666666,0.1235912129894938,mu2.0_T0.006_s3,0.6011518624641833,2.16452086553323,0.38068548387096773,2.0,10470,1294,9176,0.014079969314580857,0.025998845936328046,0.02015394690359806,0.02682309390367249,0.003308116041171307,0.015599016626676756,3
0.015,0.0015427815666666667,0.19264266216040557,mu2.0_T0.015_s1,0.38484271415572596,0.9567611336032386,0.24837787795846078,2.0,15386,2964,12422,0.020320991133412517,0.03718564848857357,0.031009438459881394,0.03865934729110485,0.01057933091821868,0.022645438153041767,1
0.015,0.0015682850333333335,0.18682681637182583,mu2.0_T0.015_s2,0.3843090280044389,0.985859538784067,0.24610259291964356,2.0,15319,2862,12457,0.020314760786989638,0.03718721223549464,0.03037614175099056,0.038752058003067136,0.010448782558318772,0.022581472651038444,2
0.015,0.0015947447333333334,0.18326876354323987,mu2.0_T0.015_s3,0.3880655328649288,1.0106377642422069,0.24836468885672935,2.0,15229,2791,12438,0.02014335581549604,0.0369089037466938,0.03076307250932903,0.03828798518932807,0.010215026100091973,0.02237120339836248,3
0.0005,0.00013626230999999999,0.24164299759667904,mu5.0_T0.0005_s1,1.3418855145291675,2.398426763110307,1.0052290406222988,5.0,4577,1106,3471,0.0069303393503817486,0.011669853366379905,0.009464091150792584,0.012372697794625243,0.0032452262665891613,0.008104564377945737,1
0.0005,0.00016272120666666667,0.22590738423028786,mu5.0_T0.0005_s2,1.276752190237797,2.3989196675900275,0.9492643492320127,5.0,4794,1083,3711,0.008093623889390835,0.013258693807588496,0.010363767719346979,0.014103534808279836,0.003750859759686912,0.009360994827808876,2
0.0005,0.0001261109,0.21835883171070933,mu5.0_T0.0005_s3,1.2317285912974367,2.3977616014558687,0.9059862735129638,5.0,5033,1099,3934,0.00633884088026445,0.011056808172380932,0.008842873507710245,0.011675291699699969,0.002453762416542045,0.00742417418774562,3
0.002,0.00037714237999999996,0.16721556886227545,mu5.0_T0.002_s1,0.9132799401197603,2.3908415398388536,0.6165989573970878,5.0,6680,1117,5563,0.010978013885988694,0.0191388412326681,0.014611054397809414,0.02004797980799385,0.0031704487458526693,0.012545702230682552,1
0.002,0.0003465060766666667,0.1643256305694004,mu5.0_T0.002_s2,0.9216991391028543,2.3985386029411764,0.6312958611964575,5.0,6621,1088,5533,0.010227157873679366,0.01828352642358383,0.013836094221461282,0.019158062161142,0.0027043473383226687,0.01170643093756299,2
0.002,0.0003840157566666667,0.17649849754863198,mu5.0_T0.002_s3,0.9490352680689543,2.39747311827957,0.6385961206068754,5.0,6323,1116,5207,0.010456767669415399,0.018539749654748684,0.01451055141446566,0.01940331509284276,0.0030343310650150154,0.012047595257375993,3
0.006,0.0007701676433333333,0.11484593837535013,mu5.0_T0.006_s1,0.5923616343088959,2.1892178301093352,0.38517459624618067,5.0,10353,1189,9164,0.014504634846682705,0.026483889777204686,0.02066285989322312,0.027239149983670653,0.0037349522742961294,0.015901967079175898,1
0.006,0.0008819388733333334,0.12591794771369821,mu5.0_T0.006_s2,0.5871634191716438,2.0889891135303262,0.37081438333146627,5.0,10213,1286,8927,0.01595937693213268,0.02793230282642626,0.022431197016891478,0.028724777573940735,0.0048405316977000405,0.01756112835718929,2
0.006,0.00079694265,0.12059902806704353,mu5.0_T0.006_s3,0.6142041059208568,2.1886184210526314,0.39829254539303033,5.0,10083,1216,8867,0.013470974053131027,0.025798977191487358,0.02090745137452534,0.02646978979929449,0.003277213192630342,0.014868922988099878,3
0.015,0.0016702100333333334,0.17964832992020338,mu5.0_T0.015_s1,0.4087211355130287,1.1132311320754715,0.2544409055694241,5.0,14161,2544,11617,0.020985983898285775,0.03793132014485835,0.03098345091522042,0.03945282994258574,0.009631721786722974,0.023472447082568793,1
0.015,0.0017060680333333333,0.18136952498457742,mu5.0_T0.015_s2,0.3931770512029611,1.037562358276644,0.2504119567947752,5.0,14589,2646,11943,0.020987794371545413,0.03826936000201149,0.0314681473200831,0.039776184816244314,0.009895939597271175,0.023445221126358242,2
0.015,0.0017309811333333334,0.1865327739184263,mu5.0_T0.015_s3,0.39219753765733545,1.0188163716814158,0.2485101885516192,5.0,14539,2712,11827,0.020994229589076787,0.03799925388837919,0.032419748904925105,0.03927866688534609,0.010432588102534437,0.023416075510401115,3
