Tgran,Theta,Z,Z_c,a_c,a_c_str,a_c_w,a_c_wk,chi,cv_f,dZ_eff,f_mean,label,mu_g,pr_f,seed
0.0005,0.0005,5.3825510204081635,4.838293758022612,0.100343267678807,0.2199000898266625,0.19605805627348008,0.053318489810126,0.4191468790113061,0.8628485558197815,0.5442572623855515,6.643466580604441,mu0.05_T0.0005_s1,0.05,0.5740488593009198,1
0.0005,0.0005,6.0504693877551015,4.766196095083033,0.04557808878079736,0.1653027992436036,0.13733648170699278,0.08103756955858182,0.3830980475415164,0.7880838403334599,1.2842732926720686,9.14358603284699,mu0.05_T0.0005_s2,0.05,0.6179872103070408,2
0.0005,0.0005,6.414387755102041,4.799727413019506,0.015277524223459347,0.11775436611240517,0.09738646804832671,0.07860594560718186,0.39986370650975267,0.7234726715451227,1.6146603420825354,10.530761576301279,mu0.05_T0.0005_s3,0.05,0.6564228561478552,3
0.001,0.001,6.068510204081632,4.32441648003037,0.024838930309954238,0.0787270903582555,0.06952257407496767,0.018793613219778873,0.1622082400151852,0.7842750840398237,1.744093724051262,8.365763629007917,mu0.05_T0.001_s1,0.05,0.6191618679424374,1
0.001,0.001,6.090714285714285,4.301984531403588,0.02988314852106829,0.08959152587388572,0.0857338248734729,0.0193990784262175,0.15099226570179397,0.7887204016429806,1.7887297543106975,8.261717609108993,mu0.05_T0.001_s2,0.05,0.6164928266426601,2
0.001,0.001,6.067387755102041,4.313951110215783,0.024626346874541023,0.08774559703697069,0.07231251564971741,0.022405525389382442,0.1569755551078911,0.7801387946039564,1.7534366448862588,8.580451897069894,mu0.05_T0.001_s3,0.05,0.6216536460570464,3
0.003,0.003,6.216306122448979,4.460079858487967,0.020218127163728627,0.05801806800958608,0.05389494355903214,0.0161358823518222,0.2300399292439837,0.7612699688401623,1.756226263961012,7.823660670102777,mu0.05_T0.003_s1,0.05,0.6330999433308447,1
0.003,0.003,6.2089591836734686,4.463361186694115,0.02440896438029336,0.0691572083949742,0.06415705191434184,0.013970623326716763,0.23168059334705746,0.7723986275272046,1.7455979969793534,7.949831523524147,mu0.05_T0.003_s2,0.05,0.6263318653174988,2
0.003,0.003,6.175428571428571,4.4609907965411715,0.023795506266907764,0.07253993406559311,0.06360190443440555,0.01433493380203348,0.23049539827058585,0.7698521412899529,1.7144377748873998,8.183207351550605,mu0.05_T0.003_s3,0.05,0.6278764200815006,3
0.008,0.008,6.244816326530613,4.679005325938426,0.014228738407591587,0.04131869512975989,0.04060354503314439,0.013293638248367823,0.3395026629692129,0.7503962500509483,1.5658110005921877,7.912976836059814,mu0.05_T0.008_s1,0.05,0.6397577978336438,1
0.008,0.008,6.179122448979593,4.686327061557039,0.02206114580413773,0.05166089238106148,0.05329665053497885,0.010786380589489962,0.34316353077851924,0.7542749294872498,1.4927953874225537,7.885831894669437,mu0.05_T0.008_s2,0.05,0.6373775716457641,2
0.008,0.008,6.193224489795918,4.6815517652366925,0.016741064812368023,0.044094424219334336,0.03712000765958311,0.01369747118944243,0.340775882618346,0.7598330888424267,1.5116727245592259,7.888140198098066,mu0.05_T0.008_s3,0.05,0.63398250444905,3
0.02,0.02,6.143142857142857,4.92043475014265,0.017111337614735656,0.05206648238612619,0.04773629751168275,0.01577745343248576,0.4602173750713254,0.7682311777579287,1.2227081070002068,8.144279149113128,mu0.05_T0.02_s1,0.05,0.6288629373425585,1
0.02,0.02,6.063367346938775,4.9218750888396805,0.022631938754347807,0.04529992900744355,0.04954284774159161,0.016332162571811366,0.4609375444198401,0.7517969814478997,1.1414922580990945,8.09242596951989,mu0.05_T0.02_s2,0.05,0.6389002109096397,2
0.02,0.02,6.121510204081631,4.9080334025514585,0.02315067036487139,0.0612172987240558,0.05702615180270778,0.011751502136254923,0.4540167012757292,0.7396272289586272,1.213476801530173,8.195454883235733,mu0.05_T0.02_s3,0.05,0.6463959623176775,3
0.0005,0.0005,6.513204081632654,6.0,0.01826347042014444,0.13396031804845457,0.10306735911260058,0.09147736696657667,1.0,0.7381113140717199,0.5132040816326544,10.469162473915018,mu0.0_T0.0005_s1,0.0,0.6473302706991994,1
0.0005,0.0005,5.544836734693877,6.0,0.10056560147923534,0.21021020461637707,0.19118516572125635,0.10303151680466074,1.0,0.8294015170215744,-0.4551632653061226,8.259174439222889,mu0.0_T0.0005_s2,0.0,0.5933994701012737,2
0.0005,0.0005,5.284632653061225,6.0,0.1016911067247983,0.20060068448728569,0.18390888299608182,0.038262413985660326,1.0,0.8992078230412043,-0.7153673469387751,6.081349003236645,mu0.0_T0.0005_s3,0.0,0.5529252313631011,3
0.001,0.001,6.378326530612245,6.0,0.0145715423832197,0.03700821206777997,0.03479880185335012,0.012666977288824089,1.0,0.7594499400767178,0.3783265306122452,7.637180181925717,mu0.0_T0.001_s1,0.0,0.63421659770049,1
0.001,0.001,6.348877551020409,6.0,0.02044452034575521,0.051689875797360625,0.044435370845792535,0.011250509374336004,1.0,0.7632585149563236,0.34887755102040874,7.8054739047711275,mu0.0_T0.001_s2,0.0,0.6318897622804837,2
0.001,0.001,6.370204081632653,6.0,0.017743578169694175,0.04834278984533973,0.04504174637098495,0.012898476899707719,1.0,0.772999942592181,0.37020408163265284,7.5775395058555635,mu0.0_T0.001_s3,0.0,0.6259683921795784,3
0.003,0.003,6.3031428571428565,6.0,0.014731079055179522,0.04487158057877372,0.038509050568497565,0.012182579155636024,1.0,0.7473171417387598,0.3031428571428565,7.874569499453858,mu0.0_T0.003_s1,0.0,0.6416531483004597,1
0.003,0.003,6.312938775510204,6.0,0.018841151477613415,0.04438653670927572,0.04583753201350701,0.008620912416635413,1.0,0.771965778822277,0.31293877551020444,7.7513517842199775,mu0.0_T0.003_s2,0.0,0.6265970362153995,2
0.003,0.003,6.320122448979592,6.0,0.01624839957463575,0.054963613692660215,0.0458386953269288,0.013707798284986175,1.0,0.7517765035523345,0.32012244897959174,7.733955782522719,mu0.0_T0.003_s3,0.0,0.6389138207976116,3
0.008,0.008,6.175510204081633,6.0,0.015127802806190898,0.037152682187000824,0.0377391327674104,0.011674465959725936,1.0,0.7630995109747145,0.17551020408163343,8.064000550654319,mu0.0_T0.008_s1,0.0,0.6319899248068219,1
0.008,0.008,6.196510204081633,6.0,0.018554882865272553,0.05278846066273104,0.044333085114403654,0.014172932913305116,1.0,0.7382135852949753,0.19651020408163333,7.985741448999641,mu0.0_T0.008_s2,0.0,0.6472709431923692,2
0.008,0.008,6.228673469387756,6.0,0.01924327596121648,0.05704777059086471,0.05062543440896499,0.015419940370756478,1.0,0.7519004811211626,0.2286734693877559,7.795731385206617,mu0.0_T0.008_s3,0.0,0.6388388313516468,3
0.02,0.02,6.004142857142858,6.0,0.02272353722383291,0.05364307256083131,0.049288539793680884,0.01098903090775166,1.0,0.7383054743121923,0.004142857142857892,8.37183386816172,mu0.0_T0.02_s1,0.0,0.6472143710998945,1
0.02,0.02,6.013959183673469,6.0,0.01808703412994956,0.04212339884107532,0.03894532880663615,0.012050184243129543,1.0,0.7324178201878074,0.013959183673469155,8.279095178615162,mu0.0_T0.02_s2,0.0,0.6508640392731688,2
0.02,0.02,5.999734693877551,6.0,0.0171620626475907,0.038950127529545873,0.03525491713917361,0.012794157834759436,1.0,0.7317186147016205,-0.00026530612244890506,8.101092739610914,mu0.0_T0.02_s3,0.0,0.6512966661677999,3
0.0005,0.0005,5.014428571428572,4.57874280996051,0.08937969234989251,0.2026175358279828,0.18239545946876395,0.022180698320399227,0.2893714049802552,0.8820149158646047,0.43568576146806137,6.46290838291355,mu0.15_T0.0005_s1,0.15,0.5624790691508399,1
0.0005,0.0005,5.9915510204081635,4.615392745359845,0.010472789918729191,0.12933283530675121,0.10218378981195357,0.08937280367350617,0.30769637267992245,0.7255968248315915,1.3761582750483186,11.01810619379106,mu0.15_T0.0005_s2,0.15,0.6551088429184314,2
0.0005,0.0005,6.031714285714286,4.513346943883065,0.013644195554470316,0.12330788548175466,0.09800161114397571,0.07667962838933354,0.2566734719415328,0.7347761185039873,1.5183673418312207,10.728850756815035,mu0.15_T0.0005_s3,0.15,0.649411354692761,3
0.001,0.001,5.499163265306122,4.14826346245539,0.04189640313434331,0.1407845559726566,0.12474773369370826,0.030138435359326202,0.07413173122769459,0.8699142933069506,1.3508998028507326,9.913467142334568,mu0.15_T0.001_s1,0.15,0.5692334490288794,1
0.001,0.001,5.502959183673469,4.157537887638087,0.0353870917370836,0.12457316377482267,0.1141692475637411,0.02595501252807087,0.07876894381904341,0.8858739207532943,1.345421296035382,9.507906511409285,mu0.15_T0.001_s2,0.15,0.5602969812518714,2
0.001,0.001,5.444571428571429,4.148612161900705,0.03365942807753544,0.12534720574555697,0.11360574172291484,0.032414278058660345,0.07430608095035263,0.8663818527813091,1.2959592666707236,9.723606290039886,mu0.15_T0.001_s3,0.15,0.5712275773834928,3
0.003,0.003,5.595081632653061,4.167716498606337,0.03565074108028591,0.11837986685226609,0.10453762114838908,0.021945637028436604,0.08385824930316864,0.8398412383288109,1.427365134046724,9.718742918496968,mu0.15_T0.003_s1,0.15,0.5863961743600037,1
0.003,0.003,5.593632653061225,4.184948013999134,0.031116026264998903,0.0957157360549639,0.09220859913709799,0.018839783023071557,0.09247400699956679,0.8471082133977573,1.4086846390620913,9.151830485179959,mu0.15_T0.003_s2,0.15,0.5822117905115811,2
0.003,0.003,5.55761224489796,4.18431735753747,0.026087420189221347,0.08849514064032532,0.09216804975494472,0.022421895003266423,0.09215867876873485,0.8440034115878081,1.3732948873604904,9.364857873212143,mu0.15_T0.003_s3,0.15,0.5839964772215773,3
0.008,0.008,5.812693877551021,4.236692224334776,0.024765102725254454,0.0927367530105904,0.08078729073062463,0.02290747230028545,0.11834611216738791,0.8091660126380872,1.5760016532162444,9.09894047689992,mu0.15_T0.008_s1,0.15,0.6043218660054195,1
0.008,0.008,5.802204081632653,4.248791585291255,0.023185359529285538,0.08045920697130907,0.0748214913012792,0.022376580240463153,0.1243957926456276,0.8137548864572739,1.553412496341398,8.553892195268,mu0.15_T0.008_s2,0.15,0.6016147896164786,2
0.008,0.008,5.7785714285714285,4.247371286021888,0.027643056956640214,0.08058803910116187,0.07356615778144589,0.02152741794747931,0.12368564301094402,0.823022771426827,1.5312001425495403,8.816935780660895,mu0.15_T0.008_s3,0.15,0.5961734697585457,3
0.02,0.02,5.924102040816327,4.373218954624101,0.014687669252426342,0.05516381029649008,0.04974172578593713,0.021031581879477967,0.18660947731205071,0.7721034662592173,1.5508830861922256,8.42034767771165,mu0.15_T0.02_s1,0.15,0.6265124658017047,1
0.02,0.02,6.029040816326531,4.363873550178649,0.020463751239931657,0.0636260028265341,0.053657686821382666,0.014531716315656603,0.18193677508932463,0.7653917430828595,1.6651672661478818,8.347533494682555,mu0.15_T0.02_s2,0.15,0.6305905708120694,2
0.02,0.02,5.92938775510204,4.3763258915345755,0.018886177772019293,0.06558169986132034,0.056290160866823334,0.01725730690872172,0.18816294576728762,0.7727540730213399,1.5530618635674642,8.213711446028858,mu0.15_T0.02_s3,0.15,0.6261182435262803,3
0.0005,0.0005,6.200530612244898,4.716472460817334,0.010760858040145383,0.129761204911985,0.09982978831052303,0.08661585422094162,0.35823623040866703,0.7238241845829155,1.484058151427564,10.811807908947195,mu0.1_T0.0005_s1,0.1,0.6562083132009177,1
0.0005,0.0005,6.26808163265306,4.677788438366151,0.012550975066863822,0.13570939204828902,0.10323956151070504,0.08858441774476257,0.3388942191830756,0.7313783606072658,1.5902931942869092,10.72873246929255,mu0.1_T0.0005_s2,0.1,0.6515105964547168,2
0.0005,0.0005,4.90704081632653,4.731879512195515,0.14839725903890807,0.2655611380386557,0.24076354932023322,0.15040443138868703,0.36593975609775714,0.8398795953056417,0.1751613041310156,8.829343225908309,mu0.1_T0.0005_s3,0.1,0.5869588304615674,3
0.001,0.001,5.765897959183674,4.192171170250167,0.03869005474762038,0.11768047619743768,0.11211289500857775,0.02522678783454707,0.09608558512508333,0.8609145950800379,1.5737267889335067,8.771238729424676,mu0.1_T0.001_s1,0.1,0.5743258258583891,1
0.001,0.001,5.771693877551021,4.192097497031204,0.03098721333308223,0.09585443760118739,0.08763629412304295,0.014536176730300563,0.09604874851560213,0.8284796887177425,1.579596380519817,9.007554949049354,mu0.1_T0.001_s2,0.1,0.5929872300900502,2
0.001,0.001,5.6781428571428565,4.204419274362217,0.02827050460198356,0.09927750433347836,0.09271022274894763,0.0292103867936059,0.10220963718110847,0.8267935316126701,1.4737235827806394,8.803442000778146,mu0.1_T0.001_s3,0.1,0.5939705550153278,3
0.003,0.003,5.904551020408162,4.251467507969198,0.029186337528385238,0.09654776070076466,0.08919733050733765,0.023723091720060867,0.12573375398459918,0.8084257673867918,1.6530835124389638,8.647181329052895,mu0.1_T0.003_s1,0.1,0.6047611373437803,1
0.003,0.003,5.857693877551021,4.252809760521475,0.02210294562434697,0.081956315856836,0.07115440942743484,0.020433137869128197,0.12640488026073765,0.7981131159620016,1.6048841170295454,8.548969873158983,mu0.1_T0.003_s2,0.1,0.6108816854568615,2
0.003,0.003,5.890673469387756,4.248071907830917,0.02316430408456695,0.08464505892672389,0.07961127397168082,0.026602896542882434,0.12403595391545849,0.8071746785850914,1.6426015615568392,8.355413817004747,mu0.1_T0.003_s3,0.1,0.6055012883239956,3
0.008,0.008,6.001734693877551,4.371731923001966,0.022486020107806415,0.06813711937989278,0.07009877991388633,0.01324993034988185,0.18586596150098295,0.7985846579357014,1.6300027708755849,8.402178002563254,mu0.1_T0.008_s1,0.1,0.610599793473117,1
0.008,0.008,5.999489795918368,4.368356666200237,0.022475854315423583,0.06125093362472193,0.0592767384423155,0.01057081765095455,0.18417833310011816,0.7856189604509713,1.6311331297181315,8.234961887853773,mu0.1_T0.008_s2,0.1,0.6183560194340356,2
0.008,0.008,5.994326530612245,4.36732766505567,0.020461204825695117,0.06099582285273826,0.06287797685579345,0.016166904298970834,0.18366383252783494,0.7898709280999155,1.6269988655565752,8.16341078197717,mu0.1_T0.008_s3,0.1,0.6158042488111092,3
0.02,0.02,6.05,4.542789918039952,0.016874723679883914,0.057238098659109914,0.04902331426973555,0.015831696463963346,0.2713949590199759,0.7627714750858289,1.5072100819600482,8.320932411187004,mu0.1_T0.02_s1,0.1,0.6321855529752952,1
0.02,0.02,6.0745510204081645,4.54742695831041,0.022052100760376704,0.06334574502192249,0.05957026950501165,0.01631974380718012,0.2737134791552052,0.7619408334265287,1.5271240620977542,8.019857269261802,mu0.1_T0.02_s2,0.1,0.6326939374482979,2
0.02,0.02,6.086775510204081,4.54264680804837,0.02244288347156947,0.06554920463896896,0.05443568439635873,0.014298153134550856,0.27132340402418514,0.7446717003528229,1.544128702155711,8.07498793688925,mu0.1_T0.02_s3,0.1,0.6432814190648566,3
0.0005,0.0005,5.798000000000001,4.4224083932295954,0.008700257807304022,0.12817064774693587,0.09664529820334268,0.08546463676947387,0.21120419661479758,0.7384962994894072,1.3755916067704055,11.311654383021628,mu0.2_T0.0005_s1,0.2,0.6471065345284758,1
0.0005,0.0005,5.008530612244898,4.48465233994344,0.06742682854256139,0.17763890808650515,0.15597346763811734,0.02892728741189043,0.24232616997172027,0.8446924701349202,0.5238782723014577,7.599004341604445,mu0.2_T0.0005_s2,0.2,0.5841064939706877,2
0.0005,0.0005,4.883918367346938,4.478308593958583,0.08167651530677579,0.19296505099793973,0.17248148867097404,0.014340761786476761,0.23915429697929155,0.8684561469497009,0.40560977338835524,7.012976331075382,mu0.2_T0.0005_s3,0.2,0.57008788609305,3
0.001,0.001,5.260102040816325,4.132468928866048,0.04132995271693284,0.13319446571274685,0.1255559192790676,0.04481669708399733,0.06623446443302401,0.8863316980589787,1.127633111950277,10.510502321022361,mu0.2_T0.001_s1,0.2,0.5600419026549857,1
0.001,0.001,5.209367346938776,4.12913708333122,0.04426311664601948,0.1327419132640523,0.12418985532551173,0.03851562861416154,0.06456854166560999,0.8941797783642309,1.0802302636075556,10.38166930188053,mu0.2_T0.001_s2,0.2,0.5556935967925677,2
0.001,0.001,5.269857142857143,4.139024480825674,0.0438219701789436,0.13727172257472117,0.13077806176587708,0.024197828039398423,0.06951224041283718,0.913434607517659,1.1308326620314686,10.444522411530892,mu0.2_T0.001_s3,0.2,0.5451493144178885,3
0.003,0.003,5.384020408163265,4.146106808932643,0.034603375476608994,0.11939167583959302,0.1149917432969194,0.04366075232631665,0.07305340446632169,0.874258736320965,1.2379135992306223,9.975862879058775,mu0.2_T0.003_s1,0.2,0.5667890492685521,1
0.003,0.003,5.370591836734695,4.146912732406882,0.0375961477632929,0.10874893115051715,0.10425939345908397,0.03481118312810466,0.07345636620344105,0.8717790758928647,1.2236791043278128,9.819230980828442,mu0.2_T0.003_s2,0.2,0.5681832931972621,2
0.003,0.003,5.398408163265307,4.150645075247845,0.038988552974718975,0.1258053169656778,0.1188383918309614,0.026099202196275068,0.07532253762392253,0.8807031718092299,1.2477630880174617,9.933314522407976,mu0.2_T0.003_s3,0.2,0.5631791223468142,3
0.008,0.008,5.605387755102042,4.190759865044139,0.023046725956762947,0.07835026198071138,0.07250297886601198,0.022030555888129504,0.09537993252206989,0.8401192653218207,1.4146278900579023,9.285030124772232,mu0.2_T0.008_s1,0.2,0.5862365242324291,1
0.008,0.008,5.52065306122449,4.196777143833612,0.027486844006833468,0.10155365778811454,0.09361620230012604,0.03279772806872712,0.09838857191680567,0.8490505867615998,1.323875917390878,9.366084324926478,mu0.2_T0.008_s2,0.2,0.5810974619007624,2
0.008,0.008,5.569734693877551,4.1866114081435075,0.029313067674609887,0.09518204475937514,0.09075933451585032,0.01786072800272691,0.09330570407175362,0.8384191624461126,1.3831232857340439,9.2714533101275,mu0.2_T0.008_s3,0.2,0.5872189116282561,3
0.02,0.02,5.780571428571428,4.285820557300697,0.016477189717859796,0.06556723531408608,0.06359783033751383,0.02042428652898129,0.14291027865034847,0.8097076624746924,1.494750871270731,8.63964088998336,mu0.2_T0.02_s1,0.2,0.6040030610108974,1
0.02,0.02,5.719326530612245,4.2808731831076114,0.021171143451284714,0.078051615537669,0.07104651308179091,0.030602751634401047,0.14043659155380553,0.7686609245886284,1.438453347504634,8.675490450743734,mu0.2_T0.02_s2,0.2,0.6286004262421728,2
0.02,0.02,5.752816326530612,4.285868977237158,0.021362849376909965,0.06670641555293104,0.06625707519887464,0.014620098471713444,0.14293448861857896,0.7823574548239512,1.466947349293454,8.393888717222016,mu0.2_T0.02_s3,0.2,0.6203163721158778,3
0.0005,0.0005,4.667693877551021,4.139709287864597,0.0514774529707448,0.15301869747344712,0.13894711537376758,0.03069653414768861,0.06985464393229858,0.932097723949482,0.5279845896864241,10.748891952749096,mu0.3_T0.0005_s1,0.3,0.5351369453575938,1
0.0005,0.0005,4.73834693877551,4.1244278563248775,0.0476472776137817,0.15285434487934693,0.13477329222775483,0.03302725061670585,0.06221392816243858,0.9272445676238747,0.6139190824506322,10.924649848949343,mu0.3_T0.0005_s2,0.3,0.5377418838584238,2
0.0005,0.0005,4.805000000000001,4.134504258749635,0.040103793778171144,0.14949490318867803,0.1330746209587158,0.04281998542206261,0.06725212937481759,0.9081657573238375,0.6704957412503658,11.455812326299414,mu0.3_T0.0005_s3,0.3,0.5480176500846287,3
0.001,0.001,4.79538775510204,4.1120565222325896,0.04450676563111654,0.14762730190859552,0.13701513614896918,0.0384225596725182,0.0560282611162946,0.9062568291395201,0.6833312328694507,11.343880960783874,mu0.3_T0.001_s1,0.3,0.549059372010869,1
0.001,0.001,4.7990204081632655,4.107729239112744,0.0461722950444156,0.15732134382239052,0.14369954731898402,0.034115816052579795,0.05386461955637169,0.8775591046949734,0.6912911690505217,11.229725544306163,mu0.3_T0.001_s2,0.3,0.5649378314886012,2
0.001,0.001,4.856244897959184,4.110779077432115,0.03970980446007309,0.1387766519744929,0.12305386045118154,0.04657914732753553,0.055389538716057334,0.8761312594948034,0.7454658205270688,11.386217156250034,mu0.3_T0.001_s3,0.3,0.5657385977772154,3
0.003,0.003,4.961408163265307,4.120496133867762,0.036953035306095824,0.1275039821825711,0.128354249369538,0.026322579447019833,0.0602480669338814,0.9148496900239518,0.8409120293975443,10.82945147946138,mu0.3_T0.003_s1,0.3,0.544382355803486,1
0.003,0.003,4.914367346938775,4.114438290523887,0.04376851624696983,0.1397565446135118,0.13422758665311996,0.029423674945423042,0.05721914526194353,0.8919575348897847,0.7999290564148875,10.883363405802609,mu0.3_T0.003_s2,0.3,0.5569225310247278,2
0.003,0.003,4.9666530612244895,4.114401389079238,0.035197786575758026,0.11873106607186865,0.11283374896458276,0.0364844853373039,0.05720069453961909,0.8809147091291477,0.8522516721452513,10.805218368785361,mu0.3_T0.003_s3,0.3,0.5630607551734109,3
0.008,0.008,5.14373469387755,4.1409797018468195,0.03133183626734414,0.10743920265729093,0.101448787503502,0.02490189442381549,0.07048985092340997,0.88842150801527,1.0027549920307308,9.93397238638877,mu0.3_T0.008_s1,0.3,0.558881592870649,1
0.008,0.008,5.1461632653061224,4.143158168351018,0.0319301297816386,0.12159588972910217,0.11172420014925279,0.030330085638201918,0.0715790841755092,0.8869213691290976,1.0030050969551043,10.109446064744269,mu0.3_T0.008_s2,0.3,0.5597146763655122,2
0.008,0.008,5.24165306122449,4.135093538513907,0.027607441668549518,0.09468348854832857,0.09462030564263926,0.033558412030939476,0.06754676925695328,0.8667210619230791,1.106559522710583,10.132331640443054,mu0.3_T0.008_s3,0.3,0.5710369672631909,3
0.02,0.02,5.420040816326529,4.191567878524623,0.026352844709267683,0.0885454091349131,0.07869013985362543,0.019329877142507612,0.09578393926231138,0.8264082281945213,1.2284729378019064,9.292291683651138,mu0.3_T0.02_s1,0.3,0.594196140674838,1
0.02,0.02,5.361367346938775,4.203569611245903,0.029295635983112175,0.08955637462382013,0.0866737082726754,0.022367611926173408,0.10178480562295132,0.847807574697598,1.1577977356928724,9.286590835059007,mu0.3_T0.02_s2,0.3,0.581812076371914,2
0.02,0.02,5.499040816326532,4.193505030717357,0.0262950482642768,0.09293391890212627,0.08641858191249761,0.026078957172261982,0.09675251535867828,0.8287944834006771,1.305535785609175,9.341614499438723,mu0.3_T0.02_s3,0.3,0.5928055088997892,3
0.001,0.001,4.629061728395061,4.0861532575744945,0.049376370070310906,0.1368081949104722,0.12748463301535606,0.043361020363071615,0.043076628787247294,0.9024208216446065,0.5429084708205663,11.694325074437995,mu0.4_T0.001_s1,0.4,0.5511588377122547,1
0.001,0.001,4.4626419753086415,4.098384241503224,0.048367442359300926,0.1440715768366946,0.12882393283805615,0.03016006492294497,0.04919212075161172,0.9087881894438962,0.3642577338054176,11.78404110239674,mu0.4_T0.001_s2,0.4,0.5476778189217416,2
0.001,0.001,4.440913580246915,4.103768436002593,0.045535321599940407,0.1264451311220641,0.12344118755451455,0.020879281933924593,0.05188421800129654,0.9142551135916608,0.33714514424432185,11.997287070837066,mu0.4_T0.001_s3,0.4,0.5447049611470426,3
0.003,0.003,4.702432098765433,4.0950343272637975,0.04552879108118336,0.12312501555459353,0.11910036799447633,0.038968382730639455,0.04751716363189892,0.9176682127452161,0.6073977715016357,11.331955221499907,mu0.4_T0.003_s1,0.4,0.5428566884445448,1
0.003,0.003,4.5916049382716055,4.106175080303479,0.04099395071623564,0.12116842446804188,0.1180569415553622,0.02236931770966066,0.053087540151739394,0.9234736332174404,0.48542985796812665,10.990405010997831,mu0.4_T0.003_s2,0.4,0.5397254853253295,2
0.003,0.003,4.657641975308642,4.099980261417654,0.033323736162286975,0.11551093290101877,0.11524727262008698,0.035712471069254285,0.04999013070882711,0.9369395010007708,0.5576617138909876,11.08855836782366,mu0.4_T0.003_s3,0.4,0.5325234824614231,3
0.008,0.008,4.8789135802469135,4.1167413064930365,0.036084989153335224,0.11540086033646836,0.10760528369607296,0.023680618332011183,0.05837065324651813,0.9273700516487925,0.762172273753877,10.840671416640362,mu0.4_T0.008_s1,0.4,0.5376327281365098,1
0.008,0.008,4.76183950617284,4.127919873912706,0.031150964815194786,0.10459955274827384,0.09856554189046147,0.03501015519041828,0.06395993695635302,0.9065261048028779,0.6339196322601337,10.591782781557088,mu0.4_T0.008_s2,0.4,0.5489139528790221,2
0.008,0.008,4.802654320987655,4.127848597795264,0.02933038072132275,0.11350941240813722,0.10103851627676834,0.041791574294503975,0.06392429889763217,0.9256288988076715,0.6748057231923905,10.680687517741491,mu0.4_T0.008_s3,0.4,0.5385664825708822,3
0.0005,0.0005,4.232163265306123,4.094315782074445,0.047146124198757786,0.14681073831892677,0.1326865847931911,0.045693768558471064,0.04715789103722259,0.8975123399827231,0.13784748323167761,12.759176660458905,mu0.5_T0.0005_s1,0.5,0.5538554244132324,1
0.0005,0.0005,4.281816326530612,4.097625035979115,0.04625319449410762,0.14758955949586441,0.14298243185025403,0.0282744521520713,0.04881251798955738,0.8757240793884321,0.18419129055149774,12.03415311380291,mu0.5_T0.0005_s2,0.5,0.5659667635753826,2
0.0005,0.0005,4.192224489795919,4.1007067745419725,0.04587591157615089,0.17187437706234263,0.15306928473610176,0.04368539344075695,0.05035338727098633,0.8760836048364965,0.09151771525394636,12.003215436812624,mu0.5_T0.0005_s3,0.5,0.5657650125514878,3
0.001,0.001,4.258081632653061,4.085855879449691,0.038509924107849425,0.12339457358648563,0.11744550264167809,0.04823439819827205,0.04292793972484581,0.8950957684773359,0.17222575320336997,12.399873239485714,mu0.5_T0.001_s1,0.5,0.5551887815606681,1
0.001,0.001,4.284632653061225,4.088499522717216,0.047325670129332656,0.1527419845527069,0.14273616177851176,0.02889964119457493,0.04424976135860783,0.9325918883939138,0.19613313034400903,11.921205262197766,mu0.5_T0.001_s2,0.5,0.5348397760316341,2
0.001,0.001,4.199265306122449,4.086991651615186,0.041976340038836074,0.14395627774700467,0.13437611190176071,0.02901890957408713,0.0434958258075931,0.8787936518992415,0.11227365450726268,12.386468935441288,mu0.5_T0.001_s3,0.5,0.5642470089553859,3
0.003,0.003,4.405612244897959,4.080510992398447,0.041709139150749135,0.137594250557988,0.12643883085793178,0.033320777194795245,0.04025549619922384,0.8954121551413502,0.32510125249951205,12.231102708822613,mu0.5_T0.003_s1,0.5,0.5550143560855352,1
0.003,0.003,4.409673469387755,4.082016823740177,0.046724550692316236,0.1472276976311142,0.13757923860371005,0.027581480058603777,0.04100841187008841,0.8926150854962095,0.32765664564757824,11.606532027752888,mu0.5_T0.003_s2,0.5,0.556558763901573,2
0.003,0.003,4.367142857142857,4.094502750714539,0.03749951783358171,0.13704743885181417,0.13310682908207175,0.03360029640765528,0.047251375357269386,0.9189628684761,0.2726401064283186,11.415630737753895,mu0.5_T0.003_s3,0.5,0.5421584747934216,3
0.008,0.008,4.617999999999999,4.101792052084707,0.036034480534324315,0.10719334293348375,0.1082371051481897,0.03599542238425705,0.05089602604235323,0.8888188888676127,0.5162079479152926,11.429572090403628,mu0.5_T0.008_s1,0.5,0.5586621901842049,1
0.008,0.008,4.553367346938775,4.105674449012858,0.03831322774803616,0.12640203103990116,0.11831642561724816,0.024985804102383026,0.05283722450642898,0.9092710993456303,0.4476928979259176,11.012652536721868,mu0.5_T0.008_s2,0.5,0.5474155759058642,2
0.008,0.008,4.527142857142858,4.109961504481041,0.03646720135528264,0.12103255043714171,0.11971428581840128,0.022147169334275775,0.0549807522405205,0.9178809267075088,0.41718135266181644,11.051626213162038,mu0.5_T0.008_s3,0.5,0.5427428712749535,3
0.02,0.02,4.913755102040816,4.131413120111597,0.024100448064076255,0.10123366275246999,0.09871131510372927,0.03216690466115463,0.06570656005579847,0.8997622503253974,0.7823419819292186,10.50192994953367,mu0.5_T0.02_s1,0.5,0.5526197877924514,1
0.02,0.02,4.844755102040816,4.134778917805086,0.02882943268378098,0.10566914106189045,0.10943068256078645,0.02339939874166367,0.06738945890254298,0.902761198273742,0.70997618423573,10.439906293443473,mu0.5_T0.02_s2,0.5,0.5509734806454788,2
0.02,0.02,4.820591836734694,4.14474294461456,0.030871427458413,0.11471076859579417,0.11068105919581163,0.029247799397788016,0.07237147230728001,0.8941091897543483,0.6758488921201344,9.903079955757038,mu0.5_T0.02_s3,0.5,0.5557357431172545,3
0.001,0.001,4.213148148148148,4.072780053807542,0.04635326664128278,0.14443336835529189,0.1342133188754182,0.037362198405748996,0.036390026903770925,0.8717406807254937,0.14036809434060604,12.572641065085232,mu0.6_T0.001_s1,0.6,0.568205040051733,1
0.001,0.001,3.989925925925926,4.0801828363001835,0.04510753068274896,0.12607082778988407,0.12629770315699018,0.02092869089729788,0.040091418150091776,0.8937450102813733,-0.09025691037425743,12.117785265175561,mu0.6_T0.001_s2,0.6,0.5559366284776344,2
0.001,0.001,4.133666666666667,4.075482208255505,0.04240724061347603,0.14420027365832344,0.1352900074257576,0.028958403417853704,0.037741104127752695,0.9147338854070572,0.058184458411161266,12.26902714147374,mu0.6_T0.001_s3,0.6,0.5444512693955067,3
0.003,0.003,4.301061728395061,4.076683310394984,0.047396218951804986,0.1357151262617106,0.13137454183907088,0.028165827371384986,0.03834165519749223,0.9152116542319103,0.22437841800007696,12.083617308790082,mu0.6_T0.003_s1,0.6,0.5441867932830948,1
0.003,0.003,4.095308641975309,4.07903613286427,0.04614596034319125,0.14687518696718588,0.1388498546135907,0.03042465441756658,0.03951806643213491,0.8958606784828318,0.016272509111038502,11.71304914515827,mu0.6_T0.003_s2,0.6,0.5547678339415898,2
0.003,0.003,4.317543209876543,4.07098031882235,0.0352521984035235,0.12859144316477522,0.1225293253972524,0.027735992199341516,0.035490159411175004,0.9176793938102956,0.24656289105419305,11.776471521092425,mu0.6_T0.003_s3,0.6,0.5428518168921841,3
0.008,0.008,4.466987654320988,4.091724440502667,0.03754630695257886,0.11902356443326838,0.11825494492316836,0.03075106934128176,0.04586222025133356,0.8925056956075219,0.37526321381832073,11.350994576419367,mu0.6_T0.008_s1,0.6,0.5566213501003314,1
0.008,0.008,4.286246913580246,4.1038521045027725,0.040284823077059224,0.11775608091855153,0.12344823189424971,0.025890917361459608,0.05192605225138618,0.9380666192835982,0.18239480907747385,11.09724387463568,mu0.6_T0.008_s2,0.6,0.5319285136586037,2
0.008,0.008,4.485074074074074,4.092039085762223,0.03607486452439496,0.11799955575451933,0.1257925427300945,0.022323080871574714,0.04601954288111134,0.9576369428716758,0.39303498831185113,11.219562851696804,mu0.6_T0.008_s3,0.6,0.5216327511530806,3
0.001,0.001,3.9943827160493828,4.049800199304332,0.03831751179450375,0.1351891622162613,0.13721438230980207,0.027794731825394308,0.02490009965216637,0.9137189663052941,-0.05541748325494966,12.424254729922634,mu0.8_T0.001_s1,0.8,0.5449969637635684,1
0.001,0.001,3.9612839506172843,4.0567231042398815,0.0557428538084029,0.14832888679213163,0.14500781829901688,0.019373032664771715,0.02836155211994073,0.8740057271354874,-0.09543915362259714,12.902084754899494,mu0.8_T0.001_s2,0.8,0.5669325237887158,2
0.001,0.001,3.8543703703703707,4.050576041329887,0.041049403319652046,0.13372885163062226,0.12377974298801997,0.021908089852853502,0.025288020664943428,0.9104897564667309,-0.1962056709595159,12.667032537427739,mu0.8_T0.001_s3,0.8,0.546755361839338,3
0.003,0.003,4.032407407407407,4.0578507873190865,0.035112614571173484,0.12653308663009338,0.12513972013474556,0.033942092350536246,0.028925393659543407,0.9024558064543661,-0.02544337991167911,12.501765617951381,mu0.8_T0.003_s1,0.8,0.551141028487856,1
0.003,0.003,3.9491234567901246,4.062642445371739,0.04272336425143683,0.13744751146270157,0.12716965787910434,0.024245633728277444,0.031321222685869364,0.8939106457820762,-0.11351898858161436,12.688054070030011,mu0.8_T0.003_s2,0.8,0.5558440095440189,2
0.003,0.003,4.059592592592593,4.062018880597457,0.043918494356870265,0.12464708731983162,0.12537516958924602,0.026555789899231123,0.031009440298728735,0.9096040977406747,-0.002426288004864219,11.9982428073752,mu0.8_T0.003_s3,0.8,0.5472347592333792,3
0.008,0.008,4.183358024691358,4.070611377598669,0.04564079009136773,0.12782088280003537,0.1253202480446699,0.013720065453660267,0.03530568879933477,0.9249676626989914,0.11274664709268922,11.538118847136435,mu0.8_T0.008_s1,0.8,0.5389218200679141,1
0.008,0.008,4.08604938271605,4.07843941657295,0.040635206090863886,0.11860140951203306,0.11738853697750959,0.01706074792364718,0.03921970828647505,0.9048413024698397,0.007609966143100166,11.672439132339207,mu0.8_T0.008_s2,0.8,0.5498366882476614,2
0.008,0.008,4.137913580246914,4.071987076418742,0.043889047925095855,0.14080301994869,0.13772840227247676,0.021993483505401656,0.03599353820937083,0.9366930968717445,0.06592650382817222,11.842462516785297,mu0.8_T0.008_s3,0.8,0.5326563872704027,3
0.0005,0.0005,3.8352244897959182,4.046178429401625,0.05184624667456657,0.15248098190590142,0.13466270387443904,0.02901451784190077,0.023089214700812464,0.8204187038285751,-0.21095393960570652,12.782719968385761,mu1.0_T0.0005_s1,1.0,0.5976987784488645,1
0.0005,0.0005,3.8760408163265305,4.0369353581614815,0.05243712186696997,0.14077957878745362,0.13418199832205982,0.021608655157103446,0.018467679080740894,0.8778709545176216,-0.160894541834951,12.572351545225807,mu1.0_T0.0005_s2,1.0,0.5647635763731466,2
0.0005,0.0005,3.8996734693877553,4.051498793912226,0.0425991585961549,0.13561659437468404,0.12844301580174014,0.02870835155927121,0.025749396956113006,0.871184560744509,-0.15182532452447095,12.749245181534638,mu1.0_T0.0005_s3,1.0,0.5685236764425785,3
0.001,0.001,3.8031224489795914,4.042283070642286,0.04335550361792109,0.14737537196947792,0.1344738851570138,0.035104876191308726,0.021141535321142938,0.8676828439087731,-0.2391606216626947,13.224820789110375,mu1.0_T0.001_s1,1.0,0.5704954603386028,1
0.001,0.001,3.8868163265306124,4.040148187183458,0.051195340455323465,0.1547480802342329,0.14438707630271208,0.020444681195738952,0.020074093591729354,0.8598919942534551,-0.15333186065284599,12.70722710968005,mu1.0_T0.001_s2,1.0,0.5749077595633133,2
0.001,0.001,3.7906530612244898,4.044383718572121,0.04563353022442928,0.121623995025231,0.1197811362323093,0.027835677708701184,0.022191859286060215,0.8875524877029658,-0.253730657347631,12.872049354358696,mu1.0_T0.001_s3,1.0,0.5593640542649657,3
0.003,0.003,3.932897959183674,4.045123356071903,0.05234545922314094,0.14547161939576317,0.140294514227095,0.021406157133938154,0.02256167803595142,0.8499183981226328,-0.11222539688822897,12.320628908048079,mu1.0_T0.003_s1,1.0,0.5806020016644518,1
0.003,0.003,3.8757346938775514,4.0469725086227815,0.043551859421342896,0.13136182079826375,0.12212688245979328,0.023220831150545292,0.02348625431139079,0.8637789986896393,-0.17123781474523003,12.371179329519979,mu1.0_T0.003_s2,1.0,0.5727061136767362,2
0.003,0.003,3.9571020408163267,4.048220612170347,0.047805968806094834,0.14202609618096793,0.13692431836119728,0.024372742846005616,0.024110306085173658,0.8697819692778158,-0.09111857135402035,12.04372552203859,mu1.0_T0.003_s3,1.0,0.5693104016100916,3
0.008,0.008,3.9283877551020403,4.063669621782077,0.04231809156109027,0.12070118620953875,0.11656647150000818,0.019795963343143066,0.031834810891038734,0.9137650655769731,-0.13528186668003706,12.219880771758772,mu1.0_T0.008_s1,1.0,0.544973198399992,1
0.008,0.008,4.121918367346939,4.05647613550052,0.04950290781510977,0.12467321072259056,0.1276448311449248,0.01161675596225693,0.02823806775025989,0.9332293348051445,0.06544223184641851,11.273971404162431,mu1.0_T0.008_s2,1.0,0.5345009624335298,2
0.008,0.008,3.865836734693878,4.063886054014139,0.040107001252183444,0.12001918956253138,0.10627202825524586,0.021147760941148494,0.0319430270070694,0.8912956904817163,-0.19804931932026104,12.6028004628671,mu1.0_T0.008_s3,1.0,0.5572914944563002,3
0.02,0.02,4.256020408163265,4.083160352659746,0.03916134303591752,0.12188111704792823,0.12290215989495086,0.022131502244286092,0.041580176329872945,0.9239064577226402,0.17286005550351913,10.809557016890851,mu1.0_T0.02_s1,1.0,0.5394976887629676,1
0.02,0.02,4.303979591836735,4.081248565249926,0.043408956726793436,0.12696124908025191,0.12850852655770906,0.02005012063570625,0.04062428262496321,0.9415798198163198,0.22273102658680877,10.413302002493813,mu1.0_T0.02_s2,1.0,0.5300821675185226,2
0.02,0.02,4.206244897959183,4.077031968478399,0.0423761187679586,0.11012498140748771,0.10764089650463769,0.01094146752339881,0.038515984239199524,0.8921644299435034,0.12921292948078467,11.549955968993155,mu1.0_T0.02_s3,1.0,0.5568120066438423,3
0.001,0.001,3.7511358024691357,4.027224312658148,0.055519785969420754,0.15561591064821143,0.1457175319943858,0.024932416621086827,0.013612156329074025,0.8552325510179903,-0.27608851018901204,12.966136743783835,mu1.5_T0.001_s1,1.5,0.5775642773721478,1
0.001,0.001,3.721246913580247,4.030051087481587,0.04622161089836101,0.13396399255027117,0.1285769145364497,0.021347340122265374,0.015025543740793477,0.8586330738123628,-0.30880417390133985,13.068099950031177,mu1.5_T0.001_s2,1.5,0.5756289005073685,2
0.001,0.001,3.7331358024691355,4.032107628025582,0.0510186844909581,0.14234194294313937,0.14092222350612282,0.019755142645700132,0.016053814012790664,0.8601518554481262,-0.2989718255564462,12.23351184527679,mu1.5_T0.001_s3,1.5,0.5747634896921945,3
0.003,0.003,3.818407407407408,4.0301054669839,0.057781259585631496,0.15406002751223696,0.1478028246766348,0.01795368725468478,0.015052733491950278,0.8514582287738146,-0.21169805957649235,12.987050470355342,mu1.5_T0.003_s1,1.5,0.5797187813296563,1
0.003,0.003,3.7624444444444447,4.033560458265658,0.04487285863474756,0.1063631787568383,0.10656618241188391,0.013310707773964137,0.016780229132829137,0.847836044554392,-0.2711160138212132,12.694284212609729,mu1.5_T0.003_s2,1.5,0.5817961631885591,2
0.003,0.003,3.8054691358024693,4.0311330155646825,0.037822035500914515,0.11912261831819737,0.11273571222485367,0.023865147381844865,0.015566507782341128,0.9048082476443872,-0.22566387976221325,12.67343753256361,mu1.5_T0.003_s3,1.5,0.5498562751733584,3
0.008,0.008,3.940827160493827,4.038455483649922,0.05370057559612572,0.13651660268906235,0.13791641330156565,0.023120432699135694,0.019227741824960707,0.8854023623251023,-0.0976283231560946,12.168060155080688,mu1.5_T0.008_s1,1.5,0.5605630442034082,1
0.008,0.008,3.858518518518519,4.0370356973359565,0.046375784989936664,0.13107590383320214,0.1234017887443047,0.020209696375606625,0.01851784866797804,0.872779487484016,-0.17851717881743756,12.533056405843325,mu1.5_T0.008_s2,1.5,0.5676230346818127,2
0.008,0.008,3.812123456790123,4.041029774358585,0.04100349626889175,0.12015504533370634,0.11580915132745977,0.020433323329701703,0.020514887179292552,0.9070639188973916,-0.22890631756846203,12.11506324605379,mu1.5_T0.008_s3,1.5,0.5486205268499355,3
0.001,0.001,3.8232469135802467,4.0184306322478625,0.058266585468872485,0.17124496297530836,0.1637167175795936,0.02106673209035953,0.009215316123931375,0.884645282195112,-0.19518371866761575,12.223097611834756,mu2.0_T0.001_s1,2.0,0.5609821044883094,1
0.001,0.001,3.6554197530864196,4.018541299118941,0.057095837279203886,0.14338186413877216,0.14120702529568002,0.025378099648492167,0.009270649559470713,0.8534444442051335,-0.36312154603252145,12.855369068868292,mu2.0_T0.001_s2,2.0,0.5785840870774638,2
0.001,0.001,3.726703703703704,4.023626980453277,0.053868739678997656,0.1408988058757953,0.1304702967095344,0.01597574939212255,0.01181349022663834,0.8595382668590167,-0.2969232767495731,12.967829338357669,mu2.0_T0.001_s3,2.0,0.5751133224450753,3
0.003,0.003,3.7032098765432098,4.021029864371602,0.04849220145875511,0.13126846042705703,0.1250155286892436,0.018314839452798177,0.010514932185801087,0.834091277981649,-0.3178199878283925,12.759155738754473,mu2.0_T0.003_s1,2.0,0.5897301162462584,1
0.003,0.003,3.6903456790123457,4.021041776123075,0.05137755176309758,0.130182786405114,0.13141160220953663,0.023987971623925877,0.010520888061537094,0.8712296300252426,-0.3306960971107289,12.731892256338586,mu2.0_T0.003_s2,2.0,0.5684950198986568,2
0.003,0.003,3.6958765432098772,4.0225590070382,0.0530590431533624,0.14233703701563136,0.128263926434387,0.022912706685222425,0.011279503519099827,0.8756506745122803,-0.32668246382832233,12.970661150273381,mu2.0_T0.003_s3,2.0,0.5660170896351924,3
0.008,0.008,3.7827654320987656,4.028918636510329,0.05624265593871917,0.13399381456301207,0.12782062975515662,0.01834013287790508,0.014459318255164388,0.8911857535758854,-0.2461532044115633,12.854914565820811,mu2.0_T0.008_s1,2.0,0.5573520484846666,1
0.008,0.008,3.762333333333333,4.029254605110467,0.04157919625044744,0.10786168520496356,0.11224705549356298,0.011278061844870175,0.014627302555233665,0.8773259704223454,-0.26692127177713454,12.527116071438783,mu2.0_T0.008_s2,2.0,0.5650742379679872,2
0.008,0.008,3.8155802469135804,4.029581192680981,0.04353847139975955,0.13483977632406657,0.14164462208894052,0.026157002795888406,0.014790596340490526,0.9259721950401967,-0.21400094576740036,11.970432125724818,mu2.0_T0.008_s3,2.0,0.5383847700322859,3
